part_number,name_he,name_en,manufacturer,category,side,part_type,notes,is_active,cross_refs,fitments
17220-5AA-A00,מסנן אוויר — הונדה CIVIC,מסנן אוויר,Honda,מנוע / סינון,,air_filter,"מק""ט מקורי, רמת דגם. מקור: קטלוג ראשי (AUTODOC).",1,OEM:17220-5AA-A00:Honda,הונדה:CIVIC:2016:2022
80291-TF3-E01,מסנן מזגן — הונדה CIVIC,מסנן מזגן,Honda,מנוע / סינון,,cabin_filter,"מק""ט מקורי, רמת דגם. מקור: קטלוג ראשי (AUTODOC).",1,OEM:80291-TF3-E01:Honda,הונדה:CIVIC:2016:2022
15400-PH1-F04,מסנן שמן — הונדה CIVIC,מסנן שמן,Honda,מנוע / סינון,,oil_filter,"מק""ט מקורי, רמת דגם. מקור: קטלוג ראשי (AUTODOC).",1,OEM:15400-PH1-F04:Honda,הונדה:CIVIC:2016:2022
4351202250,מסנן אוויר — טויוטה AURIS,מסנן אוויר,Toyota,מנוע / סינון,,air_filter,"מק""ט מקורי, רמת דגם. מקור: קטלוג ראשי (AUTODOC).",1,OEM:4351202250:Toyota,טויוטה:AURIS:2012:2019
4351206140,מסנן אוויר — טויוטה AURIS,מסנן אוויר,Toyota,מנוע / סינון,,air_filter,"מק""ט מקורי, רמת דגם. מקור: קטלוג ראשי (AUTODOC).",1,OEM:4351206140:Toyota,טויוטה:AURIS:2012:2019
4351233130,מסנן אוויר — טויוטה AURIS,מסנן אוויר,Toyota,מנוע / סינון,,air_filter,"מק""ט מקורי, רמת דגם. מקור: קטלוג ראשי (AUTODOC).",1,OEM:4351233130:Toyota,טויוטה:AURIS:2012:2019
4351233140,מסנן אוויר — טויוטה AURIS,מסנן אוויר,Toyota,מנוע / סינון,,air_filter,"מק""ט מקורי, רמת דגם. מקור: קטלוג ראשי (AUTODOC).",1,OEM:4351233140:Toyota,טויוטה:AURIS:2012:2019
4351242050,מסנן אוויר — טויוטה AURIS,מסנן אוויר,Toyota,מנוע / סינון,,air_filter,"מק""ט מקורי, רמת דגם. מקור: קטלוג ראשי (AUTODOC).",1,OEM:4351242050:Toyota,טויוטה:AURIS:2012:2019
4351242100,מסנן אוויר — טויוטה AURIS,מסנן אוויר,Toyota,מנוע / סינון,,air_filter,"מק""ט מקורי, רמת דגם. מקור: קטלוג ראשי (AUTODOC).",1,OEM:4351242100:Toyota,טויוטה:AURIS:2012:2019
43512-02250,דיסק בלם קדמי — טויוטה AURIS,דיסק בלם קדמי,Toyota,בלמים,,brake_disc_front,"מק""ט מקורי, רמת דגם. מקור: קטלוג ראשי (AUTODOC).",1,OEM:43512-02250:Toyota,טויוטה:AURIS:2012:2019
43512-06090,דיסק בלם קדמי — טויוטה AURIS,דיסק בלם קדמי,Toyota,בלמים,,brake_disc_front,"מק""ט מקורי, רמת דגם. מקור: קטלוג ראשי (AUTODOC).",1,OEM:43512-06090:Toyota,טויוטה:AURIS:2012:2019
43512-06100,דיסק בלם קדמי — טויוטה AURIS,דיסק בלם קדמי,Toyota,בלמים,,brake_disc_front,"מק""ט מקורי, רמת דגם. מקור: קטלוג ראשי (AUTODOC).",1,OEM:43512-06100:Toyota,טויוטה:AURIS:2012:2019
43512-06150,דיסק בלם קדמי — טויוטה AURIS,דיסק בלם קדמי,Toyota,בלמים,,brake_disc_front,"מק""ט מקורי, רמת דגם. מקור: קטלוג ראשי (AUTODOC).",1,OEM:43512-06150:Toyota,טויוטה:AURIS:2012:2019
43512-0R020,דיסק בלם קדמי — טויוטה AURIS,דיסק בלם קדמי,Toyota,בלמים,,brake_disc_front,"מק""ט מקורי, רמת דגם. מקור: קטלוג ראשי (AUTODOC).",1,OEM:43512-0R020:Toyota,טויוטה:AURIS:2012:2019
43512-42100,דיסק בלם קדמי — טויוטה AURIS,דיסק בלם קדמי,Toyota,בלמים,,brake_disc_front,"מק""ט מקורי, רמת דגם. מקור: קטלוג ראשי (AUTODOC).",1,OEM:43512-42100:Toyota,טויוטה:AURIS:2012:2019
0446502230,רפידות בלם קדמיות — טויוטה AURIS,רפידות בלם קדמיות,Toyota,בלמים,,brake_pads_front,"מק""ט מקורי, רמת דגם. מקור: קטלוג ראשי (AUTODOC).",1,OEM:0446502230:Toyota,טויוטה:AURIS:2012:2019
044650R031,רפידות בלם קדמיות — טויוטה AURIS,רפידות בלם קדמיות,Toyota,בלמים,,brake_pads_front,"מק""ט מקורי, רמת דגם. מקור: קטלוג ראשי (AUTODOC).",1,OEM:044650R031:Toyota,טויוטה:AURIS:2012:2019
0446542140,רפידות בלם קדמיות — טויוטה AURIS,רפידות בלם קדמיות,Toyota,בלמים,,brake_pads_front,"מק""ט מקורי, רמת דגם. מקור: קטלוג ראשי (AUTODOC).",1,OEM:0446542140:Toyota,טויוטה:AURIS:2012:2019
0446542180,רפידות בלם קדמיות — טויוטה AURIS,רפידות בלם קדמיות,Toyota,בלמים,,brake_pads_front,"מק""ט מקורי, רמת דגם. מקור: קטלוג ראשי (AUTODOC).",1,OEM:0446542180:Toyota,טויוטה:AURIS:2012:2019
0446542190,רפידות בלם קדמיות — טויוטה AURIS,רפידות בלם קדמיות,Toyota,בלמים,,brake_pads_front,"מק""ט מקורי, רמת דגם. מקור: קטלוג ראשי (AUTODOC).",1,OEM:0446542190:Toyota,טויוטה:AURIS:2012:2019
04465YZZDY,רפידות בלם קדמיות — טויוטה AURIS,רפידות בלם קדמיות,Toyota,בלמים,,brake_pads_front,"מק""ט מקורי, רמת דגם. מקור: קטלוג ראשי (AUTODOC).",1,OEM:04465YZZDY:Toyota,טויוטה:AURIS:2012:2019
87139-02020,מסנן מזגן — טויוטה AURIS,מסנן מזגן,Toyota,מנוע / סינון,,cabin_filter,"מק""ט מקורי, רמת דגם. מקור: קטלוג ראשי (AUTODOC).",1,OEM:87139-02020:Toyota,טויוטה:AURIS:2012:2019
87139-0D070,מסנן מזגן — טויוטה AURIS,מסנן מזגן,Toyota,מנוע / סינון,,cabin_filter,"מק""ט מקורי, רמת דגם. מקור: קטלוג ראשי (AUTODOC).",1,OEM:87139-0D070:Toyota,טויוטה:AURIS:2012:2019
87139-0K010,מסנן מזגן — טויוטה AURIS,מסנן מזגן,Toyota,מנוע / סינון,,cabin_filter,"מק""ט מקורי, רמת דגם. מקור: קטלוג ראשי (AUTODOC).",1,OEM:87139-0K010:Toyota,טויוטה:AURIS:2012:2019
87139-52040,מסנן מזגן — טויוטה AURIS,מסנן מזגן,Toyota,מנוע / סינון,,cabin_filter,"מק""ט מקורי, רמת רכב (מספר שלדה). מקור: קטלוג ראשי (AUTODOC), PartSouq · קטלוג היצרן. https://partsouq.com/en/catalog/toyota/diagram/NA/2015/RAV4-JPP/ASA44L-ANTGKA/category/4/diagram/8714/vin/JTMBFREV50J063539",1,OEM:87139-52040:Toyota,טויוטה:AURIS:2012:2019; טויוטה:RAV4:2015:2015:2AR-FE 2.5
87139-YZZ16,מסנן מזגן — טויוטה AURIS,מסנן מזגן,Toyota,מנוע / סינון,,cabin_filter,"מק""ט מקורי, רמת דגם. מקור: קטלוג ראשי (AUTODOC).",1,OEM:87139-YZZ16:Toyota,טויוטה:AURIS:2012:2019
87139-YZZ30,מסנן מזגן — טויוטה AURIS,מסנן מזגן,Toyota,מנוע / סינון,,cabin_filter,"מק""ט מקורי, רמת דגם. מקור: קטלוג ראשי (AUTODOC).",1,OEM:87139-YZZ30:Toyota,טויוטה:AURIS:2012:2019
90919-01253,מצת — טויוטה AURIS,מצת,Toyota,הצתה,,spark_plug,"מק""ט מקורי, רמת דגם. מקור: קטלוג ראשי (AUTODOC), toyotapartsdeal.com. https://www.toyotapartsdeal.com/oem-toyota-corolla-spark_plug.html",1,OEM:90919-01253:Toyota,טויוטה:AURIS:2012:2019; טויוטה:COROLLA:2009:2016:1.8 / 2.4
B0 007 544 80,מסנן אוויר — טויוטה AYGO,מסנן אוויר,Toyota,מנוע / סינון,,air_filter,"מק""ט מקורי, רמת דגם. מקור: קטלוג ראשי (AUTODOC).",1,OEM:B0 007 544 80:Toyota,טויוטה:AYGO:2014:2022
04465-0H020,רפידות בלם קדמיות — טויוטה AYGO,רפידות בלם קדמיות,Toyota,בלמים,,brake_pads_front,"מק""ט מקורי, רמת דגם. מקור: קטלוג ראשי (AUTODOC).",1,OEM:04465-0H020:Toyota,טויוטה:AYGO:2014:2022
04465-0H030,רפידות בלם קדמיות — טויוטה AYGO,רפידות בלם קדמיות,Toyota,בלמים,,brake_pads_front,"מק""ט מקורי, רמת דגם. מקור: קטלוג ראשי (AUTODOC).",1,OEM:04465-0H030:Toyota,טויוטה:AYGO:2014:2022
87139YZZ46,מסנן מזגן — טויוטה AYGO,מסנן מזגן,Toyota,מנוע / סינון,,cabin_filter,"מק""ט מקורי, רמת דגם. מקור: קטלוג ראשי (AUTODOC).",1,OEM:87139YZZ46:Toyota,טויוטה:AYGO:2014:2022
88508YV010,מסנן מזגן — טויוטה AYGO,מסנן מזגן,Toyota,מנוע / סינון,,cabin_filter,"מק""ט מקורי, רמת דגם. מקור: קטלוג ראשי (AUTODOC).",1,OEM:88508YV010:Toyota,טויוטה:AYGO:2014:2022
B000975480,מסנן מזגן — טויוטה AYGO,מסנן מזגן,Peugeot,מנוע / סינון,,cabin_filter,"מק""ט מקורי, רמת דגם. מקור: קטלוג ראשי (AUTODOC).",1,OEM:B000975480:Peugeot,טויוטה:AYGO:2014:2022
B0009775480,מסנן מזגן — טויוטה AYGO,מסנן מזגן,Citroen,מנוע / סינון,,cabin_filter,"מק""ט מקורי, רמת דגם. מקור: קטלוג ראשי (AUTODOC).",1,OEM:B0009775480:Citroen,טויוטה:AYGO:2014:2022
1109.AL,מסנן שמן — טויוטה AYGO,מסנן שמן,Peugeot,מנוע / סינון,,oil_filter,"מק""ט מקורי, רמת דגם. מקור: קטלוג ראשי (AUTODOC).",1,OEM:1109.AL:Peugeot,טויוטה:AYGO:2014:2022
90048-51189-000,מצת — טויוטה AYGO,מצת,Toyota,הצתה,,spark_plug,"מק""ט מקורי, רמת דגם. מקור: קטלוג ראשי (AUTODOC).",1,OEM:90048-51189-000:Toyota,טויוטה:AYGO:2014:2022
A0041592503,מצת — טויוטה AYGO,מצת,Toyota,הצתה,,spark_plug,"מק""ט מקורי, רמת דגם. מקור: קטלוג ראשי (AUTODOC).",1,OEM:A0041592503:Toyota,טויוטה:AYGO:2014:2022
16 124 967 80,מסנן אוויר — טויוטה C-HR,מסנן אוויר,Citroen,מנוע / סינון,,air_filter,"מק""ט מקורי, רמת דגם. מקור: קטלוג ראשי (AUTODOC).",1,OEM:16 124 967 80:Citroen,טויוטה:C-HR:2016:2026
16 163 688 80,מסנן אוויר — טויוטה C-HR,מסנן אוויר,Citroen,מנוע / סינון,,air_filter,"מק""ט מקורי, רמת דגם. מקור: קטלוג ראשי (AUTODOC).",1,OEM:16 163 688 80:Citroen,טויוטה:C-HR:2016:2026
1612496780,מסנן אוויר — טויוטה C-HR,מסנן אוויר,Citroen,מנוע / סינון,,air_filter,"מק""ט מקורי, רמת דגם. מקור: קטלוג ראשי (AUTODOC).",1,OEM:1612496780:Citroen,טויוטה:C-HR:2016:2026
1616368880,מסנן אוויר — טויוטה C-HR,מסנן אוויר,Citroen,מנוע / סינון,,air_filter,"מק""ט מקורי, רמת דגם. מקור: קטלוג ראשי (AUTODOC).",1,OEM:1616368880:Citroen,טויוטה:C-HR:2016:2026
177010M060,מסנן אוויר — טויוטה C-HR,מסנן אוויר,Toyota,מנוע / סינון,,air_filter,"מק""ט מקורי, רמת דגם. מקור: קטלוג ראשי (AUTODOC).",1,OEM:177010M060:Toyota,טויוטה:C-HR:2016:2026
177050M080,מסנן אוויר — טויוטה C-HR,מסנן אוויר,Toyota,מנוע / סינון,,air_filter,"מק""ט מקורי, רמת דגם. מקור: קטלוג ראשי (AUTODOC).",1,OEM:177050M080:Toyota,טויוטה:C-HR:2016:2026
17801-0M030,מסנן אוויר — טויוטה C-HR,מסנן אוויר,Toyota,מנוע / סינון,,air_filter,"מק""ט מקורי, רמת דגם. מקור: קטלוג ראשי (AUTODOC).",1,OEM:17801-0M030:Toyota,טויוטה:C-HR:2016:2026
17801-0M040,מסנן אוויר — טויוטה C-HR,מסנן אוויר,Toyota,מנוע / סינון,,air_filter,"מק""ט מקורי, רמת דגם. מקור: קטלוג ראשי (AUTODOC).",1,OEM:17801-0M040:Toyota,טויוטה:C-HR:2016:2026
17801-0T060,מסנן אוויר — טויוטה C-HR,מסנן אוויר,Toyota,מנוע / סינון,,air_filter,"מק""ט מקורי, רמת דגם. מקור: קטלוג ראשי (AUTODOC), toyotapartsdeal.com. https://www.toyotapartsdeal.com/oem-toyota-c_hr-air_filter.html",1,OEM:17801-0T060:Toyota,טויוטה:C-HR:2016:2026; טויוטה:C-HR:2017:2019:2.0 (3ZR-FAE)
17801-0T090,מסנן אוויר — טויוטה C-HR,מסנן אוויר,Toyota,מנוע / סינון,,air_filter,"מק""ט מקורי, רמת דגם. מקור: קטלוג ראשי (AUTODOC).",1,OEM:17801-0T090:Toyota,טויוטה:C-HR:2016:2026
17801-21060,מסנן אוויר — טויוטה C-HR,מסנן אוויר,Toyota,מנוע / סינון,,air_filter,"מק""ט מקורי, רמת דגם. מקור: קטלוג ראשי (AUTODOC), toyotapartsdeal.com. https://www.toyotapartsdeal.com/oem-toyota-corolla-air_filter.html",1,OEM:17801-21060:Toyota,טויוטה:C-HR:2016:2026; טויוטה:COROLLA:2020:2024
17801-24060,מסנן אוויר — טויוטה C-HR,מסנן אוויר,Toyota,מנוע / סינון,,air_filter,"מק""ט מקורי, רמת דגם. מקור: קטלוג ראשי (AUTODOC).",1,OEM:17801-24060:Toyota,טויוטה:C-HR:2016:2026
17801-AZC01,מסנן אוויר — טויוטה C-HR,מסנן אוויר,Toyota,מנוע / סינון,,air_filter,"מק""ט מקורי, רמת דגם. מקור: קטלוג ראשי (AUTODOC).",1,OEM:17801-AZC01:Toyota,טויוטה:C-HR:2016:2026
178010M030,מסנן אוויר — טויוטה C-HR,מסנן אוויר,Toyota,מנוע / סינון,,air_filter,"מק""ט מקורי, רמת דגם. מקור: קטלוג ראשי (AUTODOC).",1,OEM:178010M030:Toyota,טויוטה:C-HR:2016:2026
178010M040,מסנן אוויר — טויוטה C-HR,מסנן אוויר,Toyota,מנוע / סינון,,air_filter,"מק""ט מקורי, רמת דגם. מקור: קטלוג ראשי (AUTODOC).",1,OEM:178010M040:Toyota,טויוטה:C-HR:2016:2026
1780121060,מסנן אוויר — טויוטה C-HR,מסנן אוויר,Toyota,מנוע / סינון,,air_filter,"מק""ט מקורי, רמת דגם. מקור: קטלוג ראשי (AUTODOC).",1,OEM:1780121060:Toyota,טויוטה:C-HR:2016:2026
17801AZC01,מסנן אוויר — טויוטה C-HR,מסנן אוויר,Toyota,מנוע / סינון,,air_filter,"מק""ט מקורי, רמת דגם. מקור: קטלוג ראשי (AUTODOC).",1,OEM:17801AZC01:Toyota,טויוטה:C-HR:2016:2026
B000958980,מסנן אוויר — טויוטה C-HR,מסנן אוויר,Citroen,מנוע / סינון,,air_filter,"מק""ט מקורי, רמת דגם. מקור: קטלוג ראשי (AUTODOC).",1,OEM:B000958980:Citroen,טויוטה:C-HR:2016:2026
T1780-10M04,מסנן אוויר — טויוטה C-HR,מסנן אוויר,Suzuki,מנוע / סינון,,air_filter,"מק""ט מקורי, רמת דגם. מקור: קטלוג ראשי (AUTODOC).",1,OEM:T1780-10M04:Suzuki,טויוטה:C-HR:2016:2026
4243106180,דיסק בלם קדמי — טויוטה C-HR,דיסק בלם קדמי,Toyota,בלמים,,brake_disc_front,"מק""ט מקורי, רמת דגם. מקור: קטלוג ראשי (AUTODOC).",1,OEM:4243106180:Toyota,טויוטה:C-HR:2016:2026
4343106180,דיסק בלם קדמי — טויוטה C-HR,דיסק בלם קדמי,Toyota,בלמים,,brake_disc_front,"מק""ט מקורי, רמת דגם. מקור: קטלוג ראשי (AUTODOC).",1,OEM:4343106180:Toyota,טויוטה:C-HR:2016:2026
43512-F4010,דיסק בלם קדמי — טויוטה C-HR,דיסק בלם קדמי,Toyota,בלמים,,brake_disc_front,"מק""ט מקורי, רמת דגם. מקור: קטלוג ראשי (AUTODOC).",1,OEM:43512-F4010:Toyota,טויוטה:C-HR:2016:2026
0446602370,רפידות בלם קדמיות — טויוטה C-HR,רפידות בלם קדמיות,Toyota,בלמים,,brake_pads_front,"מק""ט מקורי, רמת דגם. מקור: קטלוג ראשי (AUTODOC).",1,OEM:0446602370:Toyota,טויוטה:C-HR:2016:2026
0446602380,רפידות בלם קדמיות — טויוטה C-HR,רפידות בלם קדמיות,Toyota,בלמים,,brake_pads_front,"מק""ט מקורי, רמת דגם. מקור: קטלוג ראשי (AUTODOC).",1,OEM:0446602380:Toyota,טויוטה:C-HR:2016:2026
044660E070,רפידות בלם קדמיות — טויוטה C-HR,רפידות בלם קדמיות,Toyota,בלמים,,brake_pads_front,"מק""ט מקורי, רמת דגם. מקור: קטלוג ראשי (AUTODOC).",1,OEM:044660E070:Toyota,טויוטה:C-HR:2016:2026
0446610010,רפידות בלם קדמיות — טויוטה C-HR,רפידות בלם קדמיות,Toyota,בלמים,,brake_pads_front,"מק""ט מקורי, רמת דגם. מקור: קטלוג ראשי (AUTODOC).",1,OEM:0446610010:Toyota,טויוטה:C-HR:2016:2026
0446633220,רפידות בלם קדמיות — טויוטה C-HR,רפידות בלם קדמיות,Toyota,בלמים,,brake_pads_front,"מק""ט מקורי, רמת דגם. מקור: קטלוג ראשי (AUTODOC).",1,OEM:0446633220:Toyota,טויוטה:C-HR:2016:2026
0446642080,רפידות בלם קדמיות — טויוטה C-HR,רפידות בלם קדמיות,Toyota,בלמים,,brake_pads_front,"מק""ט מקורי, רמת דגם. מקור: קטלוג ראשי (AUTODOC).",1,OEM:0446642080:Toyota,טויוטה:C-HR:2016:2026
87139-YZZ33,מסנן מזגן — טויוטה C-HR,מסנן מזגן,Toyota,מנוע / סינון,,cabin_filter,"מק""ט מקורי, רמת דגם. מקור: קטלוג ראשי (AUTODOC).",1,OEM:87139-YZZ33:Toyota,טויוטה:C-HR:2016:2026
87139-YZZ34,מסנן מזגן — טויוטה C-HR,מסנן מזגן,Toyota,מנוע / סינון,,cabin_filter,"מק""ט מקורי, רמת דגם. מקור: קטלוג ראשי (AUTODOC).",1,OEM:87139-YZZ34:Toyota,טויוטה:C-HR:2016:2026
53801-F4030,כנף קדמית — טויוטה C-HR,כנף קדמית,Toyota,תאורה ופחחות,,fender,"מק""ט מקורי, רמת דגם. מקור: קטלוג ראשי (AUTODOC).",1,OEM:53801-F4030:Toyota,טויוטה:C-HR:2016:2026
81210-02110,פנס ערפל קדמי — טויוטה C-HR,פנס ערפל קדמי,Toyota,תאורה ופחחות,,fog_light,"מק""ט מקורי, רמת דגם. מקור: קטלוג ראשי (AUTODOC).",1,OEM:81210-02110:Toyota,טויוטה:C-HR:2016:2026
B000978080,פנס ערפל קדמי — טויוטה C-HR,פנס ערפל קדמי,Peugeot,תאורה ופחחות,,fog_light,"מק""ט מקורי, רמת דגם. מקור: קטלוג ראשי (AUTODOC).",1,OEM:B000978080:Peugeot,טויוטה:C-HR:2016:2026
52129F4010,פגוש קדמי — טויוטה C-HR,פגוש קדמי,Toyota,תאורה ופחחות,,front_bumper,"מק""ט מקורי, רמת דגם. מקור: קטלוג ראשי (AUTODOC).",1,OEM:52129F4010:Toyota,טויוטה:C-HR:2016:2026
81130-F4030,פנס ראשי ימין — טויוטה C-HR,פנס ראשי ימין,Toyota,תאורה ופחחות,,headlight_right,"מק""ט מקורי, רמת דגם. מקור: קטלוג ראשי (AUTODOC).",1,OEM:81130-F4030:Toyota,טויוטה:C-HR:2016:2026
81130F4031,פנס ראשי ימין — טויוטה C-HR,פנס ראשי ימין,Toyota,תאורה ופחחות,,headlight_right,"מק""ט מקורי, רמת דגם. מקור: קטלוג ראשי (AUTODOC).",1,OEM:81130F4031:Toyota,טויוטה:C-HR:2016:2026
1109AE,מסנן שמן — טויוטה C-HR,מסנן שמן,Toyota,מנוע / סינון,,oil_filter,"מק""ט מקורי, רמת דגם. מקור: קטלוג ראשי (AUTODOC).",1,OEM:1109AE:Toyota,טויוטה:C-HR:2016:2026
90080-91045,מסנן שמן — טויוטה C-HR,מסנן שמן,Toyota,מנוע / סינון,,oil_filter,"מק""ט מקורי, רמת דגם. מקור: קטלוג ראשי (AUTODOC).",1,OEM:90080-91045:Toyota,טויוטה:C-HR:2016:2026
90915-YZZJ1,מסנן שמן — טויוטה C-HR,מסנן שמן,Toyota,מנוע / סינון,,oil_filter,"מק""ט מקורי, רמת דגם. מקור: קטלוג ראשי (AUTODOC).",1,OEM:90915-YZZJ1:Toyota,טויוטה:C-HR:2016:2026
9091510009,מסנן שמן — טויוטה C-HR,מסנן שמן,Toyota,מנוע / סינון,,oil_filter,"מק""ט מקורי, רמת דגם. מקור: קטלוג ראשי (AUTODOC).",1,OEM:9091510009:Toyota,טויוטה:C-HR:2016:2026
87910F4010,מראת צד — טויוטה C-HR,מראת צד,Toyota,תאורה ופחחות,,side_mirror,"מק""ט מקורי, רמת דגם. מקור: קטלוג ראשי (AUTODOC).",1,OEM:87910F4010:Toyota,טויוטה:C-HR:2016:2026
87910F4020,מראת צד — טויוטה C-HR,מראת צד,Toyota,תאורה ופחחות,,side_mirror,"מק""ט מקורי, רמת דגם. מקור: קטלוג ראשי (AUTODOC).",1,OEM:87910F4020:Toyota,טויוטה:C-HR:2016:2026
87910F4032,מראת צד — טויוטה C-HR,מראת צד,Toyota,תאורה ופחחות,,side_mirror,"מק""ט מקורי, רמת דגם. מקור: קטלוג ראשי (AUTODOC).",1,OEM:87910F4032:Toyota,טויוטה:C-HR:2016:2026
87940F4010,מראת צד — טויוטה C-HR,מראת צד,Toyota,תאורה ופחחות,,side_mirror,"מק""ט מקורי, רמת דגם. מקור: קטלוג ראשי (AUTODOC).",1,OEM:87940F4010:Toyota,טויוטה:C-HR:2016:2026
87940F4020,מראת צד — טויוטה C-HR,מראת צד,Toyota,תאורה ופחחות,,side_mirror,"מק""ט מקורי, רמת דגם. מקור: קטלוג ראשי (AUTODOC).",1,OEM:87940F4020:Toyota,טויוטה:C-HR:2016:2026
87940F4032,מראת צד — טויוטה C-HR,מראת צד,Toyota,תאורה ופחחות,,side_mirror,"מק""ט מקורי, רמת דגם. מקור: קטלוג ראשי (AUTODOC).",1,OEM:87940F4032:Toyota,טויוטה:C-HR:2016:2026
90919-01,מצת — טויוטה C-HR,מצת,Toyota,הצתה,,spark_plug,"מק""ט מקורי, רמת דגם. מקור: קטלוג ראשי (AUTODOC).",1,OEM:90919-01:Toyota,טויוטה:C-HR:2016:2026
90919-01289,מצת — טויוטה C-HR,מצת,Toyota,הצתה,,spark_plug,"מק""ט מקורי, רמת רכב (מספר שלדה). מקור: קטלוג ראשי (AUTODOC), PartSouq · קטלוג היצרן. https://partsouq.com/en/catalog/toyota/diagram/NA/2024/RAV4-NAP/AXAA54L-CNZMBA/category/1/diagram/1901/vin/2T3A1RFV2RC485020",1,OEM:90919-01289:Toyota,טויוטה:C-HR:2016:2026; טויוטה:RAV4:2024:2024:A25A-FKS 2.5
9091901289,מצת — טויוטה C-HR,מצת,Toyota,הצתה,,spark_plug,"מק""ט מקורי, רמת דגם. מקור: קטלוג ראשי (AUTODOC).",1,OEM:9091901289:Toyota,טויוטה:C-HR:2016:2026
P51R-18-110,מצת — טויוטה C-HR,מצת,Mazda,הצתה,,spark_plug,"מק""ט מקורי, רמת דגם. מקור: קטלוג ראשי (AUTODOC).",1,OEM:P51R-18-110:Mazda,טויוטה:C-HR:2016:2026
PE5S18110,מצת — טויוטה C-HR,מצת,Mazda,הצתה,,spark_plug,"מק""ט מקורי, רמת דגם. מקור: קטלוג ראשי (AUTODOC).",1,OEM:PE5S18110:Mazda,טויוטה:C-HR:2016:2026
81591-F4010,פנס אחורי — טויוטה C-HR,פנס אחורי,Toyota,תאורה ופחחות,,taillight,"מק""ט מקורי, רמת דגם. מקור: קטלוג ראשי (AUTODOC).",1,OEM:81591-F4010:Toyota,טויוטה:C-HR:2016:2026
81591-F4011,פנס אחורי — טויוטה C-HR,פנס אחורי,Toyota,תאורה ופחחות,,taillight,"מק""ט מקורי, רמת דגם. מקור: קטלוג ראשי (AUTODOC).",1,OEM:81591-F4011:Toyota,טויוטה:C-HR:2016:2026
178010T060,מסנן אוויר — טויוטה CAMRY,מסנן אוויר,Toyota,מנוע / סינון,,air_filter,"מק""ט מקורי, רמת דגם. מקור: קטלוג ראשי (AUTODOC).",1,OEM:178010T060:Toyota,טויוטה:CAMRY:2018:2026
1780177050,מסנן אוויר — טויוטה CAMRY,מסנן אוויר,Toyota,מנוע / סינון,,air_filter,"מק""ט מקורי, רמת דגם. מקור: קטלוג ראשי (AUTODOC).",1,OEM:1780177050:Toyota,טויוטה:CAMRY:2018:2026
17801F0020,מסנן אוויר — טויוטה CAMRY,מסנן אוויר,Toyota,מנוע / סינון,,air_filter,"מק""ט מקורי, רמת דגם. מקור: קטלוג ראשי (AUTODOC).",1,OEM:17801F0020:Toyota,טויוטה:CAMRY:2018:2026
28113A9100,מסנן אוויר — טויוטה CAMRY,מסנן אוויר,Kia,מנוע / סינון,,air_filter,"מק""ט מקורי, רמת דגם. מקור: קטלוג ראשי (AUTODOC).",1,OEM:28113A9100:Kia,טויוטה:CAMRY:2018:2026
PAH9-13-3A0A,מסנן אוויר — טויוטה CAMRY,מסנן אוויר,Mazda,מנוע / סינון,,air_filter,"מק""ט מקורי, רמת דגם. מקור: קטלוג ראשי (AUTODOC).",1,OEM:PAH9-13-3A0A:Mazda,טויוטה:CAMRY:2018:2026
SU00309025,מסנן אוויר — טויוטה CAMRY,מסנן אוויר,Toyota,מנוע / סינון,,air_filter,"מק""ט מקורי, רמת דגם. מקור: קטלוג ראשי (AUTODOC).",1,OEM:SU00309025:Toyota,טויוטה:CAMRY:2018:2026
87139YZZ07,מסנן מזגן — טויוטה COROLLA,מסנן מזגן,Toyota,מנוע / סינון,,cabin_filter,"מק""ט מקורי, רמת דגם. מקור: קטלוג ראשי (AUTODOC).",1,OEM:87139YZZ07:Toyota,טויוטה:COROLLA
178010D060,מסנן אוויר — טויוטה COROLLA,מסנן אוויר,Toyota,מנוע / סינון,,air_filter,"מק""ט מקורי, רמת דגם. מקור: קטלוג ראשי (AUTODOC).",1,OEM:178010D060:Toyota,טויוטה:COROLLA:2013:2019
43512 02330,דיסק בלם קדמי — טויוטה COROLLA,דיסק בלם קדמי,Toyota,בלמים,,brake_disc_front,"מק""ט מקורי, רמת דגם. מקור: קטלוג ראשי (AUTODOC).",1,OEM:43512 02330:Toyota,טויוטה:COROLLA:2013:2019
43512-02330,דיסק בלם קדמי — טויוטה COROLLA,דיסק בלם קדמי,Toyota,בלמים,,brake_disc_front,"מק""ט מקורי, רמת דגם. מקור: קטלוג ראשי (AUTODOC).",1,OEM:43512-02330:Toyota,טויוטה:COROLLA:2013:2019
4351202330,דיסק בלם קדמי — טויוטה COROLLA,דיסק בלם קדמי,Toyota,בלמים,,brake_disc_front,"מק""ט מקורי, רמת דגם. מקור: קטלוג ראשי (AUTODOC).",1,OEM:4351202330:Toyota,טויוטה:COROLLA:2013:2019
04465 02391,רפידות בלם קדמיות — טויוטה COROLLA,רפידות בלם קדמיות,Toyota,בלמים,,brake_pads_front,"מק""ט מקורי, רמת דגם. מקור: קטלוג ראשי (AUTODOC).",1,OEM:04465 02391:Toyota,טויוטה:COROLLA:2013:2019
53801-02200,כנף קדמית — טויוטה COROLLA,כנף קדמית,Toyota,תאורה ופחחות,,fender,"מק""ט מקורי, רמת דגם. מקור: קטלוג ראשי (AUTODOC).",1,OEM:53801-02200:Toyota,טויוטה:COROLLA:2013:2019
52112-16900,פגוש קדמי — טויוטה COROLLA,פגוש קדמי,Toyota,תאורה ופחחות,,front_bumper,"מק""ט מקורי, רמת דגם. מקור: קטלוג ראשי (AUTODOC).",1,OEM:52112-16900:Toyota,טויוטה:COROLLA:2013:2019
0415237010,מסנן שמן — טויוטה COROLLA,מסנן שמן,Toyota,מנוע / סינון,,oil_filter,"מק""ט מקורי, רמת דגם. מקור: קטלוג ראשי (AUTODOC).",1,OEM:0415237010:Toyota,טויוטה:COROLLA:2013:2019:1ZR-FAE
87940-02F60,מראת צד — טויוטה COROLLA,מראת צד,Toyota,תאורה ופחחות,,side_mirror,"מק""ט מקורי, רמת דגם. מקור: קטלוג ראשי (AUTODOC).",1,OEM:87940-02F60:Toyota,טויוטה:COROLLA:2013:2019
1611548180,מצת — טויוטה COROLLA,מצת,Toyota,הצתה,,spark_plug,"מק""ט מקורי, רמת דגם. מקור: קטלוג ראשי (AUTODOC).",1,OEM:1611548180:Toyota,טויוטה:COROLLA:2013:2019
90919-W1006,מצת — טויוטה COROLLA,מצת,Toyota,הצתה,,spark_plug,"מק""ט מקורי, רמת דגם. מקור: קטלוג ראשי (AUTODOC).",1,OEM:90919-W1006:Toyota,טויוטה:COROLLA:2013:2019
81591-02530,פנס אחורי — טויוטה COROLLA,פנס אחורי,Toyota,תאורה ופחחות,,taillight,"מק""ט מקורי, רמת דגם. מקור: קטלוג ראשי (AUTODOC).",1,OEM:81591-02530:Toyota,טויוטה:COROLLA:2013:2019
81130-02K30,פנס ראשי ימין — טויוטה COROLLA,פנס ראשי ימין,Toyota,תאורה ופחחות,,headlight_right,"מק""ט מקורי, רמת דגם. מקור: קטלוג ראשי (AUTODOC).",1,OEM:81130-02K30:Toyota,טויוטה:COROLLA:2015:2019
T178010T06,מסנן אוויר — טויוטה COROLLA,מסנן אוויר,Suzuki,מנוע / סינון,,air_filter,"מק""ט מקורי, רמת דגם. מקור: קטלוג ראשי (AUTODOC).",1,OEM:T178010T06:Suzuki,טויוטה:COROLLA:2019:2026
T178017705,מסנן אוויר — טויוטה COROLLA,מסנן אוויר,Suzuki,מנוע / סינון,,air_filter,"מק""ט מקורי, רמת דגם. מקור: קטלוג ראשי (AUTODOC).",1,OEM:T178017705:Suzuki,טויוטה:COROLLA:2019:2026
90919-01295,מצת — טויוטה COROLLA,מצת,Toyota,הצתה,,spark_plug,"מק""ט מקורי, רמת דגם. מקור: קטלוג ראשי (AUTODOC).",1,OEM:90919-01295:Toyota,טויוטה:COROLLA:2019:2026
90915-20003,מסנן שמן — טויוטה HILUX DOUBLE CAB,"Filter Sub-Assy, Oil",Toyota,מנוע / סינון,,oil_filter,"מק""ט מקורי, רמת רכב (מספר שלדה). מקור: PartSouq · קטלוג היצרן. https://partsouq.com/en/catalog/toyota/diagram/GENERAL/2025/HILUX-DOUBLE-CAB/GUN126L-DGFHXF/category/1/diagram/1502/vin/8AJBA3CD1T7957303",1,OEM:90915-20003:Toyota,טויוטה:HILUX DOUBLE CAB:2025:2025:1GD-FTV 2.8
4243102200,דיסק בלם קדמי — טויוטה PRIUS,דיסק בלם קדמי,Toyota,בלמים,,brake_disc_front,"מק""ט מקורי, רמת דגם. מקור: קטלוג ראשי (AUTODOC).",1,OEM:4243102200:Toyota,טויוטה:PRIUS:2015:2022
4243102250,דיסק בלם קדמי — טויוטה PRIUS,דיסק בלם קדמי,Toyota,בלמים,,brake_disc_front,"מק""ט מקורי, רמת דגם. מקור: קטלוג ראשי (AUTODOC).",1,OEM:4243102250:Toyota,טויוטה:PRIUS:2015:2022
4243102280,דיסק בלם קדמי — טויוטה PRIUS,דיסק בלם קדמי,Toyota,בלמים,,brake_disc_front,"מק""ט מקורי, רמת דגם. מקור: קטלוג ראשי (AUTODOC).",1,OEM:4243102280:Toyota,טויוטה:PRIUS:2015:2022
4243112310,דיסק בלם קדמי — טויוטה PRIUS,דיסק בלם קדמי,Toyota,בלמים,,brake_disc_front,"מק""ט מקורי, רמת דגם. מקור: קטלוג ראשי (AUTODOC).",1,OEM:4243112310:Toyota,טויוטה:PRIUS:2015:2022
0446602310,רפידות בלם קדמיות — טויוטה PRIUS,רפידות בלם קדמיות,Toyota,בלמים,,brake_pads_front,"מק""ט מקורי, רמת דגם. מקור: קטלוג ראשי (AUTODOC).",1,OEM:0446602310:Toyota,טויוטה:PRIUS:2015:2022
0446612130,רפידות בלם קדמיות — טויוטה PRIUS,רפידות בלם קדמיות,Toyota,בלמים,,brake_pads_front,"מק""ט מקורי, רמת דגם. מקור: קטלוג ראשי (AUTODOC).",1,OEM:0446612130:Toyota,טויוטה:PRIUS:2015:2022
0446612150,רפידות בלם קדמיות — טויוטה PRIUS,רפידות בלם קדמיות,Toyota,בלמים,,brake_pads_front,"מק""ט מקורי, רמת דגם. מקור: קטלוג ראשי (AUTODOC).",1,OEM:0446612150:Toyota,טויוטה:PRIUS:2015:2022
0446647020,רפידות בלם קדמיות — טויוטה PRIUS,רפידות בלם קדמיות,Toyota,בלמים,,brake_pads_front,"מק""ט מקורי, רמת דגם. מקור: קטלוג ראשי (AUTODOC).",1,OEM:0446647020:Toyota,טויוטה:PRIUS:2015:2022
0446647100,רפידות בלם קדמיות — טויוטה PRIUS,רפידות בלם קדמיות,Toyota,בלמים,,brake_pads_front,"מק""ט מקורי, רמת דגם. מקור: קטלוג ראשי (AUTODOC).",1,OEM:0446647100:Toyota,טויוטה:PRIUS:2015:2022
0446647110,רפידות בלם קדמיות — טויוטה PRIUS,רפידות בלם קדמיות,Toyota,בלמים,,brake_pads_front,"מק""ט מקורי, רמת דגם. מקור: קטלוג ראשי (AUTODOC).",1,OEM:0446647110:Toyota,טויוטה:PRIUS:2015:2022
0446606200,רפידות בלם קדמיות — טויוטה RAV4,רפידות בלם קדמיות,Toyota,בלמים,,brake_pads_front,"מק""ט מקורי, רמת דגם. מקור: קטלוג ראשי (AUTODOC).",1,OEM:0446606200:Toyota,טויוטה:RAV4:2013:2018
0446633180,רפידות בלם קדמיות — טויוטה RAV4,רפידות בלם קדמיות,Toyota,בלמים,,brake_pads_front,"מק""ט מקורי, רמת דגם. מקור: קטלוג ראשי (AUTODOC).",1,OEM:0446633180:Toyota,טויוטה:RAV4:2013:2018
0446633200,רפידות בלם קדמיות — טויוטה RAV4,רפידות בלם קדמיות,Toyota,בלמים,,brake_pads_front,"מק""ט מקורי, רמת דגם. מקור: קטלוג ראשי (AUTODOC).",1,OEM:0446633200:Toyota,טויוטה:RAV4:2013:2018
0446633210,רפידות בלם קדמיות — טויוטה RAV4,רפידות בלם קדמיות,Toyota,בלמים,,brake_pads_front,"מק""ט מקורי, רמת דגם. מקור: קטלוג ראשי (AUTODOC).",1,OEM:0446633210:Toyota,טויוטה:RAV4:2013:2018
0446642060,רפידות בלם קדמיות — טויוטה RAV4,רפידות בלם קדמיות,Toyota,בלמים,,brake_pads_front,"מק""ט מקורי, רמת דגם. מקור: קטלוג ראשי (AUTODOC).",1,OEM:0446642060:Toyota,טויוטה:RAV4:2013:2018
04466YZZE8,רפידות בלם קדמיות — טויוטה RAV4,רפידות בלם קדמיות,Toyota,בלמים,,brake_pads_front,"מק""ט מקורי, רמת דגם. מקור: קטלוג ראשי (AUTODOC).",1,OEM:04466YZZE8:Toyota,טויוטה:RAV4:2013:2018
17801-38011,מסנן אוויר — טויוטה RAV4,"Element Sub-Assy, Air Cleaner Filter",Toyota,מנוע / סינון,,air_filter,"מק""ט מקורי, רמת רכב (מספר שלדה). מקור: PartSouq · קטלוג היצרן, toyotapartsdeal.com. https://partsouq.com/en/catalog/toyota/diagram/NA/2015/RAV4-JPP/ASA44L-ANTGKA/category/1/diagram/1703/vin/JTMBFREV50J063539",1,OEM:17801-38011:Toyota,טויוטה:RAV4:2015:2015:2AR-FE 2.5; טויוטה:RAV4:2013:2018:2.5
27060-36080,אלטרנטור — טויוטה RAV4,Alternator Assy 12V 100A,Toyota,חשמל,,alternator,"מק""ט מקורי, רמת רכב (מספר שלדה). מקור: PartSouq · קטלוג היצרן. https://partsouq.com/en/catalog/toyota/diagram/NA/2015/RAV4-JPP/ASA44L-ANTGKA/category/1/diagram/1903/vin/JTMBFREV50J063539",1,OEM:27060-36080:Toyota,טויוטה:RAV4:2015:2015:2AR-FE 2.5
04465-42180,רפידות בלם קדמיות — טויוטה RAV4,"Pad Kit, Disc Brake, Front",Toyota,בלמים,,brake_pads_front,"מק""ט מקורי, רמת רכב (מספר שלדה). מקור: PartSouq · קטלוג היצרן, toyotapartsdeal.com. https://partsouq.com/en/catalog/toyota/diagram/NA/2015/RAV4-JPP/ASA44L-ANTGKA/category/2/diagram/4705/vin/JTMBFREV50J063539",1,OEM:04465-42180:Toyota,טויוטה:RAV4:2015:2015:2AR-FE 2.5; טויוטה:RAV4:2008:2018:2.4 / 2.5 / 3.5
48510-80818,בולם זעזועים קדמי — טויוטה RAV4,"Shock Absorber, Front RH",Toyota,מתלים,ימין,shock_absorber_front,"מק""ט מקורי, רמת רכב (מספר שלדה). מקור: PartSouq · קטלוג היצרן. https://partsouq.com/en/catalog/toyota/diagram/NA/2015/RAV4-JPP/ASA44L-ANTGKA/category/2/diagram/4803/vin/JTMBFREV50J063539",1,OEM:48510-80818:Toyota,טויוטה:RAV4:2015:2015:2AR-FE 2.5
48520-80494,בולם זעזועים קדמי — טויוטה RAV4,"Shock Absorber, Front LH",Toyota,מתלים,שמאל,shock_absorber_front,"מק""ט מקורי, רמת רכב (מספר שלדה). מקור: PartSouq · קטלוג היצרן. https://partsouq.com/en/catalog/toyota/diagram/NA/2015/RAV4-JPP/ASA44L-ANTGKA/category/2/diagram/4803/vin/JTMBFREV50J063539",1,OEM:48520-80494:Toyota,טויוטה:RAV4:2015:2015:2AR-FE 2.5
538110R130,כנף קדמית — טויוטה RAV4,כנף קדמית,Toyota,תאורה ופחחות,,fender,"מק""ט מקורי, רמת דגם. מקור: קטלוג ראשי (AUTODOC).",1,OEM:538110R130:Toyota,טויוטה:RAV4:2018:2026
5381142330,כנף קדמית — טויוטה RAV4,כנף קדמית,Toyota,תאורה ופחחות,,fender,"מק""ט מקורי, רמת דגם. מקור: קטלוג ראשי (AUTODOC).",1,OEM:5381142330:Toyota,טויוטה:RAV4:2018:2026
5216242270,פגוש קדמי — טויוטה RAV4,פגוש קדמי,Toyota,תאורה ופחחות,,front_bumper,"מק""ט מקורי, רמת דגם. מקור: קטלוג ראשי (AUTODOC).",1,OEM:5216242270:Toyota,טויוטה:RAV4:2018:2026
5216242903,פגוש קדמי — טויוטה RAV4,פגוש קדמי,Toyota,תאורה ופחחות,,front_bumper,"מק""ט מקורי, רמת דגם. מקור: קטלוג ראשי (AUTODOC).",1,OEM:5216242903:Toyota,טויוטה:RAV4:2018:2026
8114542840,פנס ראשי ימין — טויוטה RAV4,פנס ראשי ימין,Toyota,תאורה ופחחות,,headlight_right,"מק""ט מקורי, רמת דגם. מקור: קטלוג ראשי (AUTODOC).",1,OEM:8114542840:Toyota,טויוטה:RAV4:2018:2026
8791042F30,מראת צד — טויוטה RAV4,מראת צד,Toyota,תאורה ופחחות,,side_mirror,"מק""ט מקורי, רמת דגם. מקור: קטלוג ראשי (AUTODOC).",1,OEM:8791042F30:Toyota,טויוטה:RAV4:2018:2026
90919-01297,מצת — טויוטה RAV4,מצת,Toyota,הצתה,,spark_plug,"מק""ט מקורי, רמת דגם. מקור: קטלוג ראשי (AUTODOC), toyotapartsdeal.com. https://www.toyotapartsdeal.com/oem-toyota-corolla-spark_plug.html",1,OEM:90919-01297:Toyota,טויוטה:RAV4:2018:2026; טויוטה:COROLLA:2019:2024:1.8 / 2.0
81561-42230,פנס אחורי — טויוטה RAV4,פנס אחורי,Toyota,תאורה ופחחות,,taillight,"מק""ט מקורי, רמת דגם. מקור: קטלוג ראשי (AUTODOC).",1,OEM:81561-42230:Toyota,טויוטה:RAV4:2018:2026
04465-0E060,רפידות בלם קדמיות — טויוטה RAV4,"Pad Kit, Disc Brake, Front",Toyota,בלמים,,brake_pads_front,"מק""ט מקורי, רמת רכב (מספר שלדה). מקור: PartSouq · קטלוג היצרן, toyotapartsdeal.com. https://partsouq.com/en/catalog/toyota/diagram/NA/2024/RAV4-NAP/AXAA54L-CNZMBA/category/2/diagram/4705/vin/2T3A1RFV2RC485020",1,OEM:04465-0E060:Toyota,טויוטה:RAV4:2024:2024:A25A-FKS 2.5; טויוטה:RAV4:2019:2024:2.5
178010Y010,מסנן אוויר — טויוטה YARIS,מסנן אוויר,Toyota,מנוע / סינון,,air_filter,"מק""ט מקורי, רמת דגם. מקור: קטלוג ראשי (AUTODOC).",1,OEM:178010Y010:Toyota,טויוטה:YARIS:2012:2020
04465-0D120,רפידות בלם קדמיות — טויוטה YARIS,רפידות בלם קדמיות,Toyota,בלמים,,brake_pads_front,"מק""ט מקורי, רמת דגם. מקור: קטלוג ראשי (AUTODOC).",1,OEM:04465-0D120:Toyota,טויוטה:YARIS:2012:2020
04465-0D210,רפידות בלם קדמיות — טויוטה YARIS,רפידות בלם קדמיות,Toyota,בלמים,,brake_pads_front,"מק""ט מקורי, רמת דגם. מקור: קטלוג ראשי (AUTODOC).",1,OEM:04465-0D210:Toyota,טויוטה:YARIS:2012:2020
04465-YZZDS,רפידות בלם קדמיות — טויוטה YARIS,רפידות בלם קדמיות,Toyota,בלמים,,brake_pads_front,"מק""ט מקורי, רמת דגם. מקור: קטלוג ראשי (AUTODOC).",1,OEM:04465-YZZDS:Toyota,טויוטה:YARIS:2012:2020
53714-0D040,כנף קדמית — טויוטה YARIS,כנף קדמית,Toyota,תאורה ופחחות,,fender,"מק""ט מקורי, רמת דגם. מקור: קטלוג ראשי (AUTODOC).",1,OEM:53714-0D040:Toyota,טויוטה:YARIS:2012:2020
52119-52965,פגוש קדמי — טויוטה YARIS,פגוש קדמי,Toyota,תאורה ופחחות,,front_bumper,"מק""ט מקורי, רמת דגם. מקור: קטלוג ראשי (AUTODOC).",1,OEM:52119-52965:Toyota,טויוטה:YARIS:2012:2017
521190U904,פגוש קדמי — טויוטה YARIS,פגוש קדמי,Toyota,תאורה ופחחות,,front_bumper,"מק""ט מקורי, רמת דגם. מקור: קטלוג ראשי (AUTODOC).",1,OEM:521190U904:Toyota,טויוטה:YARIS:2012:2017
81170-0D450,פנס ראשי שמאל — טויוטה YARIS,פנס ראשי שמאל,Toyota,תאורה ופחחות,,headlight_left,"מק""ט מקורי, רמת דגם. מקור: קטלוג ראשי (AUTODOC).",1,OEM:81170-0D450:Toyota,טויוטה:YARIS:2012:2020
87940-0DB50,מראת צד — טויוטה YARIS,מראת צד,Toyota,תאורה ופחחות,,side_mirror,"מק""ט מקורי, רמת דגם. מקור: קטלוג ראשי (AUTODOC).",1,OEM:87940-0DB50:Toyota,טויוטה:YARIS:2012:2020
81551-0D610,פנס אחורי — טויוטה YARIS,פנס אחורי,Toyota,תאורה ופחחות,,taillight,"מק""ט מקורי, רמת דגם. מקור: קטלוג ראשי (AUTODOC).",1,OEM:81551-0D610:Toyota,טויוטה:YARIS:2012:2020
28113-1R100,מסנן אוויר — יונדאי I25,מסנן אוויר,Hyundai,מנוע / סינון,,air_filter,"מק""ט מקורי, רמת דגם. מקור: זרע פערי דגמים.",1,OEM:28113-1R100:Hyundai,יונדאי:I25:2011:2019:1.6 G4FC
97133-2E210,מסנן מזגן — יונדאי I25,מסנן מזגן,Hyundai,מנוע / סינון,,cabin_filter,"מק""ט מקורי, רמת דגם. מקור: זרע פערי דגמים, hyundaipartsdeal.com. https://www.hyundaipartsdeal.com/oem-hyundai-tucson-cabin_air_filter.html",1,OEM:97133-2E210:Hyundai,יונדאי:I25:2011:2019:1.6 G4FC; יונדאי:TUCSON:2006:2015:GDI / MPI; קיה:SPORTAGE:2006:2015:2.0 / 2.4 / 2.7
26300-35503,מסנן שמן — יונדאי I25,מסנן שמן,Hyundai,מנוע / סינון,,oil_filter,"מק""ט מקורי, רמת דגם. מקור: זרע פערי דגמים, kiapartsnow.com. https://www.kiapartsnow.com/oem-kia-rio-oil_filter.html",1,OEM:26300-35503:Hyundai,יונדאי:I25:2011:2019:1.6 G4FC; קיה:RIO:2006:2017:1.6 Alpha / Gamma; יונדאי:TUCSON:2006:2018:GDI / MPI / TCI-GDI
26300-35505,מסנן שמן — יונדאי I25,מסנן שמן,Hyundai,מנוע / סינון,,oil_filter,"מק""ט מקורי, רמת דגם. מקור: זרע פערי דגמים, hyundaipartsdeal.com. https://www.hyundaipartsdeal.com/oem-hyundai-tucson-oil_filter.html",1,OEM:26300-35505:Hyundai,יונדאי:I25:2011:2019:1.6 G4FC; יונדאי:TUCSON:2004:2021:GDI / MPI / TCI-GDI
28113-G2100,מסנן אוויר — יונדאי IONIQ HYBRID,מסנן אוויר,Hyundai,מנוע / סינון,,air_filter,"מק""ט מקורי, רמת דגם. מקור: זרע פערי דגמים.",1,OEM:28113-G2100:Hyundai,יונדאי:IONIQ HYBRID:2016:2022:1.6 GDI
28113-G2700,מסנן אוויר — יונדאי IONIQ HYBRID,מסנן אוויר,Hyundai,מנוע / סינון,,air_filter,"מק""ט מקורי, רמת דגם. מקור: זרע פערי דגמים.",1,OEM:28113-G2700:Hyundai,יונדאי:IONIQ HYBRID:2016:2022:1.6 GDI
58101-G2A00,רפידות בלם קדמיות — יונדאי IONIQ HYBRID,רפידות בלם קדמיות,Hyundai,בלמים,,brake_pads_front,"מק""ט מקורי, רמת דגם. מקור: זרע פערי דגמים, hyundai.oempartsonline.com. https://hyundai.oempartsonline.com/oem-parts/hyundai-brake-pads-front-58101g2a00",1,OEM:58101-G2A00:Hyundai,יונדאי:IONIQ HYBRID:2016:2022:1.6 GDI; יונדאי:IONIQ:2017:2022; קיה:NIRO:2017:2022; קיה:NIRO:2017:2022:1.6 Kappa
97133-F2200,מסנן מזגן — יונדאי IONIQ HYBRID,מסנן מזגן,Hyundai,מנוע / סינון,,cabin_filter,"מק""ט מקורי, רמת דגם. מקור: זרע פערי דגמים.",1,OEM:97133-F2200:Hyundai,יונדאי:IONIQ HYBRID:2016:2022:1.6 GDI
97133-G2000,מסנן מזגן — יונדאי IONIQ HYBRID,מסנן מזגן,Hyundai,מנוע / סינון,,cabin_filter,"מק""ט מקורי, רמת דגם. מקור: זרע פערי דגמים.",1,OEM:97133-G2000:Hyundai,יונדאי:IONIQ HYBRID:2016:2022:1.6 GDI
26300-35504,מסנן שמן — יונדאי IONIQ HYBRID,מסנן שמן,Hyundai,מנוע / סינון,,oil_filter,"מק""ט מקורי, רמת דגם. מקור: זרע פערי דגמים, kiapartsnow.com. https://www.kiapartsnow.com/oem-kia-rio-oil_filter.html",1,OEM:26300-35504:Hyundai,יונדאי:IONIQ HYBRID:2016:2022:1.6 GDI; קיה:RIO:2016:2020:1.6 Gamma; יונדאי:TUCSON:2016:2021:GDI / TCI-GDI
2630002752,מסנן שמן — יונדאי TUCSON,מסנן שמן,Kia,מנוע / סינון,,oil_filter,"מק""ט מקורי, רמת דגם. מקור: קטלוג ראשי (AUTODOC).",1,OEM:2630002752:Kia,יונדאי:TUCSON
28113-D3300,מסנן אוויר — יונדאי TUCSON,מסנן אוויר,Hyundai,מנוע / סינון,,air_filter,"מק""ט מקורי, רמת דגם. מקור: קטלוג ראשי (AUTODOC), hyundai.oempartsonline.com. https://hyundai.oempartsonline.com/oem-parts/hyundai-air-filter-28113d3300",1,OEM:28113-D3300:Hyundai,יונדאי:TUCSON:2015:2020:2.0 CRDi; יונדאי:TUCSON:2016:2021; יונדאי:TUCSON:2016:2021:GDI / TCI-GDI; קיה:SPORTAGE:2016:2022:2.0 / 2.4 Theta 2
51712 2V000,דיסק בלם קדמי — יונדאי TUCSON,דיסק בלם קדמי,Kia,בלמים,,brake_disc_front,"מק""ט מקורי, רמת דגם. מקור: קטלוג ראשי (AUTODOC).",1,OEM:51712 2V000:Kia,יונדאי:TUCSON:2015:2020:2.0 CRDi
51712 3X000,דיסק בלם קדמי — יונדאי TUCSON,דיסק בלם קדמי,Hyundai,בלמים,,brake_disc_front,"מק""ט מקורי, רמת דגם. מקור: קטלוג ראשי (AUTODOC).",1,OEM:51712 3X000:Hyundai,יונדאי:TUCSON:2015:2020:2.0 CRDi
51712 3Y000,דיסק בלם קדמי — יונדאי TUCSON,דיסק בלם קדמי,Kia,בלמים,,brake_disc_front,"מק""ט מקורי, רמת דגם. מקור: קטלוג ראשי (AUTODOC).",1,OEM:51712 3Y000:Kia,יונדאי:TUCSON:2015:2020:2.0 CRDi
51712 A6000,דיסק בלם קדמי — יונדאי TUCSON,דיסק בלם קדמי,Kia,בלמים,,brake_disc_front,"מק""ט מקורי, רמת דגם. מקור: קטלוג ראשי (AUTODOC).",1,OEM:51712 A6000:Kia,יונדאי:TUCSON:2015:2020:2.0 CRDi
51712 A7000,דיסק בלם קדמי — יונדאי TUCSON,דיסק בלם קדמי,Kia,בלמים,,brake_disc_front,"מק""ט מקורי, רמת דגם. מקור: קטלוג ראשי (AUTODOC).",1,OEM:51712 A7000:Kia,יונדאי:TUCSON:2015:2020:2.0 CRDi
51712 M0000,דיסק בלם קדמי — יונדאי TUCSON,דיסק בלם קדמי,Kia,בלמים,,brake_disc_front,"מק""ט מקורי, רמת דגם. מקור: קטלוג ראשי (AUTODOC).",1,OEM:51712 M0000:Kia,יונדאי:TUCSON:2015:2020:2.0 CRDi
51712C2000,דיסק בלם קדמי — יונדאי TUCSON,דיסק בלם קדמי,Kia,בלמים,,brake_disc_front,"מק""ט מקורי, רמת דגם. מקור: קטלוג ראשי (AUTODOC).",1,OEM:51712C2000:Kia,יונדאי:TUCSON:2015:2020:2.0 CRDi
51712D7000,דיסק בלם קדמי — יונדאי TUCSON,דיסק בלם קדמי,Hyundai,בלמים,,brake_disc_front,"מק""ט מקורי, רמת דגם. מקור: קטלוג ראשי (AUTODOC).",1,OEM:51712D7000:Hyundai,יונדאי:TUCSON:2015:2020:2.0 CRDi
51712J9100,דיסק בלם קדמי — יונדאי TUCSON,דיסק בלם קדמי,Hyundai,בלמים,,brake_disc_front,"מק""ט מקורי, רמת דגם. מקור: קטלוג ראשי (AUTODOC).",1,OEM:51712J9100:Hyundai,יונדאי:TUCSON:2015:2020:2.0 CRDi
51712M7100,דיסק בלם קדמי — יונדאי TUCSON,דיסק בלם קדמי,Hyundai,בלמים,,brake_disc_front,"מק""ט מקורי, רמת דגם. מקור: קטלוג ראשי (AUTODOC).",1,OEM:51712M7100:Hyundai,יונדאי:TUCSON:2015:2020:2.0 CRDi
58411D3000,דיסק בלם קדמי — יונדאי TUCSON,דיסק בלם קדמי,Hyundai,בלמים,,brake_disc_front,"מק""ט מקורי, רמת דגם. מקור: קטלוג ראשי (AUTODOC).",1,OEM:58411D3000:Hyundai,יונדאי:TUCSON:2015:2020:2.0 CRDi
58411D7000,דיסק בלם קדמי — יונדאי TUCSON,דיסק בלם קדמי,Kia,בלמים,,brake_disc_front,"מק""ט מקורי, רמת דגם. מקור: קטלוג ראשי (AUTODOC).",1,OEM:58411D7000:Kia,יונדאי:TUCSON:2015:2020:2.0 CRDi
S51712D7000E,דיסק בלם קדמי — יונדאי TUCSON,דיסק בלם קדמי,Kia,בלמים,,brake_disc_front,"מק""ט מקורי, רמת דגם. מקור: קטלוג ראשי (AUTODOC).",1,OEM:S51712D7000E:Kia,יונדאי:TUCSON:2015:2020:2.0 CRDi
58302-3QA10,רפידות בלם קדמיות — יונדאי TUCSON,רפידות בלם קדמיות,Kia,בלמים,,brake_pads_front,"מק""ט מקורי, רמת דגם. מקור: קטלוג ראשי (AUTODOC).",1,OEM:58302-3QA10:Kia,יונדאי:TUCSON:2015:2020:2.0 CRDi
58302-D3A00,רפידות בלם קדמיות — יונדאי TUCSON,רפידות בלם קדמיות,Kia,בלמים,,brake_pads_front,"מק""ט מקורי, רמת דגם. מקור: קטלוג ראשי (AUTODOC), hyundai.oempartsonline.com. https://hyundai.oempartsonline.com/oem-parts/hyundai-rear-pads-58302d3a00",1,OEM:58302-D3A00:Kia,יונדאי:TUCSON:2015:2020:2.0 CRDi; יונדאי:TUCSON:2016:2021; יונדאי:TUCSON:2016:2021:GDI / TCI-GDI; קיה:SPORTAGE:2016:2022:2.0/2.4 Theta 2
58302-D3A70,רפידות בלם קדמיות — יונדאי TUCSON,רפידות בלם קדמיות,Kia,בלמים,,brake_pads_front,"מק""ט מקורי, רמת דגם. מקור: קטלוג ראשי (AUTODOC), kiapartsnow.com. https://www.kiapartsnow.com/oem-kia-sportage-brake_pad_set.html",1,OEM:58302-D3A70:Kia,יונדאי:TUCSON:2015:2020:2.0 CRDi; קיה:SPORTAGE:2016:2022:2.0/2.4 Theta 2
58302-D7A71,רפידות בלם קדמיות — יונדאי TUCSON,רפידות בלם קדמיות,Kia,בלמים,,brake_pads_front,"מק""ט מקורי, רמת דגם. מקור: קטלוג ראשי (AUTODOC).",1,OEM:58302-D7A71:Kia,יונדאי:TUCSON:2015:2020:2.0 CRDi
583021RA30,רפידות בלם קדמיות — יונדאי TUCSON,רפידות בלם קדמיות,Kia,בלמים,,brake_pads_front,"מק""ט מקורי, רמת דגם. מקור: קטלוג ראשי (AUTODOC).",1,OEM:583021RA30:Kia,יונדאי:TUCSON:2015:2020:2.0 CRDi
583021YA50,רפידות בלם קדמיות — יונדאי TUCSON,רפידות בלם קדמיות,Kia,בלמים,,brake_pads_front,"מק""ט מקורי, רמת דגם. מקור: קטלוג ראשי (AUTODOC).",1,OEM:583021YA50:Kia,יונדאי:TUCSON:2015:2020:2.0 CRDi
58302C1A15,רפידות בלם קדמיות — יונדאי TUCSON,רפידות בלם קדמיות,Kia,בלמים,,brake_pads_front,"מק""ט מקורי, רמת דגם. מקור: קטלוג ראשי (AUTODOC).",1,OEM:58302C1A15:Kia,יונדאי:TUCSON:2015:2020:2.0 CRDi
58302C1A50,רפידות בלם קדמיות — יונדאי TUCSON,רפידות בלם קדמיות,Kia,בלמים,,brake_pads_front,"מק""ט מקורי, רמת דגם. מקור: קטלוג ראשי (AUTODOC).",1,OEM:58302C1A50:Kia,יונדאי:TUCSON:2015:2020:2.0 CRDi
58302D4A00,רפידות בלם קדמיות — יונדאי TUCSON,רפידות בלם קדמיות,Kia,בלמים,,brake_pads_front,"מק""ט מקורי, רמת דגם. מקור: קטלוג ראשי (AUTODOC).",1,OEM:58302D4A00:Kia,יונדאי:TUCSON:2015:2020:2.0 CRDi
58302D7A00,רפידות בלם קדמיות — יונדאי TUCSON,רפידות בלם קדמיות,Kia,בלמים,,brake_pads_front,"מק""ט מקורי, רמת דגם. מקור: קטלוג ראשי (AUTODOC).",1,OEM:58302D7A00:Kia,יונדאי:TUCSON:2015:2020:2.0 CRDi
58302M0A11,רפידות בלם קדמיות — יונדאי TUCSON,רפידות בלם קדמיות,Kia,בלמים,,brake_pads_front,"מק""ט מקורי, רמת דגם. מקור: קטלוג ראשי (AUTODOC).",1,OEM:58302M0A11:Kia,יונדאי:TUCSON:2015:2020:2.0 CRDi
58302Q5A00,רפידות בלם קדמיות — יונדאי TUCSON,רפידות בלם קדמיות,Kia,בלמים,,brake_pads_front,"מק""ט מקורי, רמת דגם. מקור: קטלוג ראשי (AUTODOC).",1,OEM:58302Q5A00:Kia,יונדאי:TUCSON:2015:2020:2.0 CRDi
97133-2E260,מסנן מזגן — יונדאי TUCSON,מסנן מזגן,Kia,מנוע / סינון,,cabin_filter,"מק""ט מקורי, רמת דגם. מקור: קטלוג ראשי (AUTODOC), hyundaipartsdeal.com. https://www.hyundaipartsdeal.com/oem-hyundai-tucson-cabin_air_filter.html",1,OEM:97133-2E260:Kia,יונדאי:TUCSON:2015:2020:2.0 CRDi; יונדאי:TUCSON:2006:2009:MPI
97133-D1000,מסנן מזגן — יונדאי TUCSON,מסנן מזגן,Kia,מנוע / סינון,,cabin_filter,"מק""ט מקורי, רמת דגם. מקור: קטלוג ראשי (AUTODOC), hyundaipartsdeal.com. https://www.hyundaipartsdeal.com/oem-hyundai-tucson-cabin_air_filter.html",1,OEM:97133-D1000:Kia,יונדאי:TUCSON:2015:2020:2.0 CRDi; יונדאי:TUCSON:2016:2018:GDI / TCI-GDI
26300-02500,מסנן שמן — יונדאי i10,מסנן שמן,Kia,מנוע / סינון,,oil_filter,"מק""ט מקורי, רמת דגם. מקור: קטלוג ראשי (AUTODOC), kiapartsnow.com. https://www.kiapartsnow.com/oem-kia-rio-oil_filter.html",1,OEM:26300-02500:Kia,יונדאי:i10:2013:2019:1.2; קיה:RIO:2000:2005:1.5 / 1.6
26300-02501,מסנן שמן — יונדאי i10,מסנן שמן,Kia,מנוע / סינון,,oil_filter,"מק""ט מקורי, רמת דגם. מקור: קטלוג ראשי (AUTODOC).",1,OEM:26300-02501:Kia,יונדאי:i10:2013:2019:1.2
26300-02502,מסנן שמן — יונדאי i10,מסנן שמן,Kia,מנוע / סינון,,oil_filter,"מק""ט מקורי, רמת דגם. מקור: קטלוג ראשי (AUTODOC).",1,OEM:26300-02502:Kia,יונדאי:i10:2013:2019:1.2
26300-02503,מסנן שמן — יונדאי i10,מסנן שמן,Kia,מנוע / סינון,,oil_filter,"מק""ט מקורי, רמת דגם. מקור: קטלוג ראשי (AUTODOC).",1,OEM:26300-02503:Kia,יונדאי:i10:2013:2019:1.2
26300-03000,מסנן שמן — יונדאי i10,מסנן שמן,Kia,מנוע / סינון,,oil_filter,"מק""ט מקורי, רמת דגם. מקור: קטלוג ראשי (AUTODOC).",1,OEM:26300-03000:Kia,יונדאי:i10:2013:2019:1.2
26300-03001,מסנן שמן — יונדאי i10,מסנן שמן,Kia,מנוע / סינון,,oil_filter,"מק""ט מקורי, רמת דגם. מקור: קטלוג ראשי (AUTODOC).",1,OEM:26300-03001:Kia,יונדאי:i10:2013:2019:1.2
09482-00629,מצת — יונדאי i10,מצת,Kia,הצתה,,spark_plug,"מק""ט מקורי, רמת דגם. מקור: קטלוג ראשי (AUTODOC).",1,OEM:09482-00629:Kia,יונדאי:i10:2013:2019:1.2
18844 10060 / 18848,מצת — יונדאי i10,מצת,Kia,הצתה,,spark_plug,"מק""ט מקורי, רמת דגם. מקור: קטלוג ראשי (AUTODOC).",1,OEM:18844 10060 / 18848:Kia,יונדאי:i10:2013:2019:1.2
18846-10060,מצת — יונדאי i10,מצת,Kia,הצתה,,spark_plug,"מק""ט מקורי, רמת דגם. מקור: קטלוג ראשי (AUTODOC).",1,OEM:18846-10060:Kia,יונדאי:i10:2013:2019:1.2
18846-10061,מצת — יונדאי i10,מצת,Kia,הצתה,,spark_plug,"מק""ט מקורי, רמת דגם. מקור: קטלוג ראשי (AUTODOC).",1,OEM:18846-10061:Kia,יונדאי:i10:2013:2019:1.2
18849-08080,מצת — יונדאי i10,מצת,Kia,הצתה,,spark_plug,"מק""ט מקורי, רמת דגם. מקור: קטלוג ראשי (AUTODOC).",1,OEM:18849-08080:Kia,יונדאי:i10:2013:2019:1.2
971331E000,מסנן מזגן — יונדאי i20,מסנן מזגן,Hyundai,מנוע / סינון,,cabin_filter,"מק""ט מקורי, רמת דגם. מקור: קטלוג ראשי (AUTODOC).",1,OEM:971331E000:Hyundai,יונדאי:i20
971331E100,מסנן מזגן — יונדאי i20,מסנן מזגן,Hyundai,מנוע / סינון,,cabin_filter,"מק""ט מקורי, רמת דגם. מקור: קטלוג ראשי (AUTODOC).",1,OEM:971331E100:Hyundai,יונדאי:i20
971331E100AT,מסנן מזגן — יונדאי i20,מסנן מזגן,Hyundai,מנוע / סינון,,cabin_filter,"מק""ט מקורי, רמת דגם. מקור: קטלוג ראשי (AUTODOC).",1,OEM:971331E100AT:Hyundai,יונדאי:i20
971332H000,מסנן מזגן — יונדאי i20,מסנן מזגן,Hyundai,מנוע / סינון,,cabin_filter,"מק""ט מקורי, רמת דגם. מקור: קטלוג ראשי (AUTODOC).",1,OEM:971332H000:Hyundai,יונדאי:i20
971332H001,מסנן מזגן — יונדאי i20,מסנן מזגן,Hyundai,מנוע / סינון,,cabin_filter,"מק""ט מקורי, רמת דגם. מקור: קטלוג ראשי (AUTODOC).",1,OEM:971332H001:Hyundai,יונדאי:i20
971332H001AT,מסנן מזגן — יונדאי i20,מסנן מזגן,Hyundai,מנוע / סינון,,cabin_filter,"מק""ט מקורי, רמת דגם. מקור: קטלוג ראשי (AUTODOC).",1,OEM:971332H001AT:Hyundai,יונדאי:i20
28113 F2000,מסנן אוויר — יונדאי i20,מסנן אוויר,Kia,מנוע / סינון,,air_filter,"מק""ט מקורי, רמת דגם. מקור: קטלוג ראשי (AUTODOC).",1,OEM:28113 F2000:Kia,יונדאי:i20:2014:2020:1.2
28113-1J000,מסנן אוויר — יונדאי i20,מסנן אוויר,Hyundai,מנוע / סינון,,air_filter,"מק""ט מקורי, רמת דגם. מקור: קטלוג ראשי (AUTODOC).",1,OEM:28113-1J000:Hyundai,יונדאי:i20:2014:2020
28113-BE000,מסנן אוויר — יונדאי i20,מסנן אוויר,Hyundai,מנוע / סינון,,air_filter,"מק""ט מקורי, רמת דגם. מקור: קטלוג ראשי (AUTODOC).",1,OEM:28113-BE000:Hyundai,יונדאי:i20:2014:2020:1.2
28113-F0000,מסנן אוויר — יונדאי i20,מסנן אוויר,Hyundai,מנוע / סינון,,air_filter,"מק""ט מקורי, רמת דגם. מקור: קטלוג ראשי (AUTODOC).",1,OEM:28113-F0000:Hyundai,יונדאי:i20:2014:2020:1.2
28113-F2000,מסנן אוויר — יונדאי i20,מסנן אוויר,Hyundai,מנוע / סינון,,air_filter,"מק""ט מקורי, רמת דגם. מקור: קטלוג ראשי (AUTODOC), hyundaipartsdeal.com. https://www.hyundaipartsdeal.com/oem-hyundai-elantra-air_filter.html",1,OEM:28113-F2000:Hyundai,יונדאי:i20:2014:2020:1.2; יונדאי:ELANTRA:2016:2020:MPI / TCI-GDI; קיה:FORTE / CERATO:2019:2024:1.6 Gamma / 2.0 NU
28113-Q5000,מסנן אוויר — יונדאי i20,מסנן אוויר,Kia,מנוע / סינון,,air_filter,"מק""ט מקורי, רמת דגם. מקור: קטלוג ראשי (AUTODOC).",1,OEM:28113-Q5000:Kia,יונדאי:i20:2014:2020:1.2
S2811 3F2000,מסנן אוויר — יונדאי i20,מסנן אוויר,Kia,מנוע / סינון,,air_filter,"מק""ט מקורי, רמת דגם. מקור: קטלוג ראשי (AUTODOC).",1,OEM:S2811 3F2000:Kia,יונדאי:i20:2014:2020:1.2
584110U300,דיסק בלם קדמי — יונדאי i20,דיסק בלם קדמי,Kia,בלמים,,brake_disc_front,"מק""ט מקורי, רמת דגם. מקור: קטלוג ראשי (AUTODOC).",1,OEM:584110U300:Kia,יונדאי:i20:2014:2020:1.2
58411C8000,דיסק בלם קדמי — יונדאי i20,דיסק בלם קדמי,Hyundai,בלמים,,brake_disc_front,"מק""ט מקורי, רמת דגם. מקור: קטלוג ראשי (AUTODOC).",1,OEM:58411C8000:Hyundai,יונדאי:i20:2014:2020:1.2
97133-2H001,מסנן מזגן — יונדאי i20,מסנן מזגן,Kia,מנוע / סינון,,cabin_filter,"מק""ט מקורי, רמת דגם. מקור: קטלוג ראשי (AUTODOC), hyundaipartsdeal.com. https://www.hyundaipartsdeal.com/oem-hyundai-tucson-cabin_air_filter.html",1,OEM:97133-2H001:Kia,יונדאי:i20:2014:2020:1.2; יונדאי:TUCSON:2015:2017:Electric
152083J400XX,מסנן שמן — יונדאי i20,מסנן שמן,Mazda,מנוע / סינון,,oil_filter,"מק""ט מקורי, רמת דגם. מקור: קטלוג ראשי (AUTODOC).",1,OEM:152083J400XX:Mazda,יונדאי:i20:2014:2020:1.0 T-GDI
281133Z100,מסנן אוויר — יונדאי i30,מסנן אוויר,Kia,מנוע / סינון,,air_filter,"מק""ט מקורי, רמת דגם. מקור: קטלוג ראשי (AUTODOC).",1,OEM:281133Z100:Kia,יונדאי:i30:2016:2020:1.4 MPI
15400PH1F03,מסנן שמן — יונדאי i30,מסנן שמן,Kia,מנוע / סינון,,oil_filter,"מק""ט מקורי, רמת דגם. מקור: קטלוג ראשי (AUTODOC).",1,OEM:15400PH1F03:Kia,יונדאי:i30:2016:2020:1.4 T-GDI
PEHH133A09A,מסנן אוויר — מאזדה CX-3,מסנן אוויר,Mazda,מנוע / סינון,,air_filter,"מק""ט מקורי, רמת דגם. מקור: קטלוג ראשי (AUTODOC).",1,OEM:PEHH133A09A:Mazda,מאזדה:CX-3:2015:2026
B45G33251A,דיסק בלם קדמי — מאזדה CX-3,דיסק בלם קדמי,Mazda,בלמים,,brake_disc_front,"מק""ט מקורי, רמת דגם. מקור: קטלוג ראשי (AUTODOC).",1,OEM:B45G33251A:Mazda,מאזדה:CX-3:2015:2026
BJT233251A,דיסק בלם קדמי — מאזדה CX-3,דיסק בלם קדמי,Mazda,בלמים,,brake_disc_front,"מק""ט מקורי, רמת דגם. מקור: קטלוג ראשי (AUTODOC).",1,OEM:BJT233251A:Mazda,מאזדה:CX-3:2015:2026
BKC533251,דיסק בלם קדמי — מאזדה CX-3,דיסק בלם קדמי,Mazda,בלמים,,brake_disc_front,"מק""ט מקורי, רמת דגם. מקור: קטלוג ראשי (AUTODOC).",1,OEM:BKC533251:Mazda,מאזדה:CX-3:2015:2026
B4Y03328ZB,רפידות בלם קדמיות — מאזדה CX-3,רפידות בלם קדמיות,Mazda,בלמים,,brake_pads_front,"מק""ט מקורי, רמת דגם. מקור: קטלוג ראשי (AUTODOC).",1,OEM:B4Y03328ZB:Mazda,מאזדה:CX-3:2015:2026
B6YS3328ZA,רפידות בלם קדמיות — מאזדה CX-3,רפידות בלם קדמיות,Mazda,בלמים,,brake_pads_front,"מק""ט מקורי, רמת דגם. מקור: קטלוג ראשי (AUTODOC).",1,OEM:B6YS3328ZA:Mazda,מאזדה:CX-3:2015:2026
B6YS3328ZB,רפידות בלם קדמיות — מאזדה CX-3,רפידות בלם קדמיות,Mazda,בלמים,,brake_pads_front,"מק""ט מקורי, רמת דגם. מקור: קטלוג ראשי (AUTODOC).",1,OEM:B6YS3328ZB:Mazda,מאזדה:CX-3:2015:2026
BHY13328ZA,רפידות בלם קדמיות — מאזדה CX-3,רפידות בלם קדמיות,Mazda,בלמים,,brake_pads_front,"מק""ט מקורי, רמת דגם. מקור: קטלוג ראשי (AUTODOC).",1,OEM:BHY13328ZA:Mazda,מאזדה:CX-3:2015:2026
BHY13328ZA9C,רפידות בלם קדמיות — מאזדה CX-3,רפידות בלם קדמיות,Mazda,בלמים,,brake_pads_front,"מק""ט מקורי, רמת דגם. מקור: קטלוג ראשי (AUTODOC).",1,OEM:BHY13328ZA9C:Mazda,מאזדה:CX-3:2015:2026
DFY53328Z,רפידות בלם קדמיות — מאזדה CX-3,רפידות בלם קדמיות,Mazda,בלמים,,brake_pads_front,"מק""ט מקורי, רמת דגם. מקור: קטלוג ראשי (AUTODOC).",1,OEM:DFY53328Z:Mazda,מאזדה:CX-3:2015:2026
DGY93328Z,רפידות בלם קדמיות — מאזדה CX-3,רפידות בלם קדמיות,Mazda,בלמים,,brake_pads_front,"מק""ט מקורי, רמת דגם. מקור: קטלוג ראשי (AUTODOC).",1,OEM:DGY93328Z:Mazda,מאזדה:CX-3:2015:2026
87139-WB001,מסנן מזגן — מאזדה CX-3,מסנן מזגן,Toyota,מנוע / סינון,,cabin_filter,"מק""ט מקורי, רמת דגם. מקור: קטלוג ראשי (AUTODOC).",1,OEM:87139-WB001:Toyota,מאזדה:CX-3:2015:2026
D09W-61-J6X,מסנן מזגן — מאזדה CX-3,מסנן מזגן,Mazda,מנוע / סינון,,cabin_filter,"מק""ט מקורי, רמת דגם. מקור: קטלוג ראשי (AUTODOC).",1,OEM:D09W-61-J6X:Mazda,מאזדה:CX-3:2015:2026
D09W-61-J6X-9A,מסנן מזגן — מאזדה CX-3,מסנן מזגן,Mazda,מנוע / סינון,,cabin_filter,"מק""ט מקורי, רמת דגם. מקור: קטלוג ראשי (AUTODOC).",1,OEM:D09W-61-J6X-9A:Mazda,מאזדה:CX-3:2015:2026
DB9L-61-J6X,מסנן מזגן — מאזדה CX-3,מסנן מזגן,Mazda,מנוע / סינון,,cabin_filter,"מק""ט מקורי, רמת דגם. מקור: קטלוג ראשי (AUTODOC).",1,OEM:DB9L-61-J6X:Mazda,מאזדה:CX-3:2015:2026
V9110-5637,מצת — מאזדה CX-3,מצת,Mazda,הצתה,,spark_plug,"מק""ט מקורי, רמת דגם. מקור: קטלוג ראשי (AUTODOC).",1,OEM:V9110-5637:Mazda,מאזדה:CX-3:2015:2026
PAH9133A0A,מסנן אוויר — מאזדה CX-30,מסנן אוויר,Mazda,מנוע / סינון,,air_filter,"מק""ט מקורי, רמת דגם. מקור: קטלוג ראשי (AUTODOC).",1,OEM:PAH9133A0A:Mazda,מאזדה:CX-30:2019:2026
K01126225B,דיסק בלם קדמי — מאזדה CX-30,דיסק בלם קדמי,Mazda,בלמים,,brake_disc_front,"מק""ט מקורי, רמת דגם. מקור: קטלוג ראשי (AUTODOC).",1,OEM:K01126225B:Mazda,מאזדה:CX-30:2019:2026
K01126251,דיסק בלם קדמי — מאזדה CX-30,דיסק בלם קדמי,Mazda,בלמים,,brake_disc_front,"מק""ט מקורי, רמת דגם. מקור: קטלוג ראשי (AUTODOC).",1,OEM:K01126251:Mazda,מאזדה:CX-30:2019:2026
K01126251A,דיסק בלם קדמי — מאזדה CX-30,דיסק בלם קדמי,Mazda,בלמים,,brake_disc_front,"מק""ט מקורי, רמת דגם. מקור: קטלוג ראשי (AUTODOC).",1,OEM:K01126251A:Mazda,מאזדה:CX-30:2019:2026
K01126251B,דיסק בלם קדמי — מאזדה CX-30,דיסק בלם קדמי,Mazda,בלמים,,brake_disc_front,"מק""ט מקורי, רמת דגם. מקור: קטלוג ראשי (AUTODOC).",1,OEM:K01126251B:Mazda,מאזדה:CX-30:2019:2026
K01126251C,דיסק בלם קדמי — מאזדה CX-30,דיסק בלם קדמי,Mazda,בלמים,,brake_disc_front,"מק""ט מקורי, רמת דגם. מקור: קטלוג ראשי (AUTODOC).",1,OEM:K01126251C:Mazda,מאזדה:CX-30:2019:2026
KR1226251,דיסק בלם קדמי — מאזדה CX-30,דיסק בלם קדמי,Mazda,בלמים,,brake_disc_front,"מק""ט מקורי, רמת דגם. מקור: קטלוג ראשי (AUTODOC).",1,OEM:KR1226251:Mazda,מאזדה:CX-30:2019:2026
BDGG-61-J6X-9A,מסנן מזגן — מאזדה CX-30,מסנן מזגן,Mazda,מנוע / סינון,,cabin_filter,"מק""ט מקורי, רמת דגם. מקור: קטלוג ראשי (AUTODOC).",1,OEM:BDGG-61-J6X-9A:Mazda,מאזדה:CX-30:2019:2026
KD45-61-J6X,מסנן מזגן — מאזדה CX-30,מסנן מזגן,Mazda,מנוע / סינון,,cabin_filter,"מק""ט מקורי, רמת דגם. מקור: קטלוג ראשי (AUTODOC).",1,OEM:KD45-61-J6X:Mazda,מאזדה:CX-30:2019:2026
KD4561J6X 9A,מסנן מזגן — מאזדה CX-30,מסנן מזגן,Mazda,מנוע / סינון,,cabin_filter,"מק""ט מקורי, רמת דגם. מקור: קטלוג ראשי (AUTODOC).",1,OEM:KD4561J6X 9A:Mazda,מאזדה:CX-30:2019:2026
PE07-13-3A0A,מסנן אוויר — מאזדה CX-5,מסנן אוויר,Mazda,מנוע / סינון,,air_filter,"מק""ט מקורי, רמת דגם. מקור: קטלוג ראשי (AUTODOC).",1,OEM:PE07-13-3A0A:Mazda,מאזדה:CX-5:2017:2026
PEAJ-13-3A0,מסנן אוויר — מאזדה CX-5,מסנן אוויר,Mazda,מנוע / סינון,,air_filter,"מק""ט מקורי, רמת דגם. מקור: קטלוג ראשי (AUTODOC).",1,OEM:PEAJ-13-3A0:Mazda,מאזדה:CX-5:2017:2026
PEAR-13-3A0,מסנן אוויר — מאזדה CX-5,מסנן אוויר,Mazda,מנוע / סינון,,air_filter,"מק""ט מקורי, רמת דגם. מקור: קטלוג ראשי (AUTODOC).",1,OEM:PEAR-13-3A0:Mazda,מאזדה:CX-5:2017:2026
GBFT33251,דיסק בלם קדמי — מאזדה CX-5,דיסק בלם קדמי,Mazda,בלמים,,brake_disc_front,"מק""ט מקורי, רמת דגם. מקור: קטלוג ראשי (AUTODOC).",1,OEM:GBFT33251:Mazda,מאזדה:CX-5:2017:2026
GBFT33251A,דיסק בלם קדמי — מאזדה CX-5,דיסק בלם קדמי,Mazda,בלמים,,brake_disc_front,"מק""ט מקורי, רמת דגם. מקור: קטלוג ראשי (AUTODOC).",1,OEM:GBFT33251A:Mazda,מאזדה:CX-5:2017:2026
KD4533251,דיסק בלם קדמי — מאזדה CX-5,דיסק בלם קדמי,Mazda,בלמים,,brake_disc_front,"מק""ט מקורי, רמת דגם. מקור: קטלוג ראשי (AUTODOC).",1,OEM:KD4533251:Mazda,מאזדה:CX-5:2017:2026
KT7733251,דיסק בלם קדמי — מאזדה CX-5,דיסק בלם קדמי,Mazda,בלמים,,brake_disc_front,"מק""ט מקורי, רמת דגם. מקור: קטלוג ראשי (AUTODOC).",1,OEM:KT7733251:Mazda,מאזדה:CX-5:2017:2026
K0Y13328Z,רפידות בלם קדמיות — מאזדה CX-5,רפידות בלם קדמיות,Mazda,בלמים,,brake_pads_front,"מק""ט מקורי, רמת דגם. מקור: קטלוג ראשי (AUTODOC).",1,OEM:K0Y13328Z:Mazda,מאזדה:CX-5:2017:2026
K0Y13328ZA,רפידות בלם קדמיות — מאזדה CX-5,רפידות בלם קדמיות,Mazda,בלמים,,brake_pads_front,"מק""ט מקורי, רמת דגם. מקור: קטלוג ראשי (AUTODOC).",1,OEM:K0Y13328ZA:Mazda,מאזדה:CX-5:2017:2026
K0Y13328ZB,רפידות בלם קדמיות — מאזדה CX-5,רפידות בלם קדמיות,Mazda,בלמים,,brake_pads_front,"מק""ט מקורי, רמת דגם. מקור: קטלוג ראשי (AUTODOC).",1,OEM:K0Y13328ZB:Mazda,מאזדה:CX-5:2017:2026
KCYR3328Z,רפידות בלם קדמיות — מאזדה CX-5,רפידות בלם קדמיות,Mazda,בלמים,,brake_pads_front,"מק""ט מקורי, רמת דגם. מקור: קטלוג ראשי (AUTODOC).",1,OEM:KCYR3328Z:Mazda,מאזדה:CX-5:2017:2026
KDY93328Z,רפידות בלם קדמיות — מאזדה CX-5,רפידות בלם קדמיות,Mazda,בלמים,,brake_pads_front,"מק""ט מקורי, רמת דגם. מקור: קטלוג ראשי (AUTODOC).",1,OEM:KDY93328Z:Mazda,מאזדה:CX-5:2017:2026
KDY93328ZA9C,רפידות בלם קדמיות — מאזדה CX-5,רפידות בלם קדמיות,Mazda,בלמים,,brake_pads_front,"מק""ט מקורי, רמת דגם. מקור: קטלוג ראשי (AUTODOC).",1,OEM:KDY93328ZA9C:Mazda,מאזדה:CX-5:2017:2026
KAY0-26-48Z,רפידות בלם אחוריות — מאזדה CX-5,רפידות בלם אחוריות,Mazda,בלמים,,brake_pads_rear,"מק""ט מקורי, רמת דגם. מקור: זרע חלקים מתכלים.",1,OEM:KAY0-26-48Z:Mazda,מאזדה:CX-5:2017:2026
KB7W-52-240,כנף קדמית — מאזדה CX-5,כנף קדמית,Mazda,תאורה ופחחות,,fender,"מק""ט מקורי, רמת דגם. מקור: קטלוג ראשי (AUTODOC).",1,OEM:KB7W-52-240:Mazda,מאזדה:CX-5:2017:2026
KDPW-52-240,כנף קדמית — מאזדה CX-5,כנף קדמית,Mazda,תאורה ופחחות,,fender,"מק""ט מקורי, רמת דגם. מקור: קטלוג ראשי (AUTODOC).",1,OEM:KDPW-52-240:Mazda,מאזדה:CX-5:2017:2026
KDPW-52-240A,כנף קדמית — מאזדה CX-5,כנף קדמית,Mazda,תאורה ופחחות,,fender,"מק""ט מקורי, רמת דגם. מקור: קטלוג ראשי (AUTODOC).",1,OEM:KDPW-52-240A:Mazda,מאזדה:CX-5:2017:2026
B63B-51-690,פנס ערפל קדמי — מאזדה CX-5,פנס ערפל קדמי,Mazda,תאורה ופחחות,,fog_light,"מק""ט מקורי, רמת דגם. מקור: קטלוג ראשי (AUTODOC).",1,OEM:B63B-51-690:Mazda,מאזדה:CX-5:2017:2026
B63B-51-690A,פנס ערפל קדמי — מאזדה CX-5,פנס ערפל קדמי,Mazda,תאורה ופחחות,,fog_light,"מק""ט מקורי, רמת דגם. מקור: קטלוג ראשי (AUTODOC).",1,OEM:B63B-51-690A:Mazda,מאזדה:CX-5:2017:2026
KB8A-50-031EBB,פגוש קדמי — מאזדה CX-5,פגוש קדמי,Mazda,תאורה ופחחות,,front_bumper,"מק""ט מקורי, רמת דגם. מקור: קטלוג ראשי (AUTODOC).",1,OEM:KB8A-50-031EBB:Mazda,מאזדה:CX-5:2017:2026
KB7W-34-900B,בולם זעזועים קדמי — מאזדה CX-5,בולם זעזועים קדמי,Mazda,מתלים,,shock_absorber_front,"מק""ט מקורי, רמת דגם. מקור: זרע חלקים מתכלים.",1,OEM:KB7W-34-900B:Mazda,מאזדה:CX-5:2017:2026
KB8D-69-181A,מראת צד — מאזדה CX-5,מראת צד,Mazda,תאורה ופחחות,,side_mirror,"מק""ט מקורי, רמת דגם. מקור: קטלוג ראשי (AUTODOC).",1,OEM:KB8D-69-181A:Mazda,מאזדה:CX-5:2017:2026
TK48-69-1N7A,מראת צד — מאזדה CX-5,מראת צד,Mazda,תאורה ופחחות,,side_mirror,"מק""ט מקורי, רמת דגם. מקור: קטלוג ראשי (AUTODOC).",1,OEM:TK48-69-1N7A:Mazda,מאזדה:CX-5:2017:2026
TK93-69-1G7,מראת צד — מאזדה CX-5,מראת צד,Mazda,תאורה ופחחות,,side_mirror,"מק""ט מקורי, רמת דגם. מקור: קטלוג ראשי (AUTODOC).",1,OEM:TK93-69-1G7:Mazda,מאזדה:CX-5:2017:2026
K123-51-150B,פנס אחורי — מאזדה CX-5,פנס אחורי,Mazda,תאורה ופחחות,,taillight,"מק""ט מקורי, רמת דגם. מקור: קטלוג ראשי (AUTODOC).",1,OEM:K123-51-150B:Mazda,מאזדה:CX-5:2017:2026
K123-51-150C,פנס אחורי — מאזדה CX-5,פנס אחורי,Mazda,תאורה ופחחות,,taillight,"מק""ט מקורי, רמת דגם. מקור: קטלוג ראשי (AUTODOC).",1,OEM:K123-51-150C:Mazda,מאזדה:CX-5:2017:2026
K123-51-150D,פנס אחורי — מאזדה CX-5,פנס אחורי,Mazda,תאורה ופחחות,,taillight,"מק""ט מקורי, רמת דגם. מקור: קטלוג ראשי (AUTODOC).",1,OEM:K123-51-150D:Mazda,מאזדה:CX-5:2017:2026
K123-51-150E,פנס אחורי — מאזדה CX-5,פנס אחורי,Mazda,תאורה ופחחות,,taillight,"מק""ט מקורי, רמת דגם. מקור: קטלוג ראשי (AUTODOC).",1,OEM:K123-51-150E:Mazda,מאזדה:CX-5:2017:2026
K123-51-150G,פנס אחורי — מאזדה CX-5,פנס אחורי,Mazda,תאורה ופחחות,,taillight,"מק""ט מקורי, רמת דגם. מקור: קטלוג ראשי (AUTODOC).",1,OEM:K123-51-150G:Mazda,מאזדה:CX-5:2017:2026
K123-51-150H,פנס אחורי — מאזדה CX-5,פנס אחורי,Mazda,תאורה ופחחות,,taillight,"מק""ט מקורי, רמת דגם. מקור: קטלוג ראשי (AUTODOC).",1,OEM:K123-51-150H:Mazda,מאזדה:CX-5:2017:2026
P501133A0,מסנן אוויר — מאזדה MAZDA 2,מסנן אוויר,Mazda,מנוע / סינון,,air_filter,"מק""ט מקורי, רמת דגם. מקור: קטלוג ראשי (AUTODOC).",1,OEM:P501133A0:Mazda,מאזדה:MAZDA 2:2014:2026
DAY43328ZA,רפידות בלם קדמיות — מאזדה MAZDA 2,רפידות בלם קדמיות,Mazda,בלמים,,brake_pads_front,"מק""ט מקורי, רמת דגם. מקור: קטלוג ראשי (AUTODOC).",1,OEM:DAY43328ZA:Mazda,מאזדה:MAZDA 2:2014:2026
B4Y03328ZA,רפידות בלם קדמיות — מאזדה MAZDA 3,רפידות בלם קדמיות,Mazda,בלמים,,brake_pads_front,"מק""ט מקורי, רמת דגם. מקור: קטלוג ראשי (AUTODOC).",1,OEM:B4Y03328ZA:Mazda,מאזדה:MAZDA 3:2013:2019
KD47-61-J6X 9A,מסנן מזגן — מאזדה MAZDA 3,מסנן מזגן,Mazda,מנוע / סינון,,cabin_filter,"מק""ט מקורי, רמת דגם. מקור: קטלוג ראשי (AUTODOC).",1,OEM:KD47-61-J6X 9A:Mazda,מאזדה:MAZDA 3:2013:2019
KD4-561-J6X,מסנן מזגן — מאזדה MAZDA 6,מסנן מזגן,Mazda,מנוע / סינון,,cabin_filter,"מק""ט מקורי, רמת דגם. מקור: קטלוג ראשי (AUTODOC).",1,OEM:KD4-561-J6X:Mazda,מאזדה:MAZDA 6:2012:2026
KD4561J6X,מסנן מזגן — מאזדה MAZDA 6,מסנן מזגן,Mazda,מנוע / סינון,,cabin_filter,"מק""ט מקורי, רמת דגם. מקור: קטלוג ראשי (AUTODOC).",1,OEM:KD4561J6X:Mazda,מאזדה:MAZDA 6:2012:2026
KD4561J6X9A,מסנן מזגן — מאזדה MAZDA 6,מסנן מזגן,Mazda,מנוע / סינון,,cabin_filter,"מק""ט מקורי, רמת דגם. מקור: קטלוג ראשי (AUTODOC).",1,OEM:KD4561J6X9A:Mazda,מאזדה:MAZDA 6:2012:2026
KD4561J6X9U,מסנן מזגן — מאזדה MAZDA 6,מסנן מזגן,Mazda,מנוע / סינון,,cabin_filter,"מק""ט מקורי, רמת דגם. מקור: קטלוג ראשי (AUTODOC).",1,OEM:KD4561J6X9U:Mazda,מאזדה:MAZDA 6:2012:2026
SHY114302,מסנן שמן — מאזדה MAZDA 6,מסנן שמן,Mazda,מנוע / סינון,,oil_filter,"מק""ט מקורי, רמת דגם. מקור: קטלוג ראשי (AUTODOC).",1,OEM:SHY114302:Mazda,מאזדה:MAZDA 6:2012:2026
6000615556,מסנן אוויר — מאזדה MX-5,מסנן אוויר,Mazda,מנוע / סינון,,air_filter,"מק""ט מקורי, רמת דגם. מקור: קטלוג ראשי (AUTODOC).",1,OEM:6000615556:Mazda,מאזדה:MX-5:2015:2026
PEES-13-3A0,מסנן אוויר — מאזדה MX-5,מסנן אוויר,Mazda,מנוע / סינון,,air_filter,"מק""ט מקורי, רמת דגם. מקור: קטלוג ראשי (AUTODOC).",1,OEM:PEES-13-3A0:Mazda,מאזדה:MX-5:2015:2026
D09T33251,דיסק בלם קדמי — מאזדה MX-5,דיסק בלם קדמי,Mazda,בלמים,,brake_disc_front,"מק""ט מקורי, רמת דגם. מקור: קטלוג ראשי (AUTODOC).",1,OEM:D09T33251:Mazda,מאזדה:MX-5:2015:2026
DA6A33251A,דיסק בלם קדמי — מאזדה MX-5,דיסק בלם קדמי,Mazda,בלמים,,brake_disc_front,"מק""ט מקורי, רמת דגם. מקור: קטלוג ראשי (AUTODOC).",1,OEM:DA6A33251A:Mazda,מאזדה:MX-5:2015:2026
DA7R33251,דיסק בלם קדמי — מאזדה MX-5,דיסק בלם קדמי,Mazda,בלמים,,brake_disc_front,"מק""ט מקורי, רמת דגם. מקור: קטלוג ראשי (AUTODOC).",1,OEM:DA7R33251:Mazda,מאזדה:MX-5:2015:2026
N2Y32648Z,רפידות בלם קדמיות — מאזדה MX-5,רפידות בלם קדמיות,Mazda,בלמים,,brake_pads_front,"מק""ט מקורי, רמת דגם. מקור: קטלוג ראשי (AUTODOC).",1,OEM:N2Y32648Z:Mazda,מאזדה:MX-5:2015:2026
N2Y32648ZA,רפידות בלם קדמיות — מאזדה MX-5,רפידות בלם קדמיות,Mazda,בלמים,,brake_pads_front,"מק""ט מקורי, רמת דגם. מקור: קטלוג ראשי (AUTODOC).",1,OEM:N2Y32648ZA:Mazda,מאזדה:MX-5:2015:2026
N2Y32648ZB,רפידות בלם קדמיות — מאזדה MX-5,רפידות בלם קדמיות,Mazda,בלמים,,brake_pads_front,"מק""ט מקורי, רמת דגם. מקור: קטלוג ראשי (AUTODOC).",1,OEM:N2Y32648ZB:Mazda,מאזדה:MX-5:2015:2026
NFY72643Z,רפידות בלם קדמיות — מאזדה MX-5,רפידות בלם קדמיות,Mazda,בלמים,,brake_pads_front,"מק""ט מקורי, רמת דגם. מקור: קטלוג ראשי (AUTODOC).",1,OEM:NFY72643Z:Mazda,מאזדה:MX-5:2015:2026
NFY72648ZB,רפידות בלם קדמיות — מאזדה MX-5,רפידות בלם קדמיות,Mazda,בלמים,,brake_pads_front,"מק""ט מקורי, רמת דגם. מקור: קטלוג ראשי (AUTODOC).",1,OEM:NFY72648ZB:Mazda,מאזדה:MX-5:2015:2026
NFY72649Z,רפידות בלם קדמיות — מאזדה MX-5,רפידות בלם קדמיות,Mazda,בלמים,,brake_pads_front,"מק""ט מקורי, רמת דגם. מקור: קטלוג ראשי (AUTODOC).",1,OEM:NFY72649Z:Mazda,מאזדה:MX-5:2015:2026
1500A617,מסנן אוויר — מיצובישי SPACE STAR,מסנן אוויר,Mitsubishi,מנוע / סינון,,air_filter,"מק""ט מקורי, רמת דגם. מקור: זרע פערי דגמים.",1,OEM:1500A617:Mitsubishi,מיצובישי:SPACE STAR:2013:2026:1.2 3A92
97133C4100,מסנן מזגן — מיצובישי SPACE STAR,מסנן מזגן,Mitsubishi,מנוע / סינון,,cabin_filter,"מק""ט מקורי, רמת דגם. מקור: זרע פערי דגמים.",1,OEM:97133C4100:Mitsubishi,מיצובישי:SPACE STAR:2013:2026:1.2 3A92
MZ690115,מסנן שמן — מיצובישי SPACE STAR,מסנן שמן,Mitsubishi,מנוע / סינון,,oil_filter,"מק""ט מקורי, רמת דגם. מקור: זרע פערי דגמים.",1,OEM:MZ690115:Mitsubishi,מיצובישי:SPACE STAR:2013:2026:1.2 3A92
MZ690116,מסנן שמן — מיצובישי SPACE STAR,מסנן שמן,Mitsubishi,מנוע / סינון,,oil_filter,"מק""ט מקורי, רמת דגם. מקור: זרע פערי דגמים.",1,OEM:MZ690116:Mitsubishi,מיצובישי:SPACE STAR:2013:2026:1.2 3A92
16546-30P00,מסנן אוויר — ניסאן MICRA,מסנן אוויר,Nissan,מנוע / סינון,,air_filter,"מק""ט מקורי, רמת דגם. מקור: זרע פערי דגמים.",1,OEM:16546-30P00:Nissan,ניסאן:MICRA:2010:2017:1.2 HR12DE
16546-73C10,מסנן אוויר — ניסאן MICRA,מסנן אוויר,Nissan,מנוע / סינון,,air_filter,"מק""ט מקורי, רמת דגם. מקור: זרע פערי דגמים.",1,OEM:16546-73C10:Nissan,ניסאן:MICRA:2010:2017:1.2 HR12DE
272771HDKE,מסנן מזגן — ניסאן MICRA,מסנן מזגן,Nissan,מנוע / סינון,,cabin_filter,"מק""ט מקורי, רמת דגם. מקור: זרע פערי דגמים.",1,OEM:272771HDKE:Nissan,ניסאן:MICRA:2010:2017:1.2 HR12DE
15208-65F00,מסנן שמן — ניסאן MICRA,מסנן שמן,Nissan,מנוע / סינון,,oil_filter,"מק""ט מקורי, רמת דגם. מקור: זרע פערי דגמים.",1,OEM:15208-65F00:Nissan,ניסאן:MICRA:2010:2017:1.2 HR12DE
15208-65F0A,מסנן שמן — ניסאן MICRA,מסנן שמן,Nissan,מנוע / סינון,,oil_filter,"מק""ט מקורי, רמת דגם. מקור: זרע פערי דגמים.",1,OEM:15208-65F0A:Nissan,ניסאן:MICRA:2010:2017:1.2 HR12DE
15208-65F0C,מסנן שמן — ניסאן MICRA,מסנן שמן,Nissan,מנוע / סינון,,oil_filter,"מק""ט מקורי, רמת דגם. מקור: זרע פערי דגמים.",1,OEM:15208-65F0C:Nissan,ניסאן:MICRA:2010:2017:1.2 HR12DE
16546-4BA1A,מסנן אוויר — ניסאן QASHQAI,מסנן אוויר,Nissan,מנוע / סינון,,air_filter,"מק""ט מקורי, רמת דגם. מקור: קטלוג ראשי (AUTODOC).",1,OEM:16546-4BA1A:Nissan,ניסאן:QASHQAI:2013:2021
16546-4BC1A,מסנן אוויר — ניסאן QASHQAI,מסנן אוויר,Nissan,מנוע / סינון,,air_filter,"מק""ט מקורי, רמת דגם. מקור: קטלוג ראשי (AUTODOC).",1,OEM:16546-4BC1A:Nissan,ניסאן:QASHQAI:2013:2021
272772621R,מסנן מזגן — ניסאן X-TRAIL,מסנן מזגן,Nissan,מנוע / סינון,,cabin_filter,"מק""ט מקורי, רמת דגם. מקור: זרע פערי דגמים.",1,OEM:272772621R:Nissan,ניסאן:X-TRAIL:2014:2022:2.0 MR20DD
16546AA090,מסנן אוויר — סובארו XV,מסנן אוויר,Subaru,מנוע / סינון,,air_filter,"מק""ט מקורי, רמת דגם. מקור: זרע פערי דגמים.",1,OEM:16546AA090:Subaru,סובארו:XV:2012:2023:1.6 FB16
72880FG000,מסנן מזגן — סובארו XV,מסנן מזגן,Subaru,מנוע / סינון,,cabin_filter,"מק""ט מקורי, רמת דגם. מקור: זרע פערי דגמים.",1,OEM:72880FG000:Subaru,סובארו:XV:2012:2023:1.6 FB16
15208AA15A,מסנן שמן — סובארו XV,מסנן שמן,Subaru,מנוע / סינון,,oil_filter,"מק""ט מקורי, רמת דגם. מקור: זרע פערי דגמים.",1,OEM:15208AA15A:Subaru,סובארו:XV:2012:2023:1.6 FB16
15208AA160,מסנן שמן — סובארו XV,מסנן שמן,Subaru,מנוע / סינון,,oil_filter,"מק""ט מקורי, רמת דגם. מקור: זרע פערי דגמים.",1,OEM:15208AA160:Subaru,סובארו:XV:2012:2023:1.6 FB16
13780-69L00,מסנן אוויר — סוזוקי SWIFT,מסנן אוויר,Suzuki,מנוע / סינון,,air_filter,"מק""ט מקורי, רמת דגם. מקור: קטלוג ראשי (AUTODOC).",1,OEM:13780-69L00:Suzuki,סוזוקי:SWIFT:2010:2017
95860-62J00,מסנן מזגן — סוזוקי SWIFT,מסנן מזגן,Suzuki,מנוע / סינון,,cabin_filter,"מק""ט מקורי, רמת דגם. מקור: קטלוג ראשי (AUTODOC).",1,OEM:95860-62J00:Suzuki,סוזוקי:SWIFT:2010:2017
13780-61M00,מסנן אוויר — סוזוקי SX4 CROSSOVER,מסנן אוויר,Suzuki,מנוע / סינון,,air_filter,"מק""ט מקורי, רמת דגם. מקור: זרע פערי דגמים.",1,OEM:13780-61M00:Suzuki,סוזוקי:SX4 CROSSOVER:2013:2017:1.6 M16A
95860-61M00,מסנן מזגן — סוזוקי SX4 CROSSOVER,מסנן מזגן,Suzuki,מנוע / סינון,,cabin_filter,"מק""ט מקורי, רמת דגם. מקור: זרע פערי דגמים.",1,OEM:95860-61M00:Suzuki,סוזוקי:SX4 CROSSOVER:2013:2017:1.6 M16A
16510-61A30,מסנן שמן — סוזוקי SX4 CROSSOVER,מסנן שמן,Suzuki,מנוע / סינון,,oil_filter,"מק""ט מקורי, רמת דגם. מקור: זרע פערי דגמים.",1,OEM:16510-61A30:Suzuki,סוזוקי:SX4 CROSSOVER:2013:2017:1.6 M16A
16510-61A31,מסנן שמן — סוזוקי SX4 CROSSOVER,מסנן שמן,Suzuki,מנוע / סינון,,oil_filter,"מק""ט מקורי, רמת דגם. מקור: זרע פערי דגמים.",1,OEM:16510-61A31:Suzuki,סוזוקי:SX4 CROSSOVER:2013:2017:1.6 M16A
04C129620A,מסנן אוויר — סיאט ARONA,מסנן אוויר,VW,מנוע / סינון,,air_filter,"מק""ט מקורי, רמת דגם. מקור: זרע פערי דגמים.",1,OEM:04C129620A:VW,סיאט:ARONA:2017:2026:1.0 TSI
2Q0819669,מסנן מזגן — סיאט ARONA,מסנן מזגן,VW,מנוע / סינון,,cabin_filter,"מק""ט מקורי, רמת דגם. מקור: זרע פערי דגמים.",1,OEM:2Q0819669:VW,סיאט:ARONA:2017:2026:1.0 TSI
6R0819653,מסנן מזגן — סיאט ARONA,מסנן מזגן,VW,מנוע / סינון,,cabin_filter,"מק""ט מקורי, רמת דגם. מקור: זרע פערי דגמים.",1,OEM:6R0819653:VW,סיאט:ARONA:2017:2026:1.0 TSI
030115561AN,מסנן שמן — סיאט ARONA,מסנן שמן,VW,מנוע / סינון,,oil_filter,"מק""ט מקורי, רמת דגם. מקור: זרע פערי דגמים.",1,OEM:030115561AN:VW,סיאט:ARONA:2017:2026:1.0 TSI
04E115561AC,מסנן שמן — סיאט ARONA,מסנן שמן,VW,מנוע / סינון,,oil_filter,"מק""ט מקורי, רמת דגם. מקור: זרע פערי דגמים.",1,OEM:04E115561AC:VW,סיאט:ARONA:2017:2026:1.0 TSI
04E115561H,מסנן שמן — סיאט ARONA,מסנן שמן,VW,מנוע / סינון,,oil_filter,"מק""ט מקורי, רמת דגם. מקור: זרע פערי דגמים.",1,OEM:04E115561H:VW,סיאט:ARONA:2017:2026:1.0 TSI
04E115561T,מסנן שמן — סיאט ARONA,מסנן שמן,VW,מנוע / סינון,,oil_filter,"מק""ט מקורי, רמת דגם. מקור: זרע פערי דגמים.",1,OEM:04E115561T:VW,סיאט:ARONA:2017:2026:1.0 TSI
5Q0129620E,מסנן אוויר — סיאט IBIZA,מסנן אוויר,VW,מנוע / סינון,,air_filter,"מק""ט מקורי, רמת דגם. מקור: זרע פערי דגמים.",1,OEM:5Q0129620E:VW,סיאט:IBIZA:2017:2026:1.5 TSI
5Q0129620G,מסנן אוויר — סיאט IBIZA,מסנן אוויר,VW,מנוע / סינון,,air_filter,"מק""ט מקורי, רמת דגם. מקור: זרע פערי דגמים.",1,OEM:5Q0129620G:VW,סיאט:IBIZA:2017:2026:1.5 TSI
9802348680,מסנן אוויר — סיטרואן BERLINGO,מסנן אוויר,Citroen,מנוע / סינון,,air_filter,"מק""ט מקורי, רמת דגם. מקור: זרע פערי דגמים.",1,OEM:9802348680:Citroen,סיטרואן:BERLINGO:2014:2021:1.6 BlueHDi
6447XF,מסנן מזגן — סיטרואן BERLINGO,מסנן מזגן,Citroen,מנוע / סינון,,cabin_filter,"מק""ט מקורי, רמת דגם. מקור: זרע פערי דגמים.",1,OEM:6447XF:Citroen,סיטרואן:BERLINGO:2014:2021:1.6 BlueHDi
6447XG,מסנן מזגן — סיטרואן BERLINGO,מסנן מזגן,Citroen,מנוע / סינון,,cabin_filter,"מק""ט מקורי, רמת דגם. מקור: זרע פערי דגמים.",1,OEM:6447XG:Citroen,סיטרואן:BERLINGO:2014:2021:1.6 BlueHDi
1610693780,מסנן שמן — סיטרואן BERLINGO,מסנן שמן,Citroen,מנוע / סינון,,oil_filter,"מק""ט מקורי, רמת דגם. מקור: זרע פערי דגמים.",1,OEM:1610693780:Citroen,סיטרואן:BERLINGO:2014:2021:1.6 BlueHDi
1680233580,מסנן שמן — סיטרואן BERLINGO,מסנן שמן,Citroen,מנוע / סינון,,oil_filter,"מק""ט מקורי, רמת דגם. מקור: זרע פערי דגמים.",1,OEM:1680233580:Citroen,סיטרואן:BERLINGO:2014:2021:1.6 BlueHDi
04E 115 561 H,מסנן שמן — סקודה OCTAVIA,מסנן שמן,VW,מנוע / סינון,,oil_filter,"מק""ט מקורי, רמת דגם. מקור: קטלוג ראשי (AUTODOC).",1,OEM:04E 115 561 H:VW,סקודה:OCTAVIA
5Q0 129 620 B,מסנן אוויר — סקודה OCTAVIA,מסנן אוויר,Skoda,מנוע / סינון,,air_filter,"מק""ט מקורי, רמת דגם. מקור: קטלוג ראשי (AUTODOC).",1,OEM:5Q0 129 620 B:Skoda,סקודה:OCTAVIA:2013:2020
5Q0 129 620 C,מסנן אוויר — סקודה OCTAVIA,מסנן אוויר,Skoda,מנוע / סינון,,air_filter,"מק""ט מקורי, רמת דגם. מקור: קטלוג ראשי (AUTODOC).",1,OEM:5Q0 129 620 C:Skoda,סקודה:OCTAVIA:2013:2020
04L 109 243 G,רצועת טיימינג — סקודה OCTAVIA,רצועת טיימינג,Skoda,מנוע,,timing_belt,"מק""ט מקורי, רמת דגם. מקור: קטלוג ראשי (AUTODOC).",1,OEM:04L 109 243 G:Skoda,סקודה:OCTAVIA:2013:2020
04E 129 620,מסנן אוויר — סקודה OCTAVIA,מסנן אוויר,VW,מנוע / סינון,,air_filter,"מק""ט מקורי, רמת דגם. מקור: קטלוג ראשי (AUTODOC).",1,OEM:04E 129 620:VW,סקודה:OCTAVIA:2014:2020:1.4 TSI
5Q0413031FP,בולם זעזועים קדמי — סקודה OCTAVIA,בולם זעזועים קדמי,Skoda,מתלים,,shock_absorber_front,"מק""ט מקורי, רמת דגם. מקור: זרע חלקים מתכלים.",1,OEM:5Q0413031FP:Skoda,סקודה:OCTAVIA:2014:2020
04E 905 601,מצת — סקודה OCTAVIA,מצת,VW,הצתה,,spark_plug,"מק""ט מקורי, רמת דגם. מקור: קטלוג ראשי (AUTODOC).",1,OEM:04E 905 601:VW,סקודה:OCTAVIA:2014:2020:1.4 TSI
04E121600CS,משאבת מים — סקודה OCTAVIA,משאבת מים,Skoda,קירור,,water_pump,"מק""ט מקורי, רמת דגם. מקור: זרע חלקים מתכלים.",1,OEM:04E121600CS:Skoda,סקודה:OCTAVIA:2014:2020:1.4 TSI
04L 109 243 D,רצועת טיימינג — סקודה OCTAVIA,רצועת טיימינג,Skoda,מנוע,,timing_belt,"מק""ט מקורי, רמת דגם. מקור: קטלוג ראשי (AUTODOC).",1,OEM:04L 109 243 D:Skoda,סקודה:OCTAVIA:2017:2020
96 747 255 80,מסנן אוויר — פיג'ו 208,מסנן אוויר,Peugeot,מנוע / סינון,,air_filter,"מק""ט מקורי, רמת דגם. מקור: קטלוג ראשי (AUTODOC).",1,OEM:96 747 255 80:Peugeot,פיג'ו:208:2012:2019
9805552080,מסנן אוויר — פיג'ו 3008,מסנן אוויר,Peugeot,מנוע / סינון,,air_filter,"מק""ט מקורי, רמת דגם. מקור: זרע פערי דגמים.",1,OEM:9805552080:Peugeot,פיג'ו:3008:2016:2026:1.2 PureTech
26FL660,מגב — פיג'ו 5008,מגב,,תאורה ופחחות,,wiper_blade,"מק""ט מקורי, רמת דגם. מקור: קטלוג ראשי (AUTODOC).",1,OEM:26FL660,פיג'ו:5008
98 189 149 80,מסנן שמן — פיג'ו 5008,מסנן שמן,Peugeot,מנוע / סינון,,oil_filter,"מק""ט מקורי, רמת דגם. מקור: קטלוג ראשי (AUTODOC).",1,OEM:98 189 149 80:Peugeot,פיג'ו:5008:2016:2026
281132S000,מסנן אוויר — קיה CARENS,מסנן אוויר,Kia,מנוע / סינון,,air_filter,"מק""ט מקורי, רמת דגם. מקור: קטלוג ראשי (AUTODOC).",1,OEM:281132S000:Kia,קיה:CARENS:2013:2019
58411A4000,דיסק בלם קדמי — קיה CARENS,דיסק בלם קדמי,Kia,בלמים,,brake_disc_front,"מק""ט מקורי, רמת דגם. מקור: קטלוג ראשי (AUTODOC).",1,OEM:58411A4000:Kia,קיה:CARENS:2013:2019
58411B2500,דיסק בלם קדמי — קיה CARENS,דיסק בלם קדמי,Kia,בלמים,,brake_disc_front,"מק""ט מקורי, רמת דגם. מקור: קטלוג ראשי (AUTODOC).",1,OEM:58411B2500:Kia,קיה:CARENS:2013:2019
58411-G2300,דיסק בלם קדמי — קיה NIRO,דיסק בלם קדמי,Kia,בלמים,,brake_disc_front,"מק""ט מקורי, רמת דגם. מקור: קטלוג ראשי (AUTODOC).",1,OEM:58411-G2300:Kia,קיה:NIRO:2016:2022
971330Z000,מסנן מזגן — קיה NIRO,מסנן מזגן,Hyundai,מנוע / סינון,,cabin_filter,"מק""ט מקורי, רמת דגם. מקור: קטלוג ראשי (AUTODOC).",1,OEM:971330Z000:Hyundai,קיה:NIRO:2016:2022
971332E260AT,מסנן מזגן — קיה NIRO,מסנן מזגן,Hyundai,מנוע / סינון,,cabin_filter,"מק""ט מקורי, רמת דגם. מקור: קטלוג ראשי (AUTODOC).",1,OEM:971332E260AT:Hyundai,קיה:NIRO:2016:2022
97133D1000,מסנן מזגן — קיה NIRO,מסנן מזגן,Hyundai,מנוע / סינון,,cabin_filter,"מק""ט מקורי, רמת דגם. מקור: קטלוג ראשי (AUTODOC).",1,OEM:97133D1000:Hyundai,קיה:NIRO:2016:2022
97133D3000,מסנן מזגן — קיה NIRO,מסנן מזגן,Hyundai,מנוע / סינון,,cabin_filter,"מק""ט מקורי, רמת דגם. מקור: קטלוג ראשי (AUTODOC).",1,OEM:97133D3000:Hyundai,קיה:NIRO:2016:2022
97133D3200,מסנן מזגן — קיה NIRO,מסנן מזגן,Hyundai,מנוע / סינון,,cabin_filter,"מק""ט מקורי, רמת דגם. מקור: קטלוג ראשי (AUTODOC).",1,OEM:97133D3200:Hyundai,קיה:NIRO:2016:2022
97133J9000,מסנן מזגן — קיה NIRO,מסנן מזגן,Hyundai,מנוע / סינון,,cabin_filter,"מק""ט מקורי, רמת דגם. מקור: קטלוג ראשי (AUTODOC).",1,OEM:97133J9000:Hyundai,קיה:NIRO:2016:2022
28113G6000,מסנן אוויר — קיה PICANTO,מסנן אוויר,Kia,מנוע / סינון,,air_filter,"מק""ט מקורי, רמת דגם. מקור: קטלוג ראשי (AUTODOC).",1,OEM:28113G6000:Kia,קיה:PICANTO:2017:2026
37300-04070,אלטרנטור — קיה PICANTO,אלטרנטור,Kia,חשמל,,alternator,"מק""ט מקורי, רמת דגם. מקור: זרע חלקים מתכלים.",1,OEM:37300-04070:Kia,קיה:PICANTO:2017:2026
51712G6300,דיסק בלם קדמי — קיה PICANTO,דיסק בלם קדמי,Kia,בלמים,,brake_disc_front,"מק""ט מקורי, רמת דגם. מקור: קטלוג ראשי (AUTODOC).",1,OEM:51712G6300:Kia,קיה:PICANTO:2017:2026
58302-G6A10,רפידות בלם אחוריות — קיה PICANTO,רפידות בלם אחוריות,Kia,בלמים,,brake_pads_rear,"מק""ט מקורי, רמת דגם. מקור: זרע חלקים מתכלים.",1,OEM:58302-G6A10:Kia,קיה:PICANTO:2017:2026
97133-G6000,מסנן מזגן — קיה PICANTO,מסנן מזגן,Kia,מנוע / סינון,,cabin_filter,"מק""ט מקורי, רמת דגם. מקור: קטלוג ראשי (AUTODOC).",1,OEM:97133-G6000:Kia,קיה:PICANTO:2017:2026
92202-G6000,פנס ערפל קדמי — קיה PICANTO,פנס ערפל קדמי,Kia,תאורה ופחחות,,fog_light,"מק""ט מקורי, רמת דגם. מקור: קטלוג ראשי (AUTODOC).",1,OEM:92202-G6000:Kia,קיה:PICANTO:2017:2026
8651107500,פגוש קדמי — קיה PICANTO,פגוש קדמי,Kia,תאורה ופחחות,,front_bumper,"מק""ט מקורי, רמת דגם. מקור: קטלוג ראשי (AUTODOC).",1,OEM:8651107500:Kia,קיה:PICANTO:2017:2026
92101-G6000,פנס ראשי שמאל — קיה PICANTO,פנס ראשי שמאל,Kia,תאורה ופחחות,,headlight_left,"מק""ט מקורי, רמת דגם. מקור: קטלוג ראשי (AUTODOC).",1,OEM:92101-G6000:Kia,קיה:PICANTO:2017:2026
876201Y860,מראת צד — קיה PICANTO,מראת צד,Kia,תאורה ופחחות,,side_mirror,"מק""ט מקורי, רמת דגם. מקור: קטלוג ראשי (AUTODOC).",1,OEM:876201Y860:Kia,קיה:PICANTO:2017:2026
92401G6000,פנס אחורי — קיה PICANTO,פנס אחורי,Kia,תאורה ופחחות,,taillight,"מק""ט מקורי, רמת דגם. מקור: קטלוג ראשי (AUTODOC).",1,OEM:92401G6000:Kia,קיה:PICANTO:2017:2026
25212-2B020,רצועת אביזרים — קיה RIO,רצועת אביזרים,Kia,מנוע,,serpentine_belt,"מק""ט מקורי, רמת דגם. מקור: זרע חלקים מתכלים.",1,OEM:25212-2B020:Kia,קיה:RIO:2012:2020:1.6
28113-H8100,מסנן אוויר — קיה RIO,מסנן אוויר,Kia,מנוע / סינון,,air_filter,"מק""ט מקורי, רמת דגם. מקור: קטלוג ראשי (AUTODOC).",1,OEM:28113-H8100:Kia,קיה:RIO:2017:2026
58302-H9A10,רפידות בלם אחוריות — קיה RIO,רפידות בלם אחוריות,Kia,בלמים,,brake_pads_rear,"מק""ט מקורי, רמת דגם. מקור: זרע חלקים מתכלים, kiapartsnow.com. https://www.kiapartsnow.com/oem-kia-rio-brake_pad_set.html",1,OEM:58302-H9A10:Kia,קיה:RIO:2017:2026; קיה:RIO:2018:2020:1.6 Gamma / Gamma-II; יונדאי:ACCENT:2018:2022:GDI / MPI
66321H8050,כנף קדמית — קיה RIO,כנף קדמית,Kia,תאורה ופחחות,,fender,"מק""ט מקורי, רמת דגם. מקור: קטלוג ראשי (AUTODOC).",1,OEM:66321H8050:Kia,קיה:RIO:2017:2026
92201H8000,פנס ערפל קדמי — קיה RIO,פנס ערפל קדמי,Kia,תאורה ופחחות,,fog_light,"מק""ט מקורי, רמת דגם. מקור: קטלוג ראשי (AUTODOC).",1,OEM:92201H8000:Kia,קיה:RIO:2017:2026
86511-H8000,פגוש קדמי — קיה RIO,פגוש קדמי,Kia,תאורה ופחחות,,front_bumper,"מק""ט מקורי, רמת דגם. מקור: קטלוג ראשי (AUTODOC).",1,OEM:86511-H8000:Kia,קיה:RIO:2017:2020
86511H9000,פגוש קדמי — קיה RIO,פגוש קדמי,Kia,תאורה ופחחות,,front_bumper,"מק""ט מקורי, רמת דגם. מקור: קטלוג ראשי (AUTODOC).",1,OEM:86511H9000:Kia,קיה:RIO:2017:2020
92101-H8000,פנס ראשי שמאל — קיה RIO,פנס ראשי שמאל,Kia,תאורה ופחחות,,headlight_left,"מק""ט מקורי, רמת דגם. מקור: קטלוג ראשי (AUTODOC).",1,OEM:92101-H8000:Kia,קיה:RIO:2017:2026
876201W06000,מראת צד — קיה RIO,מראת צד,Kia,תאורה ופחחות,,side_mirror,"מק""ט מקורי, רמת דגם. מקור: קטלוג ראשי (AUTODOC).",1,OEM:876201W06000:Kia,קיה:RIO:2017:2026
92401-H800,פנס אחורי — קיה RIO,פנס אחורי,Kia,תאורה ופחחות,,taillight,"מק""ט מקורי, רמת דגם. מקור: קטלוג ראשי (AUTODOC).",1,OEM:92401-H800:Kia,קיה:RIO:2017:2026
58101-H8A00,רפידות בלם קדמיות — קיה RIO / STONIC,רפידות בלם קדמיות,Kia,בלמים,,brake_pads_front,"מק""ט מקורי, רמת דגם. מקור: PartSouq + alvadi.",1,OEM:58101-H8A00:Kia,קיה:RIO / STONIC
58411C5700,דיסק בלם קדמי — קיה SORENTO,דיסק בלם קדמי,Kia,בלמים,,brake_disc_front,"מק""ט מקורי, רמת דגם. מקור: קטלוג ראשי (AUTODOC).",1,OEM:58411C5700:Kia,קיה:SORENTO:2015:2020
58101P2A00,רפידות בלם קדמיות — קיה SORENTO,רפידות בלם קדמיות,Kia,בלמים,,brake_pads_front,"מק""ט מקורי, רמת דגם. מקור: קטלוג ראשי (AUTODOC).",1,OEM:58101P2A00:Kia,קיה:SORENTO:2015:2020
58101P2A01,רפידות בלם קדמיות — קיה SORENTO,רפידות בלם קדמיות,Hyundai,בלמים,,brake_pads_front,"מק""ט מקורי, רמת דגם. מקור: קטלוג ראשי (AUTODOC).",1,OEM:58101P2A01:Hyundai,קיה:SORENTO:2015:2020
58101P2A70,רפידות בלם קדמיות — קיה SORENTO,רפידות בלם קדמיות,Kia,בלמים,,brake_pads_front,"מק""ט מקורי, רמת דגם. מקור: קטלוג ראשי (AUTODOC).",1,OEM:58101P2A70:Kia,קיה:SORENTO:2015:2020
58101P2A80,רפידות בלם קדמיות — קיה SORENTO,רפידות בלם קדמיות,Kia,בלמים,,brake_pads_front,"מק""ט מקורי, רמת דגם. מקור: קטלוג ראשי (AUTODOC).",1,OEM:58101P2A80:Kia,קיה:SORENTO:2015:2020
58101T1A10,רפידות בלם קדמיות — קיה SORENTO,רפידות בלם קדמיות,Kia,בלמים,,brake_pads_front,"מק""ט מקורי, רמת דגם. מקור: קטלוג ראשי (AUTODOC).",1,OEM:58101T1A10:Kia,קיה:SORENTO:2015:2020
97133-C5000,מסנן מזגן — קיה SORENTO,מסנן מזגן,Kia,מנוע / סינון,,cabin_filter,"מק""ט מקורי, רמת דגם. מקור: קטלוג ראשי (AUTODOC).",1,OEM:97133-C5000:Kia,קיה:SORENTO:2015:2020
517121F300,דיסק בלם קדמי — קיה SOUL,דיסק בלם קדמי,Kia,בלמים,,brake_disc_front,"מק""ט מקורי, רמת דגם. מקור: קטלוג ראשי (AUTODOC).",1,OEM:517121F300:Kia,קיה:SOUL:2019:2026
517121H100,דיסק בלם קדמי — קיה SOUL,דיסק בלם קדמי,Kia,בלמים,,brake_disc_front,"מק""ט מקורי, רמת דגם. מקור: קטלוג ראשי (AUTODOC).",1,OEM:517121H100:Kia,קיה:SOUL:2019:2026
517121M000,דיסק בלם קדמי — קיה SOUL,דיסק בלם קדמי,Kia,בלמים,,brake_disc_front,"מק""ט מקורי, רמת דגם. מקור: קטלוג ראשי (AUTODOC).",1,OEM:517121M000:Kia,קיה:SOUL:2019:2026
517122K100,דיסק בלם קדמי — קיה SOUL,דיסק בלם קדמי,Kia,בלמים,,brake_disc_front,"מק""ט מקורי, רמת דגם. מקור: קטלוג ראשי (AUTODOC).",1,OEM:517122K100:Kia,קיה:SOUL:2019:2026
517123K000,דיסק בלם קדמי — קיה SOUL,דיסק בלם קדמי,Hyundai,בלמים,,brake_disc_front,"מק""ט מקורי, רמת דגם. מקור: קטלוג ראשי (AUTODOC).",1,OEM:517123K000:Hyundai,קיה:SOUL:2019:2026
517123K010,דיסק בלם קדמי — קיה SOUL,דיסק בלם קדמי,Hyundai,בלמים,,brake_disc_front,"מק""ט מקורי, רמת דגם. מקור: קטלוג ראשי (AUTODOC).",1,OEM:517123K010:Hyundai,קיה:SOUL:2019:2026
971331R000,מסנן מזגן — קיה SOUL,מסנן מזגן,Kia,מנוע / סינון,,cabin_filter,"מק""ט מקורי, רמת דגם. מקור: קטלוג ראשי (AUTODOC).",1,OEM:971331R000:Kia,קיה:SOUL:2019:2026
28113D3300,מסנן אוויר — קיה SPORTAGE,מסנן אוויר,Kia,מנוע / סינון,,air_filter,"מק""ט מקורי, רמת דגם. מקור: קטלוג ראשי (AUTODOC).",1,OEM:28113D3300:Kia,קיה:SPORTAGE:2015:2022
37300-2G051,אלטרנטור — קיה SPORTAGE,אלטרנטור,Kia,חשמל,,alternator,"מק""ט מקורי, רמת דגם. מקור: זרע חלקים מתכלים, hyundaipartsdeal.com. https://www.hyundaipartsdeal.com/oem-hyundai-tucson-alternator.html",1,OEM:37300-2G051:Kia,קיה:SPORTAGE:2015:2022; יונדאי:TUCSON:2016:2021:GDI
66311D9000,כנף קדמית — קיה SPORTAGE,כנף קדמית,Kia,תאורה ופחחות,,fender,"מק""ט מקורי, רמת דגם. מקור: קטלוג ראשי (AUTODOC).",1,OEM:66311D9000:Kia,קיה:SPORTAGE:2015:2022
66311F1000,כנף קדמית — קיה SPORTAGE,כנף קדמית,Kia,תאורה ופחחות,,fender,"מק""ט מקורי, רמת דגם. מקור: קטלוג ראשי (AUTODOC).",1,OEM:66311F1000:Kia,קיה:SPORTAGE:2015:2022
92202-F1500,פנס ערפל קדמי — קיה SPORTAGE,פנס ערפל קדמי,Kia,תאורה ופחחות,,fog_light,"מק""ט מקורי, רמת דגם. מקור: קטלוג ראשי (AUTODOC).",1,OEM:92202-F1500:Kia,קיה:SPORTAGE:2015:2022
86511F1010,פגוש קדמי — קיה SPORTAGE,פגוש קדמי,Kia,תאורה ופחחות,,front_bumper,"מק""ט מקורי, רמת דגם. מקור: קטלוג ראשי (AUTODOC).",1,OEM:86511F1010:Kia,קיה:SPORTAGE:2015:2022
92102-F1000,פנס ראשי ימין — קיה SPORTAGE,פנס ראשי ימין,Kia,תאורה ופחחות,,headlight_right,"מק""ט מקורי, רמת דגם. מקור: קטלוג ראשי (AUTODOC).",1,OEM:92102-F1000:Kia,קיה:SPORTAGE:2015:2022
09482-00647,מצת — קיה SPORTAGE,מצת,Suzuki,הצתה,,spark_plug,"מק""ט מקורי, רמת דגם. מקור: קטלוג ראשי (AUTODOC).",1,OEM:09482-00647:Suzuki,קיה:SPORTAGE:2015:2022
18846 10061,מצת — קיה SPORTAGE,מצת,Hyundai,הצתה,,spark_plug,"מק""ט מקורי, רמת דגם. מקור: קטלוג ראשי (AUTODOC).",1,OEM:18846 10061:Hyundai,קיה:SPORTAGE:2015:2022
18846 11060,מצת — קיה SPORTAGE,מצת,Hyundai,הצתה,,spark_plug,"מק""ט מקורי, רמת דגם. מקור: קטלוג ראשי (AUTODOC).",1,OEM:18846 11060:Hyundai,קיה:SPORTAGE:2015:2022
18846 11070,מצת — קיה SPORTAGE,מצת,Hyundai,הצתה,,spark_plug,"מק""ט מקורי, רמת דגם. מקור: קטלוג ראשי (AUTODOC).",1,OEM:18846 11070:Hyundai,קיה:SPORTAGE:2015:2022
18847 11160,מצת — קיה SPORTAGE,מצת,Hyundai,הצתה,,spark_plug,"מק""ט מקורי, רמת דגם. מקור: קטלוג ראשי (AUTODOC).",1,OEM:18847 11160:Hyundai,קיה:SPORTAGE:2015:2022
18847-11160,מצת — קיה SPORTAGE,מצת,Hyundai,הצתה,,spark_plug,"מק""ט מקורי, רמת דגם. מקור: קטלוג ראשי (AUTODOC).",1,OEM:18847-11160:Hyundai,קיה:SPORTAGE:2015:2022
18851-11060,מצת — קיה SPORTAGE,מצת,Hyundai,הצתה,,spark_plug,"מק""ט מקורי, רמת דגם. מקור: קטלוג ראשי (AUTODOC).",1,OEM:18851-11060:Hyundai,קיה:SPORTAGE:2015:2022
18855 10080,מצת — קיה SPORTAGE,מצת,Hyundai,הצתה,,spark_plug,"מק""ט מקורי, רמת דגם. מקור: קטלוג ראשי (AUTODOC).",1,OEM:18855 10080:Hyundai,קיה:SPORTAGE:2015:2022
18873 11080,מצת — קיה SPORTAGE,מצת,Hyundai,הצתה,,spark_plug,"מק""ט מקורי, רמת דגם. מקור: קטלוג ראשי (AUTODOC).",1,OEM:18873 11080:Hyundai,קיה:SPORTAGE:2015:2022
18873-11080,מצת — קיה SPORTAGE,מצת,Hyundai,הצתה,,spark_plug,"מק""ט מקורי, רמת דגם. מקור: קטלוג ראשי (AUTODOC).",1,OEM:18873-11080:Hyundai,קיה:SPORTAGE:2015:2022
18874 11080,מצת — קיה SPORTAGE,מצת,Hyundai,הצתה,,spark_plug,"מק""ט מקורי, רמת דגם. מקור: קטלוג ראשי (AUTODOC).",1,OEM:18874 11080:Hyundai,קיה:SPORTAGE:2015:2022
ELR8IQP11,מצת — קיה SPORTAGE,מצת,Hyundai,הצתה,,spark_plug,"מק""ט מקורי, רמת דגם. מקור: קטלוג ראשי (AUTODOC).",1,OEM:ELR8IQP11:Hyundai,קיה:SPORTAGE:2015:2022
92406-F1000,פנס אחורי — קיה SPORTAGE,פנס אחורי,Kia,תאורה ופחחות,,taillight,"מק""ט מקורי, רמת דגם. מקור: קטלוג ראשי (AUTODOC).",1,OEM:92406-F1000:Kia,קיה:SPORTAGE:2015:2022
25100-2GTC0,משאבת מים — קיה SPORTAGE,משאבת מים,Kia,קירור,,water_pump,"מק""ט מקורי, רמת דגם. מקור: זרע חלקים מתכלים.",1,OEM:25100-2GTC0:Kia,קיה:SPORTAGE:2015:2022
7711426872,מסנן מזגן — רנו CLIO,מסנן מזגן,Renault,מנוע / סינון,,cabin_filter,"מק""ט מקורי, רמת דגם. מקור: קטלוג ראשי (AUTODOC).",1,OEM:7711426872:Renault,רנו:CLIO:2012:2019
165467860R,מסנן אוויר — רנו MEGANE,מסנן אוויר,Renault,מנוע / סינון,,air_filter,"מק""ט מקורי, רמת דגם. מקור: זרע פערי דגמים.",1,OEM:165467860R:Renault,רנו:MEGANE:2018:2026:1.3 TCe
A2811800210,מסנן שמן — רנו MEGANE,מסנן שמן,Mercedes-Benz,מנוע / סינון,,oil_filter,"מק""ט מקורי, רמת דגם. מקור: זרע פערי דגמים.",1,OEM:A2811800210:Mercedes-Benz,רנו:MEGANE:2018:2026:1.3 TCe
96827723,מסנן אוויר — שברולט SPARK,מסנן אוויר,Chevrolet,מנוע / סינון,,air_filter,"מק""ט מקורי, רמת דגם. מקור: זרע פערי דגמים.",1,OEM:96827723:Chevrolet,שברולט:SPARK:2010:2016:1.2 B12D1
18 08 524,מסנן מזגן — שברולט SPARK,מסנן מזגן,Chevrolet,מנוע / סינון,,cabin_filter,"מק""ט מקורי, רמת דגם. מקור: זרע פערי דגמים.",1,OEM:18 08 524:Chevrolet,שברולט:SPARK:2010:2016:1.2 B12D1
96985730,מסנן שמן — שברולט SPARK,מסנן שמן,Chevrolet,מנוע / סינון,,oil_filter,"מק""ט מקורי, רמת דגם. מקור: זרע פערי דגמים.",1,OEM:96985730:Chevrolet,שברולט:SPARK:2010:2016:1.2 B12D1
04466-42060,רפידות בלם אחוריות — טויוטה RAV4,רפידות בלם אחוריות,Toyota,בלמים,,brake_pads_rear,"מק""ט מקורי, רמת רכב (מספר שלדה). מקור: PartSouq · קטלוג היצרן, toyotapartsdeal.com. https://partsouq.com/en/catalog/toyota/diagram/NA/2015/RAV4-JPP/ASA44L-ANTGKA/category/2/diagram/4707/vin/JTMBFREV50J063539",1,OEM:04466-42060:Toyota,טויוטה:RAV4:2015:2015:2AR-FE 2.5; טויוטה:RAV4:2006:2018:2.4 / 2.5 / 3.5
43512-42050,דיסק בלם קדמי — טויוטה RAV4,דיסק בלם קדמי,Toyota,בלמים,,brake_disc_front,"מק""ט מקורי, רמת רכב (מספר שלדה). מקור: PartSouq · קטלוג היצרן. https://partsouq.com/en/catalog/toyota/diagram/NA/2015/RAV4-JPP/ASA44L-ANTGKA/category/2/diagram/4303/vin/JTMBFREV50J063539",1,OEM:43512-42050:Toyota,טויוטה:RAV4:2015:2015:2AR-FE 2.5
04152-0V010,מסנן שמן — טויוטה RAV4,מסנן שמן,Toyota,מנוע / סינון,,oil_filter,"מק""ט מקורי, רמת רכב (מספר שלדה). מקור: PartSouq · קטלוג היצרן. https://partsouq.com/en/catalog/toyota/diagram/NA/2015/RAV4-JPP/ASA44L-ANTGKA/category/1/diagram/1502/vin/JTMBFREV50J063539",1,OEM:04152-0V010:Toyota,טויוטה:RAV4:2015:2015:2AR-FE 2.5
04152-31090,מסנן שמן — טויוטה RAV4,מסנן שמן,Toyota,מנוע / סינון,,oil_filter,"מק""ט מקורי, רמת רכב (מספר שלדה). מקור: PartSouq · קטלוג היצרן. https://partsouq.com/en/catalog/toyota/diagram/NA/2015/RAV4-JPP/ASA44L-ANTGKA/category/1/diagram/1502/vin/JTMBFREV50J063539",1,OEM:04152-31090:Toyota,טויוטה:RAV4:2015:2015:2AR-FE 2.5
90919-02256,סליל הצתה — טויוטה RAV4,סליל הצתה,Toyota,הצתה,,ignition_coil,"מק""ט מקורי, רמת רכב (מספר שלדה). מקור: PartSouq · קטלוג היצרן. https://partsouq.com/en/catalog/toyota/diagram/NA/2015/RAV4-JPP/ASA44L-ANTGKA/category/1/diagram/1901/vin/JTMBFREV50J063539",1,OEM:90919-02256:Toyota,טויוטה:RAV4:2015:2015:2AR-FE 2.5
90919-C2004,סליל הצתה — טויוטה RAV4,סליל הצתה,Toyota,הצתה,,ignition_coil,"מק""ט מקורי, רמת רכב (מספר שלדה). מקור: PartSouq · קטלוג היצרן. https://partsouq.com/en/catalog/toyota/diagram/NA/2015/RAV4-JPP/ASA44L-ANTGKA/category/1/diagram/1901/vin/JTMBFREV50J063539",1,OEM:90919-C2004:Toyota,טויוטה:RAV4:2015:2015:2AR-FE 2.5
90919-01233,מצת — טויוטה RAV4,מצת,Toyota,הצתה,,spark_plug,"מק""ט מקורי, רמת רכב (מספר שלדה). מקור: PartSouq · קטלוג היצרן. https://partsouq.com/en/catalog/toyota/diagram/NA/2015/RAV4-JPP/ASA44L-ANTGKA/category/1/diagram/1901/vin/JTMBFREV50J063539",1,OEM:90919-01233:Toyota,טויוטה:RAV4:2015:2015:2AR-FE 2.5
90919-C1008,מצת — טויוטה RAV4,מצת,Toyota,הצתה,,spark_plug,"מק""ט מקורי, רמת רכב (מספר שלדה). מקור: PartSouq · קטלוג היצרן. https://partsouq.com/en/catalog/toyota/diagram/NA/2015/RAV4-JPP/ASA44L-ANTGKA/category/1/diagram/1901/vin/JTMBFREV50J063539",1,OEM:90919-C1008:Toyota,טויוטה:RAV4:2015:2015:2AR-FE 2.5
16100-09601,משאבת מים — טויוטה RAV4,משאבת מים,Toyota,קירור,,water_pump,"מק""ט מקורי, רמת רכב (מספר שלדה). מקור: PartSouq · קטלוג היצרן. https://partsouq.com/en/catalog/toyota/diagram/NA/2015/RAV4-JPP/ASA44L-ANTGKA/category/1/diagram/1601/vin/JTMBFREV50J063539",1,OEM:16100-09601:Toyota,טויוטה:RAV4:2015:2015:2AR-FE 2.5
16100-39516,משאבת מים — טויוטה RAV4,משאבת מים,Toyota,קירור,,water_pump,"מק""ט מקורי, רמת רכב (מספר שלדה). מקור: PartSouq · קטלוג היצרן. https://partsouq.com/en/catalog/toyota/diagram/NA/2015/RAV4-JPP/ASA44L-ANTGKA/category/1/diagram/1601/vin/JTMBFREV50J063539",1,OEM:16100-39516:Toyota,טויוטה:RAV4:2015:2015:2AR-FE 2.5
90916-02667,רצועת אביזרים — טויוטה RAV4,רצועת אביזרים,Toyota,מנוע,,serpentine_belt,"מק""ט מקורי, רמת רכב (מספר שלדה). מקור: PartSouq · קטלוג היצרן. https://partsouq.com/en/catalog/toyota/diagram/NA/2015/RAV4-JPP/ASA44L-ANTGKA/category/1/diagram/1605/vin/JTMBFREV50J063539",1,OEM:90916-02667:Toyota,טויוטה:RAV4:2015:2015:2AR-FE 2.5
90916-02668,רצועת אביזרים — טויוטה RAV4,רצועת אביזרים,Toyota,מנוע,,serpentine_belt,"מק""ט מקורי, רמת רכב (מספר שלדה). מקור: PartSouq · קטלוג היצרן. https://partsouq.com/en/catalog/toyota/diagram/NA/2015/RAV4-JPP/ASA44L-ANTGKA/category/1/diagram/1605/vin/JTMBFREV50J063539",1,OEM:90916-02668:Toyota,טויוטה:RAV4:2015:2015:2AR-FE 2.5
85212-42130,מגב — טויוטה RAV4,מגב,Toyota,תאורה ופחחות,,wiper_blade,"מק""ט מקורי, רמת רכב (מספר שלדה). מקור: PartSouq · קטלוג היצרן. https://partsouq.com/en/catalog/toyota/diagram/NA/2015/RAV4-JPP/ASA44L-ANTGKA/category/4/diagram/8501/vin/JTMBFREV50J063539",1,OEM:85212-42130:Toyota,טויוטה:RAV4:2015:2015:2AR-FE 2.5
85222-42120,מגב — טויוטה RAV4,מגב,Toyota,תאורה ופחחות,,wiper_blade,"מק""ט מקורי, רמת רכב (מספר שלדה). מקור: PartSouq · קטלוג היצרן. https://partsouq.com/en/catalog/toyota/diagram/NA/2015/RAV4-JPP/ASA44L-ANTGKA/category/4/diagram/8501/vin/JTMBFREV50J063539",1,OEM:85222-42120:Toyota,טויוטה:RAV4:2015:2015:2AR-FE 2.5
87139-50100,מסנן מזגן — טויוטה RAV4,מסנן מזגן,Toyota,מנוע / סינון,,cabin_filter,"מק""ט מקורי, רמת רכב (מספר שלדה). מקור: PartSouq · קטלוג היצרן, toyotapartsdeal.com. https://partsouq.com/en/catalog/toyota/diagram/NA/2015/RAV4-JPP/ASA44L-ANTGKA/category/4/diagram/8714/vin/JTMBFREV50J063539",1,OEM:87139-50100:Toyota,טויוטה:RAV4:2015:2015:2AR-FE 2.5; טויוטה:COROLLA:2009:2019:1.8 / 2.4
04465-0K580,רפידות בלם קדמיות — טויוטה HILUX DOUBLE CAB,רפידות בלם קדמיות,Toyota,בלמים,,brake_pads_front,"מק""ט מקורי, רמת רכב (מספר שלדה). מקור: PartSouq · קטלוג היצרן. https://partsouq.com/en/catalog/toyota/diagram/GENERAL/2025/HILUX-DOUBLE-CAB/GUN126L-DGFHXF/category/2/diagram/4705/vin/8AJBA3CD1T7957303",1,OEM:04465-0K580:Toyota,טויוטה:HILUX DOUBLE CAB:2025:2025:1GD-FTV 2.8
17801-0L040,מסנן אוויר — טויוטה HILUX DOUBLE CAB,מסנן אוויר,Toyota,מנוע / סינון,,air_filter,"מק""ט מקורי, רמת רכב (מספר שלדה). מקור: PartSouq · קטלוג היצרן. https://partsouq.com/en/catalog/toyota/diagram/GENERAL/2025/HILUX-DOUBLE-CAB/GUN126L-DGFHXF/category/1/diagram/1703/vin/8AJBA3CD1T7957303",1,OEM:17801-0L040:Toyota,טויוטה:HILUX DOUBLE CAB:2025:2025:1GD-FTV 2.8
16100-19365,משאבת מים — טויוטה HILUX DOUBLE CAB,משאבת מים,Toyota,קירור,,water_pump,"מק""ט מקורי, רמת רכב (מספר שלדה). מקור: PartSouq · קטלוג היצרן. https://partsouq.com/en/catalog/toyota/diagram/GENERAL/2025/HILUX-DOUBLE-CAB/GUN126L-DGFHXF/category/1/diagram/1601/vin/8AJBA3CD1T7957303",1,OEM:16100-19365:Toyota,טויוטה:HILUX DOUBLE CAB:2025:2025:1GD-FTV 2.8
27060-0L280,אלטרנטור — טויוטה HILUX DOUBLE CAB,אלטרנטור,Toyota,חשמל,,alternator,"מק""ט מקורי, רמת רכב (מספר שלדה). מקור: PartSouq · קטלוג היצרן. https://partsouq.com/en/catalog/toyota/diagram/GENERAL/2025/HILUX-DOUBLE-CAB/GUN126L-DGFHXF/category/1/diagram/1903/vin/8AJBA3CD1T7957303",1,OEM:27060-0L280:Toyota,טויוטה:HILUX DOUBLE CAB:2025:2025:1GD-FTV 2.8
85212-71010,מגב — טויוטה HILUX DOUBLE CAB,מגב,Toyota,תאורה ופחחות,ימין,wiper_blade,"מק""ט מקורי, רמת רכב (מספר שלדה). מקור: PartSouq · קטלוג היצרן. https://partsouq.com/en/catalog/toyota/diagram/GENERAL/2025/HILUX-DOUBLE-CAB/GUN126L-DGFHXF/category/4/diagram/8501/vin/8AJBA3CD1T7957303",1,OEM:85212-71010:Toyota,טויוטה:HILUX DOUBLE CAB:2025:2025:1GD-FTV 2.8; טויוטה:HILUX DOUBLE CAB:2025:2025:2GD-FTV 2.4D
85222-42130,מגב — טויוטה HILUX DOUBLE CAB,מגב,Toyota,תאורה ופחחות,שמאל,wiper_blade,"מק""ט מקורי, רמת רכב (מספר שלדה). מקור: PartSouq · קטלוג היצרן. https://partsouq.com/en/catalog/toyota/diagram/GENERAL/2025/HILUX-DOUBLE-CAB/GUN126L-DGFHXF/category/4/diagram/8501/vin/8AJBA3CD1T7957303",1,OEM:85222-42130:Toyota,טויוטה:HILUX DOUBLE CAB:2025:2025:1GD-FTV 2.8; טויוטה:HILUX DOUBLE CAB:2025:2025:2GD-FTV 2.4D
90915-10009,מסנן שמן — טויוטה RAV4,מסנן שמן,Toyota,מנוע / סינון,,oil_filter,"מק""ט מקורי, רמת רכב (מספר שלדה). מקור: PartSouq · קטלוג היצרן, toyotapartsdeal.com. https://partsouq.com/en/catalog/toyota/diagram/NA/2024/RAV4-NAP/AXAA54L-CNZMBA/category/1/diagram/1502/vin/2T3A1RFV2RC485020",1,OEM:90915-10009:Toyota,טויוטה:RAV4:2024:2024:A25A-FKS 2.5; טויוטה:COROLLA:2019:2024:1.8 / 2.0
17801-25020,מסנן אוויר — טויוטה RAV4,מסנן אוויר,Toyota,מנוע / סינון,,air_filter,"מק""ט מקורי, רמת רכב (מספר שלדה). מקור: PartSouq · קטלוג היצרן, toyotapartsdeal.com. https://partsouq.com/en/catalog/toyota/diagram/NA/2024/RAV4-NAP/AXAA54L-CNZMBA/category/1/diagram/1703/vin/2T3A1RFV2RC485020",1,OEM:17801-25020:Toyota,טויוטה:RAV4:2024:2024:A25A-FKS 2.5; טויוטה:RAV4:2019:2024:2.5
28100-20022,מתנע — טויוטה RAV4,מתנע,Toyota,חשמל,,starter,"מק""ט מקורי, רמת רכב (מספר שלדה). מקור: PartSouq · קטלוג היצרן. https://partsouq.com/en/catalog/toyota/diagram/NA/2015/RAV4-JPP/ASA44L-ANTGKA/category/1/diagram/1904/vin/JTMBFREV50J063539",1,OEM:28100-20022:Toyota,טויוטה:RAV4:2015:2015:2AR-FE 2.5
43330-49215,מפרק כדורי — טויוטה RAV4,מפרק כדורי,Toyota,מתלים,,ball_joint,"מק""ט מקורי, רמת רכב (מספר שלדה). מקור: PartSouq · קטלוג היצרן. https://partsouq.com/en/catalog/toyota/diagram/NA/2015/RAV4-JPP/ASA44L-ANTGKA/category/2/diagram/4802/vin/JTMBFREV50J063539",1,OEM:43330-49215:Toyota,טויוטה:RAV4:2015:2015:2AR-FE 2.5
48068-42060,זרוע תחתונה — טויוטה RAV4,זרוע תחתונה,Toyota,מתלים,,control_arm,"מק""ט מקורי, רמת רכב (מספר שלדה). מקור: PartSouq · קטלוג היצרן. https://partsouq.com/en/catalog/toyota/diagram/NA/2015/RAV4-JPP/ASA44L-ANTGKA/category/2/diagram/4802/vin/JTMBFREV50J063539",1,OEM:48068-42060:Toyota,טויוטה:RAV4:2015:2015:2AR-FE 2.5
48069-42060,זרוע תחתונה — טויוטה RAV4,זרוע תחתונה,Toyota,מתלים,,control_arm,"מק""ט מקורי, רמת רכב (מספר שלדה). מקור: PartSouq · קטלוג היצרן. https://partsouq.com/en/catalog/toyota/diagram/NA/2015/RAV4-JPP/ASA44L-ANTGKA/category/2/diagram/4802/vin/JTMBFREV50J063539",1,OEM:48069-42060:Toyota,טויוטה:RAV4:2015:2015:2AR-FE 2.5
48231-42370,קפיץ מתלה — טויוטה RAV4,קפיץ מתלה,Toyota,מתלים,,coil_spring,"מק""ט מקורי, רמת רכב (מספר שלדה). מקור: PartSouq · קטלוג היצרן. https://partsouq.com/en/catalog/toyota/diagram/NA/2015/RAV4-JPP/ASA44L-ANTGKA/category/2/diagram/4804/vin/JTMBFREV50J063539",1,OEM:48231-42370:Toyota,טויוטה:RAV4:2015:2015:2AR-FE 2.5
48830-42022,מוט מייצב — טויוטה RAV4,מוט מייצב,Toyota,מתלים,,stabilizer_link,"מק""ט מקורי, רמת רכב (מספר שלדה). מקור: PartSouq · קטלוג היצרן. https://partsouq.com/en/catalog/toyota/diagram/NA/2015/RAV4-JPP/ASA44L-ANTGKA/category/2/diagram/4804/vin/JTMBFREV50J063539",1,OEM:48830-42022:Toyota,טויוטה:RAV4:2015:2015:2AR-FE 2.5
48531-42450,בולם זעזועים אחורי — טויוטה RAV4,בולם זעזועים אחורי,Toyota,מתלים,,shock_absorber_rear,"מק""ט מקורי, רמת רכב (מספר שלדה). מקור: PartSouq · קטלוג היצרן. https://partsouq.com/en/catalog/toyota/diagram/NA/2015/RAV4-JPP/ASA44L-ANTGKA/category/2/diagram/4804/vin/JTMBFREV50J063539",1,OEM:48531-42450:Toyota,טויוטה:RAV4:2015:2015:2AR-FE 2.5
81145-42670,פנס ראשי ימין — טויוטה RAV4,פנס ראשי ימין,Toyota,תאורה ופחחות,,headlight_right,"מק""ט מקורי, רמת רכב (מספר שלדה). מקור: PartSouq · קטלוג היצרן. https://partsouq.com/en/catalog/toyota/diagram/NA/2015/RAV4-JPP/ASA44L-ANTGKA/category/4/diagram/8101/vin/JTMBFREV50J063539",1,OEM:81145-42670:Toyota,טויוטה:RAV4:2015:2015:2AR-FE 2.5
81185-42670,פנס ראשי שמאל — טויוטה RAV4,פנס ראשי שמאל,Toyota,תאורה ופחחות,,headlight_left,"מק""ט מקורי, רמת רכב (מספר שלדה). מקור: PartSouq · קטלוג היצרן. https://partsouq.com/en/catalog/toyota/diagram/NA/2015/RAV4-JPP/ASA44L-ANTGKA/category/4/diagram/8101/vin/JTMBFREV50J063539",1,OEM:81185-42670:Toyota,טויוטה:RAV4:2015:2015:2AR-FE 2.5
88310-42531,קומפרסור מזגן — טויוטה RAV4,קומפרסור מזגן,Toyota,מיזוג,,ac_compressor,"מק""ט מקורי, רמת רכב (מספר שלדה). מקור: PartSouq · קטלוג היצרן. https://partsouq.com/en/catalog/toyota/diagram/NA/2015/RAV4-JPP/ASA44L-ANTGKA/category/4/diagram/8719/vin/JTMBFREV50J063539",1,OEM:88310-42531:Toyota,טויוטה:RAV4:2015:2015:2AR-FE 2.5
42410-42040,מיסב גלגל — טויוטה RAV4,מיסב גלגל,Toyota,מתלים,,wheel_bearing,"מק""ט מקורי, רמת רכב (מספר שלדה). מקור: PartSouq · קטלוג היצרן. https://partsouq.com/en/catalog/toyota/diagram/NA/2015/RAV4-JPP/ASA44L-ANTGKA/category/2/diagram/4102/vin/JTMBFREV50J063539",1,OEM:42410-42040:Toyota,טויוטה:RAV4:2015:2015:2AR-FE 2.5
42431-42060,דיסק בלם אחורי — טויוטה RAV4,דיסק בלם אחורי,Toyota,בלמים,,brake_disc_rear,"מק""ט מקורי, רמת רכב (מספר שלדה). מקור: PartSouq · קטלוג היצרן. https://partsouq.com/en/catalog/toyota/diagram/NA/2015/RAV4-JPP/ASA44L-ANTGKA/category/2/diagram/4102/vin/JTMBFREV50J063539",1,OEM:42431-42060:Toyota,טויוטה:RAV4:2015:2015:2AR-FE 2.5
12371-36100,תושבת מנוע — טויוטה RAV4,תושבת מנוע,Toyota,מנוע,,engine_mount,"מק""ט מקורי, רמת רכב (מספר שלדה). מקור: PartSouq · קטלוג היצרן. https://partsouq.com/en/catalog/toyota/diagram/NA/2015/RAV4-JPP/ASA44L-ANTGKA/category/1/diagram/1107/vin/JTMBFREV50J063539",1,OEM:12371-36100:Toyota,טויוטה:RAV4:2015:2015:2AR-FE 2.5
52159-42930,פגוש אחורי — טויוטה RAV4,פגוש אחורי,Toyota,תאורה ופחחות,,rear_bumper,"מק""ט מקורי, רמת רכב (מספר שלדה). מקור: PartSouq · קטלוג היצרן. https://partsouq.com/en/catalog/toyota/diagram/NA/2015/RAV4-JPP/ASA44L-ANTGKA/category/3/diagram/5253/vin/JTMBFREV50J063539",1,OEM:52159-42930:Toyota,טויוטה:RAV4:2015:2015:2AR-FE 2.5
81551-42191,פנס אחורי — טויוטה RAV4,פנס אחורי,Toyota,תאורה ופחחות,,taillight,"מק""ט מקורי, רמת רכב (מספר שלדה). מקור: PartSouq · קטלוג היצרן. https://partsouq.com/en/catalog/toyota/diagram/NA/2015/RAV4-JPP/ASA44L-ANTGKA/category/4/diagram/8111/vin/JTMBFREV50J063539",1,OEM:81551-42191:Toyota,טויוטה:RAV4:2015:2015:2AR-FE 2.5
89545-48070,חיישן ABS — טויוטה RAV4,חיישן ABS,Toyota,חיישנים,,abs_sensor,"מק""ט מקורי, רמת רכב (מספר שלדה). מקור: PartSouq · קטלוג היצרן. https://partsouq.com/en/catalog/toyota/diagram/NA/2015/RAV4-JPP/ASA44L-ANTGKA/category/4/diagram/8414/vin/JTMBFREV50J063539",1,OEM:89545-48070:Toyota,טויוטה:RAV4:2015:2015:2AR-FE 2.5
89546-48070,חיישן ABS — טויוטה RAV4,חיישן ABS,Toyota,חיישנים,,abs_sensor,"מק""ט מקורי, רמת רכב (מספר שלדה). מקור: PartSouq · קטלוג היצרן. https://partsouq.com/en/catalog/toyota/diagram/NA/2015/RAV4-JPP/ASA44L-ANTGKA/category/4/diagram/8414/vin/JTMBFREV50J063539",1,OEM:89546-48070:Toyota,טויוטה:RAV4:2015:2015:2AR-FE 2.5
89542-42050,חיישן ABS — טויוטה RAV4,חיישן ABS,Toyota,חיישנים,,abs_sensor,"מק""ט מקורי, רמת רכב (מספר שלדה). מקור: PartSouq · קטלוג היצרן. https://partsouq.com/en/catalog/toyota/diagram/NA/2015/RAV4-JPP/ASA44L-ANTGKA/category/4/diagram/8414/vin/JTMBFREV50J063539",1,OEM:89542-42050:Toyota,טויוטה:RAV4:2015:2015:2AR-FE 2.5
89543-42050,חיישן ABS — טויוטה RAV4,חיישן ABS,Toyota,חיישנים,,abs_sensor,"מק""ט מקורי, רמת רכב (מספר שלדה). מקור: PartSouq · קטלוג היצרן. https://partsouq.com/en/catalog/toyota/diagram/NA/2015/RAV4-JPP/ASA44L-ANTGKA/category/4/diagram/8414/vin/JTMBFREV50J063539",1,OEM:89543-42050:Toyota,טויוטה:RAV4:2015:2015:2AR-FE 2.5
28800-36071,מצבר — טויוטה RAV4,מצבר,Toyota,חשמל,,battery,"מק""ט מקורי, רמת רכב (מספר שלדה). מקור: PartSouq · קטלוג היצרן. https://partsouq.com/en/catalog/toyota/diagram/NA/2015/RAV4-JPP/ASA44L-ANTGKA/category/4/diagram/8201/vin/JTMBFREV50J063539",1,OEM:28800-36071:Toyota,טויוטה:RAV4:2015:2015:2AR-FE 2.5
81210-47010,פנס ערפל קדמי — טויוטה RAV4,פנס ערפל קדמי,Toyota,תאורה ופחחות,,fog_light,"מק""ט מקורי, רמת רכב (מספר שלדה). מקור: PartSouq · קטלוג היצרן. https://partsouq.com/en/catalog/toyota/diagram/NA/2015/RAV4-JPP/ASA44L-ANTGKA/category/4/diagram/8102/vin/JTMBFREV50J063539",1,OEM:81210-47010:Toyota,טויוטה:RAV4:2015:2015:2AR-FE 2.5
81220-47010,פנס ערפל קדמי — טויוטה RAV4,פנס ערפל קדמי,Toyota,תאורה ופחחות,,fog_light,"מק""ט מקורי, רמת רכב (מספר שלדה). מקור: PartSouq · קטלוג היצרן. https://partsouq.com/en/catalog/toyota/diagram/NA/2015/RAV4-JPP/ASA44L-ANTGKA/category/4/diagram/8102/vin/JTMBFREV50J063539",1,OEM:81220-47010:Toyota,טויוטה:RAV4:2015:2015:2AR-FE 2.5
87910-42D60,מראת צד — טויוטה RAV4,מראת צד,Toyota,תאורה ופחחות,,side_mirror,"מק""ט מקורי, רמת רכב (מספר שלדה). מקור: PartSouq · קטלוג היצרן. https://partsouq.com/en/catalog/toyota/diagram/NA/2015/RAV4-JPP/ASA44L-ANTGKA/category/4/diagram/8701/vin/JTMBFREV50J063539",1,OEM:87910-42D60:Toyota,טויוטה:RAV4:2015:2015:2AR-FE 2.5
87940-42D30,מראת צד — טויוטה RAV4,מראת צד,Toyota,תאורה ופחחות,,side_mirror,"מק""ט מקורי, רמת רכב (מספר שלדה). מקור: PartSouq · קטלוג היצרן. https://partsouq.com/en/catalog/toyota/diagram/NA/2015/RAV4-JPP/ASA44L-ANTGKA/category/4/diagram/8701/vin/JTMBFREV50J063539",1,OEM:87940-42D30:Toyota,טויוטה:RAV4:2015:2015:2AR-FE 2.5
53801-42170,כנף קדמית — טויוטה RAV4,כנף קדמית,Toyota,תאורה ופחחות,,fender,"מק""ט מקורי, רמת רכב (מספר שלדה). מקור: PartSouq · קטלוג היצרן. https://partsouq.com/en/catalog/toyota/diagram/NA/2015/RAV4-JPP/ASA44L-ANTGKA/category/3/diagram/5353/vin/JTMBFREV50J063539",1,OEM:53801-42170:Toyota,טויוטה:RAV4:2015:2015:2AR-FE 2.5
53802-42200,כנף קדמית — טויוטה RAV4,כנף קדמית,Toyota,תאורה ופחחות,,fender,"מק""ט מקורי, רמת רכב (מספר שלדה). מקור: PartSouq · קטלוג היצרן. https://partsouq.com/en/catalog/toyota/diagram/NA/2015/RAV4-JPP/ASA44L-ANTGKA/category/3/diagram/5353/vin/JTMBFREV50J063539",1,OEM:53802-42200:Toyota,טויוטה:RAV4:2015:2015:2AR-FE 2.5
25051-36150,ממיר קטליטי — טויוטה RAV4,ממיר קטליטי,Toyota,פליטה,,catalytic_converter,"מק""ט מקורי, רמת רכב (מספר שלדה). מקור: PartSouq · קטלוג היצרן. https://partsouq.com/en/catalog/toyota/diagram/NA/2015/RAV4-JPP/ASA44L-ANTGKA/category/1/diagram/1701/vin/JTMBFREV50J063539",1,OEM:25051-36150:Toyota,טויוטה:RAV4:2015:2015:2AR-FE 2.5
23220-36011,משאבת דלק — טויוטה RAV4,משאבת דלק,Toyota,דלק,,fuel_pump,"מק""ט מקורי, רמת רכב (מספר שלדה). מקור: PartSouq · קטלוג היצרן. https://partsouq.com/en/catalog/toyota/diagram/NA/2015/RAV4-JPP/ASA44L-ANTGKA/category/3/diagram/7751/vin/JTMBFREV50J063539",1,OEM:23220-36011:Toyota,טויוטה:RAV4:2015:2015:2AR-FE 2.5
56101-42B80,שמשה קדמית — טויוטה RAV4,שמשה קדמית,Toyota,תאורה ופחחות,,windshield,"מק""ט מקורי, רמת רכב (מספר שלדה). מקור: PartSouq · קטלוג היצרן. https://partsouq.com/en/catalog/toyota/diagram/NA/2015/RAV4-JPP/ASA44L-ANTGKA/category/3/diagram/5553/vin/JTMBFREV50J063539",1,OEM:56101-42B80:Toyota,טויוטה:RAV4:2015:2015:2AR-FE 2.5
85242-42040,מגב — טויוטה RAV4,מגב אחורי,Toyota,תאורה ופחחות,,wiper_blade,"מק""ט מקורי, רמת רכב (מספר שלדה). מקור: PartSouq · קטלוג היצרן. https://partsouq.com/en/catalog/toyota/diagram/NA/2015/RAV4-JPP/ASA44L-ANTGKA/category/4/diagram/8502/vin/JTMBFREV50J063539",1,OEM:85242-42040:Toyota,טויוטה:RAV4:2015:2015:2AR-FE 2.5
43512-0K230,דיסק בלם קדמי — טויוטה HILUX DOUBLE CAB,דיסק בלם קדמי,Toyota,בלמים,,brake_disc_front,"מק""ט מקורי, רמת רכב (מספר שלדה). מקור: PartSouq · קטלוג היצרן. https://partsouq.com/en/catalog/toyota/diagram/GENERAL/2025/HILUX-DOUBLE-CAB/GUN126L-DGFHXF/category/2/diagram/4303/vin/8AJBA3CD1T7957303",1,OEM:43512-0K230:Toyota,טויוטה:HILUX DOUBLE CAB:2025:2025:1GD-FTV 2.8
48510-8Z456,בולם זעזועים קדמי — טויוטה HILUX DOUBLE CAB,בולם זעזועים קדמי,Toyota,מתלים,,shock_absorber_front,"מק""ט מקורי, רמת רכב (מספר שלדה). מקור: PartSouq · קטלוג היצרן. https://partsouq.com/en/catalog/toyota/diagram/GENERAL/2025/HILUX-DOUBLE-CAB/GUN126L-DGFHXF/category/2/diagram/4803/vin/8AJBA3CD1T7957303",1,OEM:48510-8Z456:Toyota,טויוטה:HILUX DOUBLE CAB:2025:2025:1GD-FTV 2.8
48131-0KL41,קפיץ מתלה — טויוטה HILUX DOUBLE CAB,קפיץ מתלה,Toyota,מתלים,,coil_spring,"מק""ט מקורי, רמת רכב (מספר שלדה). מקור: PartSouq · קטלוג היצרן. https://partsouq.com/en/catalog/toyota/diagram/GENERAL/2025/HILUX-DOUBLE-CAB/GUN126L-DGFHXF/category/2/diagram/4803/vin/8AJBA3CD1T7957303",1,OEM:48131-0KL41:Toyota,טויוטה:HILUX DOUBLE CAB:2025:2025:1GD-FTV 2.8
48820-0K031,מוט מייצב — טויוטה HILUX DOUBLE CAB,מוט מייצב,Toyota,מתלים,,stabilizer_link,"מק""ט מקורי, רמת רכב (מספר שלדה). מקור: PartSouq · קטלוג היצרן. https://partsouq.com/en/catalog/toyota/diagram/GENERAL/2025/HILUX-DOUBLE-CAB/GUN126L-DGFHXF/category/2/diagram/4803/vin/8AJBA3CD1T7957303",1,OEM:48820-0K031:Toyota,טויוטה:HILUX DOUBLE CAB:2025:2025:1GD-FTV 2.8
48810-0K011,מוט מייצב — טויוטה HILUX DOUBLE CAB,מוט מייצב,Toyota,מתלים,,stabilizer_link,"מק""ט מקורי, רמת רכב (מספר שלדה). מקור: PartSouq · קטלוג היצרן. https://partsouq.com/en/catalog/toyota/diagram/GENERAL/2025/HILUX-DOUBLE-CAB/GUN126L-DGFHXF/category/2/diagram/4803/vin/8AJBA3CD1T7957303",1,OEM:48810-0K011:Toyota,טויוטה:HILUX DOUBLE CAB:2025:2025:1GD-FTV 2.8
87139-0K070,מסנן מזגן — טויוטה HILUX DOUBLE CAB,מסנן מזגן,Toyota,מנוע / סינון,,cabin_filter,"מק""ט מקורי, רמת רכב (מספר שלדה). מקור: PartSouq · קטלוג היצרן. https://partsouq.com/en/catalog/toyota/diagram/GENERAL/2025/HILUX-DOUBLE-CAB/GUN126L-DGFHXF/category/4/diagram/8714/vin/8AJBA3CD1T7957303",1,OEM:87139-0K070:Toyota,טויוטה:HILUX DOUBLE CAB:2025:2025:1GD-FTV 2.8
81110-0KJ91,פנס ראשי ימין — טויוטה HILUX DOUBLE CAB,פנס ראשי ימין,Toyota,תאורה ופחחות,ימין,headlight_right,"מק""ט מקורי, רמת רכב (מספר שלדה). מקור: PartSouq · קטלוג היצרן. https://partsouq.com/en/catalog/toyota/diagram/GENERAL/2025/HILUX-DOUBLE-CAB/GUN126L-DGFHXF/category/4/diagram/8101/vin/8AJBA3CD1T7957303",1,OEM:81110-0KJ91:Toyota,טויוטה:HILUX DOUBLE CAB:2025:2025:1GD-FTV 2.8; טויוטה:HILUX DOUBLE CAB:2025:2025:2GD-FTV 2.4D
81150-0KJ91,פנס ראשי שמאל — טויוטה HILUX DOUBLE CAB,פנס ראשי שמאל,Toyota,תאורה ופחחות,שמאל,headlight_left,"מק""ט מקורי, רמת רכב (מספר שלדה). מקור: PartSouq · קטלוג היצרן. https://partsouq.com/en/catalog/toyota/diagram/GENERAL/2025/HILUX-DOUBLE-CAB/GUN126L-DGFHXF/category/4/diagram/8101/vin/8AJBA3CD1T7957303",1,OEM:81150-0KJ91:Toyota,טויוטה:HILUX DOUBLE CAB:2025:2025:1GD-FTV 2.8; טויוטה:HILUX DOUBLE CAB:2025:2025:2GD-FTV 2.4D
04466-02380,רפידות בלם אחוריות — טויוטה RAV4,רפידות בלם אחוריות,Toyota,בלמים,,brake_pads_rear,"מק""ט מקורי, רמת רכב (מספר שלדה). מקור: PartSouq · קטלוג היצרן, toyotapartsdeal.com. https://partsouq.com/en/catalog/toyota/diagram/NA/2024/RAV4-NAP/AXAA54L-CNZMBA/category/2/diagram/4707/vin/2T3A1RFV2RC485020",1,OEM:04466-02380:Toyota,טויוטה:RAV4:2024:2024:A25A-FKS 2.5; טויוטה:RAV4:2019:2024:2.5
43512-06200,דיסק בלם קדמי — טויוטה RAV4,דיסק בלם קדמי,Toyota,בלמים,,brake_disc_front,"מק""ט מקורי, רמת רכב (מספר שלדה). מקור: PartSouq · קטלוג היצרן. https://partsouq.com/en/catalog/toyota/diagram/NA/2024/RAV4-NAP/AXAA54L-CNZMBA/category/2/diagram/4303/vin/2T3A1RFV2RC485020",1,OEM:43512-06200:Toyota,טויוטה:RAV4:2024:2024:A25A-FKS 2.5
87139-0R030,מסנן מזגן — טויוטה RAV4,מסנן מזגן,Toyota,מנוע / סינון,,cabin_filter,"מק""ט מקורי, רמת רכב (מספר שלדה). מקור: PartSouq · קטלוג היצרן, parts.frontiertoyota.com. https://partsouq.com/en/catalog/toyota/diagram/NA/2024/RAV4-NAP/AXAA54L-CNZMBA/category/4/diagram/8714/vin/2T3A1RFV2RC485020",1,OEM:87139-0R030:Toyota,טויוטה:RAV4:2024:2024:A25A-FKS 2.5; טויוטה:COROLLA:2019:2024
87139-58010,מסנן מזגן — טויוטה RAV4,מסנן מזגן,Toyota,מנוע / סינון,,cabin_filter,"מק""ט מקורי, רמת רכב (מספר שלדה). מקור: PartSouq · קטלוג היצרן, toyotapartsdeal.com. https://partsouq.com/en/catalog/toyota/diagram/NA/2024/RAV4-NAP/AXAA54L-CNZMBA/category/4/diagram/8714/vin/2T3A1RFV2RC485020",1,OEM:87139-58010:Toyota,טויוטה:RAV4:2024:2024:A25A-FKS 2.5; טויוטה:HILUX DOUBLE CAB:2025:2025:2GD-FTV 2.4D; טויוטה:COROLLA:2019:2024:1.8 / 2.0
85222-0R050,מגב — טויוטה RAV4,מגב,Toyota,תאורה ופחחות,,wiper_blade,"מק""ט מקורי, רמת רכב (מספר שלדה). מקור: PartSouq · קטלוג היצרן. https://partsouq.com/en/catalog/toyota/diagram/NA/2024/RAV4-NAP/AXAA54L-CNZMBA/category/4/diagram/8501/vin/2T3A1RFV2RC485020",1,OEM:85222-0R050:Toyota,טויוטה:RAV4:2024:2024:A25A-FKS 2.5
85212-0R080,מגב — טויוטה RAV4,מגב,Toyota,תאורה ופחחות,,wiper_blade,"מק""ט מקורי, רמת רכב (מספר שלדה). מקור: PartSouq · קטלוג היצרן. https://partsouq.com/en/catalog/toyota/diagram/NA/2024/RAV4-NAP/AXAA54L-CNZMBA/category/4/diagram/8501/vin/2T3A1RFV2RC485020",1,OEM:85212-0R080:Toyota,טויוטה:RAV4:2024:2024:A25A-FKS 2.5
90919-02276,סליל הצתה — טויוטה RAV4,סליל הצתה,Toyota,הצתה,,ignition_coil,"מק""ט מקורי, רמת רכב (מספר שלדה). מקור: PartSouq · קטלוג היצרן. https://partsouq.com/en/catalog/toyota/diagram/NA/2024/RAV4-NAP/AXAA54L-CNZMBA/category/1/diagram/1901/vin/2T3A1RFV2RC485020",1,OEM:90919-02276:Toyota,טויוטה:RAV4:2024:2024:A25A-FKS 2.5
90919-A2009,סליל הצתה — טויוטה RAV4,סליל הצתה,Toyota,הצתה,,ignition_coil,"מק""ט מקורי, רמת רכב (מספר שלדה). מקור: PartSouq · קטלוג היצרן. https://partsouq.com/en/catalog/toyota/diagram/NA/2024/RAV4-NAP/AXAA54L-CNZMBA/category/1/diagram/1901/vin/2T3A1RFV2RC485020",1,OEM:90919-A2009:Toyota,טויוטה:RAV4:2024:2024:A25A-FKS 2.5
48531-8Z031,בולם זעזועים אחורי — טויוטה HILUX DOUBLE CAB,בולם זעזועים אחורי,Toyota,מתלים,,shock_absorber_rear,"מק""ט מקורי, רמת רכב (מספר שלדה). מקור: PartSouq · קטלוג היצרן. https://partsouq.com/en/catalog/toyota/diagram/GENERAL/2025/HILUX-DOUBLE-CAB/GUN126L-DGFHXF/category/2/diagram/4804/vin/8AJBA3CD1T7957303",1,OEM:48531-8Z031:Toyota,טויוטה:HILUX DOUBLE CAB:2025:2025:1GD-FTV 2.8
48541-09500,בולם זעזועים אחורי — טויוטה HILUX DOUBLE CAB,בולם זעזועים אחורי,Toyota,מתלים,,shock_absorber_rear,"מק""ט מקורי, רמת רכב (מספר שלדה). מקור: PartSouq · קטלוג היצרן. https://partsouq.com/en/catalog/toyota/diagram/GENERAL/2025/HILUX-DOUBLE-CAB/GUN126L-DGFHXF/category/2/diagram/4804/vin/8AJBA3CD1T7957303",1,OEM:48541-09500:Toyota,טויוטה:HILUX DOUBLE CAB:2025:2025:1GD-FTV 2.8
90916-T2033,רצועת אביזרים — טויוטה HILUX DOUBLE CAB,רצועת אביזרים,Toyota,מנוע,,serpentine_belt,"מק""ט מקורי, רמת רכב (מספר שלדה). מקור: PartSouq · קטלוג היצרן. https://partsouq.com/en/catalog/toyota/diagram/GENERAL/2025/HILUX-DOUBLE-CAB/GUN126L-DGFHXF/category/1/diagram/1605/vin/8AJBA3CD1T7957303",1,OEM:90916-T2033:Toyota,טויוטה:HILUX DOUBLE CAB:2025:2025:1GD-FTV 2.8
52119-F0905,פגוש קדמי — טויוטה HILUX DOUBLE CAB,פגוש קדמי,Toyota,תאורה ופחחות,,front_bumper,"מק""ט מקורי, רמת רכב (מספר שלדה). מקור: PartSouq · קטלוג היצרן. https://partsouq.com/en/catalog/toyota/diagram/GENERAL/2025/HILUX-DOUBLE-CAB/GUN126L-DGFHXF/category/3/diagram/5252/vin/8AJBA3CD1T7957303",1,OEM:52119-F0905:Toyota,טויוטה:HILUX DOUBLE CAB:2025:2025:1GD-FTV 2.8
81551-0K261,פנס אחורי — טויוטה HILUX DOUBLE CAB,פנס אחורי,Toyota,תאורה ופחחות,ימין,taillight,"מק""ט מקורי, רמת רכב (מספר שלדה). מקור: PartSouq · קטלוג היצרן. https://partsouq.com/en/catalog/toyota/diagram/GENERAL/2025/HILUX-DOUBLE-CAB/GUN126L-DGFHXF/category/4/diagram/8111/vin/8AJBA3CD1T7957303",1,OEM:81551-0K261:Toyota,טויוטה:HILUX DOUBLE CAB:2025:2025:1GD-FTV 2.8; טויוטה:HILUX DOUBLE CAB:2025:2025:2GD-FTV 2.4D
16031-25011,תרמוסטט — טויוטה RAV4,תרמוסטט,Toyota,קירור,,thermostat,"מק""ט מקורי, רמת רכב (מספר שלדה). מקור: PartSouq · קטלוג היצרן. https://partsouq.com/en/catalog/toyota/diagram/NA/2024/RAV4-NAP/AXAA54L-CNZMBA/category/1/diagram/1601/vin/2T3A1RFV2RC485020",1,OEM:16031-25011:Toyota,טויוטה:RAV4:2024:2024:A25A-FKS 2.5
16032-25010,משאבת מים — טויוטה RAV4,משאבת מים,Toyota,קירור,,water_pump,"מק""ט מקורי, רמת רכב (מספר שלדה). מקור: PartSouq · קטלוג היצרן. https://partsouq.com/en/catalog/toyota/diagram/NA/2024/RAV4-NAP/AXAA54L-CNZMBA/category/1/diagram/1601/vin/2T3A1RFV2RC485020",1,OEM:16032-25010:Toyota,טויוטה:RAV4:2024:2024:A25A-FKS 2.5
16360-0P170,מאוורר רדיאטור — טויוטה RAV4,מאוורר רדיאטור,Toyota,קירור,,radiator_fan,"מק""ט מקורי, רמת רכב (מספר שלדה). מקור: PartSouq · קטלוג היצרן. https://partsouq.com/en/catalog/toyota/diagram/NA/2024/RAV4-NAP/AXAA54L-CNZMBA/category/1/diagram/1601/vin/2T3A1RFV2RC485020",1,OEM:16360-0P170:Toyota,טויוטה:RAV4:2024:2024:A25A-FKS 2.5
90916-A2027,רצועת אביזרים — טויוטה RAV4,רצועת אביזרים,Toyota,מנוע,,serpentine_belt,"מק""ט מקורי, רמת רכב (מספר שלדה). מקור: PartSouq · קטלוג היצרן. https://partsouq.com/en/catalog/toyota/diagram/NA/2024/RAV4-NAP/AXAA54L-CNZMBA/category/1/diagram/1601/vin/2T3A1RFV2RC485020",1,OEM:90916-A2027:Toyota,טויוטה:RAV4:2024:2024:A25A-FKS 2.5
16400-F0010,רדיאטור — טויוטה RAV4,רדיאטור,Toyota,קירור,,radiator,"מק""ט מקורי, רמת רכב (מספר שלדה). מקור: PartSouq · קטלוג היצרן. https://partsouq.com/en/catalog/toyota/diagram/NA/2024/RAV4-NAP/AXAA54L-CNZMBA/category/1/diagram/1601/vin/2T3A1RFV2RC485020",1,OEM:16400-F0010:Toyota,טויוטה:RAV4:2024:2024:A25A-FKS 2.5
27060-25020,אלטרנטור — טויוטה RAV4,אלטרנטור,Toyota,חשמל,,alternator,"מק""ט מקורי, רמת רכב (מספר שלדה). מקור: PartSouq · קטלוג היצרן. https://partsouq.com/en/catalog/toyota/diagram/NA/2024/RAV4-NAP/AXAA54L-CNZMBA/category/1/diagram/1903/vin/2T3A1RFV2RC485020",1,OEM:27060-25020:Toyota,טויוטה:RAV4:2024:2024:A25A-FKS 2.5
48131-0R260,קפיץ מתלה — טויוטה RAV4,קפיץ מתלה,Toyota,מתלים,,coil_spring,"מק""ט מקורי, רמת רכב (מספר שלדה). מקור: PartSouq · קטלוג היצרן. https://partsouq.com/en/catalog/toyota/diagram/NA/2024/RAV4-NAP/AXAA54L-CNZMBA/category/2/diagram/4803/vin/2T3A1RFV2RC485020",1,OEM:48131-0R260:Toyota,טויוטה:RAV4:2024:2024:A25A-FKS 2.5
48510-8Z375,בולם זעזועים קדמי — טויוטה RAV4,בולם זעזועים קדמי,Toyota,מתלים,,shock_absorber_front,"מק""ט מקורי, רמת רכב (מספר שלדה). מקור: PartSouq · קטלוג היצרן. https://partsouq.com/en/catalog/toyota/diagram/NA/2024/RAV4-NAP/AXAA54L-CNZMBA/category/2/diagram/4803/vin/2T3A1RFV2RC485020",1,OEM:48510-8Z375:Toyota,טויוטה:RAV4:2024:2024:A25A-FKS 2.5
48520-8Z227,בולם זעזועים קדמי — טויוטה RAV4,בולם זעזועים קדמי,Toyota,מתלים,,shock_absorber_front,"מק""ט מקורי, רמת רכב (מספר שלדה). מקור: PartSouq · קטלוג היצרן. https://partsouq.com/en/catalog/toyota/diagram/NA/2024/RAV4-NAP/AXAA54L-CNZMBA/category/2/diagram/4803/vin/2T3A1RFV2RC485020",1,OEM:48520-8Z227:Toyota,טויוטה:RAV4:2024:2024:A25A-FKS 2.5
48820-42040,מוט מייצב — טויוטה RAV4,מוט מייצב,Toyota,מתלים,,stabilizer_link,"מק""ט מקורי, רמת רכב (מספר שלדה). מקור: PartSouq · קטלוג היצרן. https://partsouq.com/en/catalog/toyota/diagram/NA/2024/RAV4-NAP/AXAA54L-CNZMBA/category/2/diagram/4803/vin/2T3A1RFV2RC485020",1,OEM:48820-42040:Toyota,טויוטה:RAV4:2024:2024:A25A-FKS 2.5
48530-8Z093,בולם זעזועים אחורי — טויוטה RAV4,בולם זעזועים אחורי,Toyota,מתלים,,shock_absorber_rear,"מק""ט מקורי, רמת רכב (מספר שלדה). מקור: PartSouq · קטלוג היצרן. https://partsouq.com/en/catalog/toyota/diagram/NA/2024/RAV4-NAP/AXAA54L-CNZMBA/category/2/diagram/4804/vin/2T3A1RFV2RC485020",1,OEM:48530-8Z093:Toyota,טויוטה:RAV4:2024:2024:A25A-FKS 2.5
48830-0R030,מוט מייצב — טויוטה RAV4,מוט מייצב,Toyota,מתלים,,stabilizer_link,"מק""ט מקורי, רמת רכב (מספר שלדה). מקור: PartSouq · קטלוג היצרן. https://partsouq.com/en/catalog/toyota/diagram/NA/2024/RAV4-NAP/AXAA54L-CNZMBA/category/2/diagram/4804/vin/2T3A1RFV2RC485020",1,OEM:48830-0R030:Toyota,טויוטה:RAV4:2024:2024:A25A-FKS 2.5
48231-0R551,קפיץ מתלה — טויוטה RAV4,קפיץ מתלה,Toyota,מתלים,,coil_spring,"מק""ט מקורי, רמת רכב (מספר שלדה). מקור: PartSouq · קטלוג היצרן. https://partsouq.com/en/catalog/toyota/diagram/NA/2024/RAV4-NAP/AXAA54L-CNZMBA/category/2/diagram/4804/vin/2T3A1RFV2RC485020",1,OEM:48231-0R551:Toyota,טויוטה:RAV4:2024:2024:A25A-FKS 2.5
48770-0R020,זרוע תחתונה — טויוטה RAV4,זרוע תחתונה,Toyota,מתלים,,control_arm,"מק""ט מקורי, רמת רכב (מספר שלדה). מקור: PartSouq · קטלוג היצרן. https://partsouq.com/en/catalog/toyota/diagram/NA/2024/RAV4-NAP/AXAA54L-CNZMBA/category/2/diagram/4804/vin/2T3A1RFV2RC485020",1,OEM:48770-0R020:Toyota,טויוטה:RAV4:2024:2024:A25A-FKS 2.5
48790-0R020,זרוע תחתונה — טויוטה RAV4,זרוע תחתונה,Toyota,מתלים,,control_arm,"מק""ט מקורי, רמת רכב (מספר שלדה). מקור: PartSouq · קטלוג היצרן. https://partsouq.com/en/catalog/toyota/diagram/NA/2024/RAV4-NAP/AXAA54L-CNZMBA/category/2/diagram/4804/vin/2T3A1RFV2RC485020",1,OEM:48790-0R020:Toyota,טויוטה:RAV4:2024:2024:A25A-FKS 2.5
43330-09A80,מפרק כדורי — טויוטה RAV4,מפרק כדורי,Toyota,מתלים,,ball_joint,"מק""ט מקורי, רמת רכב (מספר שלדה). מקור: PartSouq · קטלוג היצרן. https://partsouq.com/en/catalog/toyota/diagram/NA/2024/RAV4-NAP/AXAA54L-CNZMBA/category/2/diagram/4802/vin/2T3A1RFV2RC485020",1,OEM:43330-09A80:Toyota,טויוטה:RAV4:2024:2024:A25A-FKS 2.5
48068-0R050,זרוע תחתונה — טויוטה RAV4,זרוע תחתונה,Toyota,מתלים,,control_arm,"מק""ט מקורי, רמת רכב (מספר שלדה). מקור: PartSouq · קטלוג היצרן. https://partsouq.com/en/catalog/toyota/diagram/NA/2024/RAV4-NAP/AXAA54L-CNZMBA/category/2/diagram/4802/vin/2T3A1RFV2RC485020",1,OEM:48068-0R050:Toyota,טויוטה:RAV4:2024:2024:A25A-FKS 2.5
48069-0R050,זרוע תחתונה — טויוטה RAV4,זרוע תחתונה,Toyota,מתלים,,control_arm,"מק""ט מקורי, רמת רכב (מספר שלדה). מקור: PartSouq · קטלוג היצרן. https://partsouq.com/en/catalog/toyota/diagram/NA/2024/RAV4-NAP/AXAA54L-CNZMBA/category/2/diagram/4802/vin/2T3A1RFV2RC485020",1,OEM:48069-0R050:Toyota,טויוטה:RAV4:2024:2024:A25A-FKS 2.5
81110-0R350,פנס ראשי ימין — טויוטה RAV4,פנס ראשי ימין,Toyota,תאורה ופחחות,,headlight_right,"מק""ט מקורי, רמת רכב (מספר שלדה). מקור: PartSouq · קטלוג היצרן. https://partsouq.com/en/catalog/toyota/diagram/NA/2024/RAV4-NAP/AXAA54L-CNZMBA/category/4/diagram/8101/vin/2T3A1RFV2RC485020",1,OEM:81110-0R350:Toyota,טויוטה:RAV4:2024:2024:A25A-FKS 2.5
81150-0R350,פנס ראשי שמאל — טויוטה RAV4,פנס ראשי שמאל,Toyota,תאורה ופחחות,,headlight_left,"מק""ט מקורי, רמת רכב (מספר שלדה). מקור: PartSouq · קטלוג היצרן. https://partsouq.com/en/catalog/toyota/diagram/NA/2024/RAV4-NAP/AXAA54L-CNZMBA/category/4/diagram/8101/vin/2T3A1RFV2RC485020",1,OEM:81150-0R350:Toyota,טויוטה:RAV4:2024:2024:A25A-FKS 2.5
81550-0R090,פנס אחורי — טויוטה RAV4,פנס אחורי,Toyota,תאורה ופחחות,,taillight,"מק""ט מקורי, רמת רכב (מספר שלדה). מקור: PartSouq · קטלוג היצרן. https://partsouq.com/en/catalog/toyota/diagram/NA/2024/RAV4-NAP/AXAA54L-CNZMBA/category/4/diagram/8111/vin/2T3A1RFV2RC485020",1,OEM:81550-0R090:Toyota,טויוטה:RAV4:2024:2024:A25A-FKS 2.5
88310-06570,קומפרסור מזגן — טויוטה RAV4,קומפרסור מזגן,Toyota,מיזוג,,ac_compressor,"מק""ט מקורי, רמת רכב (מספר שלדה). מקור: PartSouq · קטלוג היצרן. https://partsouq.com/en/catalog/toyota/diagram/NA/2024/RAV4-NAP/AXAA54L-CNZMBA/category/4/diagram/8719/vin/2T3A1RFV2RC485020",1,OEM:88310-06570:Toyota,טויוטה:RAV4:2024:2024:A25A-FKS 2.5
43310-09017,מפרק כדורי — טויוטה HILUX DOUBLE CAB,מפרק כדורי,Toyota,מתלים,,ball_joint,"מק""ט מקורי, רמת רכב (מספר שלדה). מקור: PartSouq · קטלוג היצרן. https://partsouq.com/en/catalog/toyota/diagram/GENERAL/2025/HILUX-DOUBLE-CAB/GUN126L-DGFHXF/category/2/diagram/4802/vin/8AJBA3CD1T7957303",1,OEM:43310-09017:Toyota,טויוטה:HILUX DOUBLE CAB:2025:2025:1GD-FTV 2.8
48068-0K090,זרוע תחתונה — טויוטה HILUX DOUBLE CAB,זרוע תחתונה,Toyota,מתלים,,control_arm,"מק""ט מקורי, רמת רכב (מספר שלדה). מקור: PartSouq · קטלוג היצרן. https://partsouq.com/en/catalog/toyota/diagram/GENERAL/2025/HILUX-DOUBLE-CAB/GUN126L-DGFHXF/category/2/diagram/4802/vin/8AJBA3CD1T7957303",1,OEM:48068-0K090:Toyota,טויוטה:HILUX DOUBLE CAB:2025:2025:1GD-FTV 2.8
48069-0K090,זרוע תחתונה — טויוטה HILUX DOUBLE CAB,זרוע תחתונה,Toyota,מתלים,,control_arm,"מק""ט מקורי, רמת רכב (מספר שלדה). מקור: PartSouq · קטלוג היצרן. https://partsouq.com/en/catalog/toyota/diagram/GENERAL/2025/HILUX-DOUBLE-CAB/GUN126L-DGFHXF/category/2/diagram/4802/vin/8AJBA3CD1T7957303",1,OEM:48069-0K090:Toyota,טויוטה:HILUX DOUBLE CAB:2025:2025:1GD-FTV 2.8
43330-09510,מפרק כדורי — טויוטה HILUX DOUBLE CAB,מפרק כדורי,Toyota,מתלים,,ball_joint,"מק""ט מקורי, רמת רכב (מספר שלדה). מקור: PartSouq · קטלוג היצרן. https://partsouq.com/en/catalog/toyota/diagram/GENERAL/2025/HILUX-DOUBLE-CAB/GUN126L-DGFHXF/category/2/diagram/4802/vin/8AJBA3CD1T7957303",1,OEM:43330-09510:Toyota,טויוטה:HILUX DOUBLE CAB:2025:2025:1GD-FTV 2.8
88320-0K520,קומפרסור מזגן — טויוטה HILUX DOUBLE CAB,קומפרסור מזגן,Toyota,מיזוג,,ac_compressor,"מק""ט מקורי, רמת רכב (מספר שלדה). מקור: PartSouq · קטלוג היצרן. https://partsouq.com/en/catalog/toyota/diagram/GENERAL/2025/HILUX-DOUBLE-CAB/GUN126L-DGFHXF/category/4/diagram/8719/vin/8AJBA3CD1T7957303",1,OEM:88320-0K520:Toyota,טויוטה:HILUX DOUBLE CAB:2025:2025:1GD-FTV 2.8; טויוטה:HILUX DOUBLE CAB:2025:2025:2GD-FTV 2.4D
28100-0L180,מתנע — טויוטה HILUX DOUBLE CAB,מתנע,Toyota,חשמל,,starter,"מק""ט מקורי, רמת רכב (מספר שלדה). מקור: PartSouq · קטלוג היצרן. https://partsouq.com/en/catalog/toyota/diagram/GENERAL/2025/HILUX-DOUBLE-CAB/GUN126L-DGFHXF/category/1/diagram/1904/vin/8AJBA3CD1T7957303",1,OEM:28100-0L180:Toyota,טויוטה:HILUX DOUBLE CAB:2025:2025:1GD-FTV 2.8
12371-F0091,תושבת מנוע — טויוטה RAV4,תושבת מנוע,Toyota,מנוע,,engine_mount,"מק""ט מקורי, רמת רכב (מספר שלדה). מקור: PartSouq · קטלוג היצרן. https://partsouq.com/en/catalog/toyota/diagram/NA/2024/RAV4-NAP/AXAA54L-CNZMBA/category/1/diagram/1107/vin/2T3A1RFV2RC485020",1,OEM:12371-F0091:Toyota,טויוטה:RAV4:2024:2024:A25A-FKS 2.5
42410-0R030,מיסב גלגל — טויוטה RAV4,מיסב גלגל,Toyota,מתלים,,wheel_bearing,"מק""ט מקורי, רמת רכב (מספר שלדה). מקור: PartSouq · קטלוג היצרן. https://partsouq.com/en/catalog/toyota/diagram/NA/2024/RAV4-NAP/AXAA54L-CNZMBA/category/2/diagram/4102/vin/2T3A1RFV2RC485020",1,OEM:42410-0R030:Toyota,טויוטה:RAV4:2024:2024:A25A-FKS 2.5
42431-06180,דיסק בלם אחורי — טויוטה RAV4,דיסק בלם אחורי,Toyota,בלמים,,brake_disc_rear,"מק""ט מקורי, רמת רכב (מספר שלדה). מקור: PartSouq · קטלוג היצרן. https://partsouq.com/en/catalog/toyota/diagram/NA/2024/RAV4-NAP/AXAA54L-CNZMBA/category/2/diagram/4102/vin/2T3A1RFV2RC485020",1,OEM:42431-06180:Toyota,טויוטה:RAV4:2024:2024:A25A-FKS 2.5
82821-33440,מצבר — טויוטה RAV4,מצבר,Toyota,חשמל,,battery,"מק""ט מקורי, רמת רכב (מספר שלדה). מקור: PartSouq · קטלוג היצרן. https://partsouq.com/en/catalog/toyota/diagram/NA/2024/RAV4-NAP/AXAA54L-CNZMBA/category/4/diagram/8201/vin/2T3A1RFV2RC485020",1,OEM:82821-33440:Toyota,טויוטה:RAV4:2024:2024:A25A-FKS 2.5
23101-25040,משאבת דלק — טויוטה RAV4,משאבת דלק,Toyota,דלק,,fuel_pump,"מק""ט מקורי, רמת רכב (מספר שלדה). מקור: PartSouq · קטלוג היצרן. https://partsouq.com/en/catalog/toyota/diagram/NA/2024/RAV4-NAP/AXAA54L-CNZMBA/category/1/diagram/2211/vin/2T3A1RFV2RC485020",1,OEM:23101-25040:Toyota,טויוטה:RAV4:2024:2024:A25A-FKS 2.5
12371-0L210,תושבת מנוע — טויוטה HILUX DOUBLE CAB,תושבת מנוע,Toyota,מנוע,,engine_mount,"מק""ט מקורי, רמת רכב (מספר שלדה). מקור: PartSouq · קטלוג היצרן. https://partsouq.com/en/catalog/toyota/diagram/GENERAL/2025/HILUX-DOUBLE-CAB/GUN126L-DGFHXF/category/1/diagram/1107/vin/8AJBA3CD1T7957303",1,OEM:12371-0L210:Toyota,טויוטה:HILUX DOUBLE CAB:2025:2025:1GD-FTV 2.8
42431-0K120,דיסק בלם אחורי — טויוטה HILUX DOUBLE CAB,דיסק בלם אחורי,Toyota,בלמים,,brake_disc_rear,"מק""ט מקורי, רמת רכב (מספר שלדה). מקור: PartSouq · קטלוג היצרן. https://partsouq.com/en/catalog/toyota/diagram/GENERAL/2025/HILUX-DOUBLE-CAB/GUN126L-DGFHXF/category/2/diagram/4102/vin/8AJBA3CD1T7957303",1,OEM:42431-0K120:Toyota,טויוטה:HILUX DOUBLE CAB:2025:2025:1GD-FTV 2.8
28800-0L504,מצבר — טויוטה HILUX DOUBLE CAB,מצבר,Toyota,חשמל,,battery,"מק""ט מקורי, רמת רכב (מספר שלדה). מקור: PartSouq · קטלוג היצרן. https://partsouq.com/en/catalog/toyota/diagram/GENERAL/2025/HILUX-DOUBLE-CAB/GUN126L-DGFHXF/category/4/diagram/8201/vin/8AJBA3CD1T7957303",1,OEM:28800-0L504:Toyota,טויוטה:HILUX DOUBLE CAB:2025:2025:1GD-FTV 2.8
87910-0R908,מראת צד — טויוטה RAV4,מראת צד,Toyota,תאורה ופחחות,,side_mirror,"מק""ט מקורי, רמת רכב (מספר שלדה). מקור: PartSouq · קטלוג היצרן. https://partsouq.com/en/catalog/toyota/diagram/NA/2024/RAV4-NAP/AXAA54L-CNZMBA/category/4/diagram/8701/vin/2T3A1RFV2RC485020",1,OEM:87910-0R908:Toyota,טויוטה:RAV4:2024:2024:A25A-FKS 2.5
87940-0R908,מראת צד — טויוטה RAV4,מראת צד,Toyota,תאורה ופחחות,,side_mirror,"מק""ט מקורי, רמת רכב (מספר שלדה). מקור: PartSouq · קטלוג היצרן. https://partsouq.com/en/catalog/toyota/diagram/NA/2024/RAV4-NAP/AXAA54L-CNZMBA/category/4/diagram/8701/vin/2T3A1RFV2RC485020",1,OEM:87940-0R908:Toyota,טויוטה:RAV4:2024:2024:A25A-FKS 2.5
85242-0R070,מגב — טויוטה RAV4,מגב אחורי,Toyota,תאורה ופחחות,,wiper_blade,"מק""ט מקורי, רמת רכב (מספר שלדה). מקור: PartSouq · קטלוג היצרן. https://partsouq.com/en/catalog/toyota/diagram/NA/2024/RAV4-NAP/AXAA54L-CNZMBA/category/4/diagram/8502/vin/2T3A1RFV2RC485020",1,OEM:85242-0R070:Toyota,טויוטה:RAV4:2024:2024:A25A-FKS 2.5
53811-0R130,כנף קדמית — טויוטה RAV4,כנף קדמית,Toyota,תאורה ופחחות,,fender,"מק""ט מקורי, רמת רכב (מספר שלדה). מקור: PartSouq · קטלוג היצרן. https://partsouq.com/en/catalog/toyota/diagram/NA/2024/RAV4-NAP/AXAA54L-CNZMBA/category/3/diagram/5353/vin/2T3A1RFV2RC485020",1,OEM:53811-0R130:Toyota,טויוטה:RAV4:2024:2024:A25A-FKS 2.5
53812-0R110,כנף קדמית — טויוטה RAV4,כנף קדמית,Toyota,תאורה ופחחות,,fender,"מק""ט מקורי, רמת רכב (מספר שלדה). מקור: PartSouq · קטלוג היצרן. https://partsouq.com/en/catalog/toyota/diagram/NA/2024/RAV4-NAP/AXAA54L-CNZMBA/category/3/diagram/5353/vin/2T3A1RFV2RC485020",1,OEM:53812-0R110:Toyota,טויוטה:RAV4:2024:2024:A25A-FKS 2.5
87910-0KE42,מראת צד — טויוטה HILUX DOUBLE CAB,מראת צד,Toyota,תאורה ופחחות,,side_mirror,"מק""ט מקורי, רמת רכב (מספר שלדה). מקור: PartSouq · קטלוג היצרן. https://partsouq.com/en/catalog/toyota/diagram/GENERAL/2025/HILUX-DOUBLE-CAB/GUN126L-DGFHXF/category/4/diagram/8701/vin/8AJBA3CD1T7957303",1,OEM:87910-0KE42:Toyota,טויוטה:HILUX DOUBLE CAB:2025:2025:1GD-FTV 2.8
87940-0KC92,מראת צד — טויוטה HILUX DOUBLE CAB,מראת צד,Toyota,תאורה ופחחות,,side_mirror,"מק""ט מקורי, רמת רכב (מספר שלדה). מקור: PartSouq · קטלוג היצרן. https://partsouq.com/en/catalog/toyota/diagram/GENERAL/2025/HILUX-DOUBLE-CAB/GUN126L-DGFHXF/category/4/diagram/8701/vin/8AJBA3CD1T7957303",1,OEM:87940-0KC92:Toyota,טויוטה:HILUX DOUBLE CAB:2025:2025:1GD-FTV 2.8
53811-KK030,כנף קדמית — טויוטה HILUX DOUBLE CAB,כנף קדמית,Toyota,תאורה ופחחות,ימין,fender,"מק""ט מקורי, רמת רכב (מספר שלדה). מקור: PartSouq · קטלוג היצרן. https://partsouq.com/en/catalog/toyota/diagram/GENERAL/2025/HILUX-DOUBLE-CAB/GUN126L-DGFHXF/category/3/diagram/5353/vin/8AJBA3CD1T7957303",1,OEM:53811-KK030:Toyota,טויוטה:HILUX DOUBLE CAB:2025:2025:1GD-FTV 2.8; טויוטה:HILUX DOUBLE CAB:2025:2025:2GD-FTV 2.4D
53812-KK050,כנף קדמית — טויוטה HILUX DOUBLE CAB,כנף קדמית,Toyota,תאורה ופחחות,שמאל,fender,"מק""ט מקורי, רמת רכב (מספר שלדה). מקור: PartSouq · קטלוג היצרן. https://partsouq.com/en/catalog/toyota/diagram/GENERAL/2025/HILUX-DOUBLE-CAB/GUN126L-DGFHXF/category/3/diagram/5353/vin/8AJBA3CD1T7957303",1,OEM:53812-KK050:Toyota,טויוטה:HILUX DOUBLE CAB:2025:2025:1GD-FTV 2.8; טויוטה:HILUX DOUBLE CAB:2025:2025:2GD-FTV 2.4D
81210-02220,פנס ערפל קדמי — טויוטה HILUX DOUBLE CAB,פנס ערפל קדמי,Toyota,תאורה ופחחות,ימין,fog_light,"מק""ט מקורי, רמת רכב (מספר שלדה). מקור: PartSouq · קטלוג היצרן. https://partsouq.com/en/catalog/toyota/diagram/GENERAL/2025/HILUX-DOUBLE-CAB/GUN126L-DGFHXF/category/4/diagram/8102/vin/8AJBA3CD1T7957303",1,OEM:81210-02220:Toyota,טויוטה:HILUX DOUBLE CAB:2025:2025:1GD-FTV 2.8; טויוטה:HILUX DOUBLE CAB:2025:2025:2GD-FTV 2.4D
81220-02150,פנס ערפל קדמי — טויוטה HILUX DOUBLE CAB,פנס ערפל קדמי,Toyota,תאורה ופחחות,שמאל,fog_light,"מק""ט מקורי, רמת רכב (מספר שלדה). מקור: PartSouq · קטלוג היצרן. https://partsouq.com/en/catalog/toyota/diagram/GENERAL/2025/HILUX-DOUBLE-CAB/GUN126L-DGFHXF/category/4/diagram/8102/vin/8AJBA3CD1T7957303",1,OEM:81220-02150:Toyota,טויוטה:HILUX DOUBLE CAB:2025:2025:1GD-FTV 2.8; טויוטה:HILUX DOUBLE CAB:2025:2025:2GD-FTV 2.4D
52159-0R160,פגוש אחורי — טויוטה RAV4,פגוש אחורי,Toyota,תאורה ופחחות,,rear_bumper,"מק""ט מקורי, רמת רכב (מספר שלדה). מקור: PartSouq · קטלוג היצרן. https://partsouq.com/en/catalog/toyota/diagram/NA/2024/RAV4-NAP/AXAA54L-CNZMBA/category/3/diagram/5253/vin/2T3A1RFV2RC485020",1,OEM:52159-0R160:Toyota,טויוטה:RAV4:2024:2024:A25A-FKS 2.5
52159-0K291,פגוש אחורי — טויוטה HILUX DOUBLE CAB,פגוש אחורי,Toyota,תאורה ופחחות,,rear_bumper,"מק""ט מקורי, רמת רכב (מספר שלדה). מקור: PartSouq · קטלוג היצרן. https://partsouq.com/en/catalog/toyota/diagram/GENERAL/2025/HILUX-DOUBLE-CAB/GUN126L-DGFHXF/category/3/diagram/5253/vin/8AJBA3CD1T7957303",1,OEM:52159-0K291:Toyota,טויוטה:HILUX DOUBLE CAB:2025:2025:1GD-FTV 2.8
56101-0K311,שמשה קדמית — טויוטה HILUX DOUBLE CAB,"GLASS, WINDSHIELD",Toyota,תאורה ופחחות,,windshield,"מק""ט מקורי, רמת רכב (מספר שלדה). מקור: PartSouq · קטלוג היצרן. https://partsouq.com/en/catalog/toyota/diagram/GENERAL/2025/HILUX-DOUBLE-CAB/GUN126L-DGFHXF/category/3/diagram/5553/vin/8AJBA3CD1T7957303",1,OEM:56101-0K311:Toyota,טויוטה:HILUX DOUBLE CAB:2025:2025:2GD-FTV 2.4D
28113-2S000,מסנן אוויר — יונדאי TUCSON,AIR FILTER / AIR CLEANER ELEMENT,Hyundai,מנוע / סינון,,air_filter,"מק""ט מקורי, רמת דגם. מקור: hyundai.oempartsonline.com, hyundaipartsdeal.com. https://hyundai.oempartsonline.com/oem-parts/hyundai-air-filter-281132s000",1,OEM:28113-2S000:Hyundai,יונדאי:TUCSON:2010:2015; יונדאי:TUCSON:2009:2015:GDI / MPI; קיה:SPORTAGE:2010:2015:2.4 Theta 2
28113-P0400,מסנן אוויר — יונדאי TUCSON,AIR FILTER,Hyundai,מנוע / סינון,,air_filter,"מק""ט מקורי, רמת דגם. מקור: hyundai.oempartsonline.com, hyundaipartsdeal.com. https://hyundai.oempartsonline.com/oem-parts/hyundai-air-filter-28113p0400",1,OEM:28113-P0400:Hyundai,יונדאי:TUCSON:2022:2026; יונדאי:TUCSON:2022:2026:TCI-GDI; קיה:SPORTAGE:2023:2025:1.6 Gamma-II
97133-D3000,מסנן מזגן — יונדאי TUCSON,CABIN AIR FILTER,Hyundai,מנוע / סינון,,cabin_filter,"מק""ט מקורי, רמת דגם. מקור: hyundai.oempartsonline.com, hyundaipartsdeal.com. https://hyundai.oempartsonline.com/oem-parts/hyundai-cabin-air-filter-97133d3000",1,OEM:97133-D3000:Hyundai,יונדאי:TUCSON:2016:2018; יונדאי:TUCSON:2016:2018:GDI / TCI-GDI; קיה:SPORTAGE:2016:2019:2.0 / 2.4 Theta 2
58101-D3A00,רפידות בלם קדמיות — יונדאי TUCSON,"DISC BRAKE PAD SET, FRONT",Hyundai,בלמים,,brake_pads_front,"מק""ט מקורי, רמת דגם. מקור: hyundaioempartsdirect.com, hyundaipartsdeal.com. https://www.hyundaioempartsdirect.com/oem-parts/hyundai-disc-brake-pad-set-front-58101d3a00",1,OEM:58101-D3A00:Hyundai,יונדאי:TUCSON:2016:2016; יונדאי:TUCSON:2016:2018:GDI / TCI-GDI
58101-D3A11,רפידות בלם קדמיות — יונדאי TUCSON,"BRAKE PADS, FRONT",Hyundai,בלמים,,brake_pads_front,"מק""ט מקורי, רמת דגם. מקור: hyundai.oempartsonline.com, hyundaipartsdeal.com. https://hyundai.oempartsonline.com/oem-parts/hyundai-brake-pads-front-58101d3a11",1,OEM:58101-D3A11:Hyundai,יונדאי:TUCSON:2018:2021; יונדאי:TUCSON:2016:2021:GDI / TCI-GDI; קיה:SPORTAGE:2016:2022:2.4 Theta 2
58101-3SA26,רפידות בלם קדמיות — יונדאי TUCSON,"PAD KIT, FRONT DISC BRAKE",Hyundai,בלמים,,brake_pads_front,"מק""ט מקורי, רמת דגם. מקור: hyundai.oempartsonline.com. https://hyundai.oempartsonline.com/oem-parts/hyundai-pad-kit-front-disc-brake-581013sa26",1,OEM:58101-3SA26:Hyundai,יונדאי:TUCSON:2010:2016
58101-2SA00,רפידות בלם קדמיות — יונדאי TUCSON,"BRAKE PADS, FRONT",Hyundai,בלמים,,brake_pads_front,"מק""ט מקורי, רמת דגם. מקור: hyundai.oempartsonline.com, hyundaipartsdeal.com. https://hyundai.oempartsonline.com/oem-parts/hyundai-brake-pads-front-581012sa00",1,OEM:58101-2SA00:Hyundai,יונדאי:TUCSON:2010:2016; יונדאי:TUCSON:2009:2013:MPI; קיה:SPORTAGE:2010:2013:2.0/2.4 Theta 2
58101-N9A11,רפידות בלם קדמיות — יונדאי TUCSON,DISC BRAKE PAD SET,Hyundai,בלמים,,brake_pads_front,"מק""ט מקורי, רמת דגם. מקור: hyundai.oempartsonline.com, hyundaipartsdeal.com. https://hyundai.oempartsonline.com/oem-parts/hyundai-disc-brake-pad-set-58101n9a11",1,OEM:58101-N9A11:Hyundai,יונדאי:TUCSON:2022:2026; יונדאי:TUCSON:2022:2026:GDI / TCI-GDI; קיה:SPORTAGE:2023:2026:1.6 Gamma-II / 2.5 Theta-III
58101-P0A10,רפידות בלם קדמיות — יונדאי TUCSON,BRAKE PADS,Hyundai,בלמים,,brake_pads_front,"מק""ט מקורי, רמת דגם. מקור: hyundai.oempartsonline.com. https://hyundai.oempartsonline.com/oem-parts/hyundai-brake-pads-58101p0a10",1,OEM:58101-P0A10:Hyundai,יונדאי:TUCSON:2022:2025
58302-D3A71,רפידות בלם אחוריות — יונדאי TUCSON,"BRAKE PADS, REAR",Hyundai,בלמים,,brake_pads_rear,"מק""ט מקורי, רמת דגם. מקור: hyundai.oempartsonline.com, hyundaipartsdeal.com. https://hyundai.oempartsonline.com/oem-parts/hyundai-brake-pads-rear-58302d3a71",1,OEM:58302-D3A71:Hyundai,יונדאי:TUCSON:2019:2021; יונדאי:TUCSON:2019:2021:GDI
51712-L1100,דיסק בלם קדמי — יונדאי TUCSON,DISC BRAKE ROTOR,Hyundai,בלמים,,brake_disc_front,"מק""ט מקורי, רמת דגם. מקור: hyundai.oempartsonline.com. https://hyundai.oempartsonline.com/oem-parts/hyundai-disc-brake-rotor-51712l1100",1,OEM:51712-L1100:Hyundai,יונדאי:TUCSON:2022:2026
58101-F2A00,רפידות בלם קדמיות — יונדאי ELANTRA,"BRAKE PADS, FRONT",Hyundai,בלמים,,brake_pads_front,"מק""ט מקורי, רמת דגם. מקור: hyundaioempartsdirect.com, hyundaipartsdeal.com. https://www.hyundaioempartsdirect.com/oem-parts/hyundai-brake-pads-front-58101f2a00",1,OEM:58101-F2A00:Hyundai,יונדאי:ELANTRA:2017:2020; יונדאי:ELANTRA:2016:2020:MPI
58101-F3A00,רפידות בלם קדמיות — יונדאי ELANTRA,"BRAKE PADS, FRONT",Hyundai,בלמים,,brake_pads_front,"מק""ט מקורי, רמת דגם. מקור: oemhyundaiparts.com, hyundaipartsdeal.com. https://www.oemhyundaiparts.com/oem-parts/hyundai-brake-pads-front-58101f3a00",1,OEM:58101-F3A00:Hyundai,יונדאי:ELANTRA:2017:2020; יונדאי:ELANTRA:2016:2020:MPI / TCI-GDI
58101-AAA01,רפידות בלם קדמיות — יונדאי ELANTRA,BRAKE PADS,Hyundai,בלמים,,brake_pads_front,"מק""ט מקורי, רמת דגם. מקור: partshyundai.com. https://www.partshyundai.com/oem-parts/hyundai-brake-pads-58101aaa01",1,OEM:58101-AAA01:Hyundai,יונדאי:ELANTRA:2023:2025
58302-F3A30,רפידות בלם אחוריות — יונדאי ELANTRA,"BRAKE PADS, REAR",Hyundai,בלמים,,brake_pads_rear,"מק""ט מקורי, רמת דגם. מקור: hyundai.oempartsonline.com, hyundaipartsdeal.com. https://hyundai.oempartsonline.com/oem-parts/hyundai-brake-pads-rear-58302f3a30",1,OEM:58302-F3A30:Hyundai,יונדאי:ELANTRA:2017:2020; יונדאי:ELANTRA:2016:2020:MPI / TCI-GDI
25100-03800,משאבת מים — יונדאי ELANTRA,WATER PUMP,Hyundai,קירור,,water_pump,"מק""ט מקורי, רמת דגם. מקור: hyundai.oempartsonline.com. https://hyundai.oempartsonline.com/oem-parts/hyundai-water-pump-2510003800",1,OEM:25100-03800:Hyundai,יונדאי:ELANTRA:2017:2020
58302-A5B30,רפידות בלם אחוריות — יונדאי ELANTRA GT,"BRAKE PADS, REAR",Hyundai,בלמים,,brake_pads_rear,"מק""ט מקורי, רמת דגם. מקור: hyundai.oempartsonline.com. https://hyundai.oempartsonline.com/oem-parts/hyundai-brake-pads-rear-58302a5b30",1,OEM:58302-A5B30:Hyundai,יונדאי:ELANTRA GT:2013:2016
58101-1UA00,רפידות בלם קדמיות — קיה SORENTO,"DISC BRAKE PAD SET, FRONT",Kia,בלמים,,brake_pads_front,"מק""ט מקורי, רמת דגם. מקור: kia.parts. https://www.kia.parts/oem-parts/kia-disc-brake-pad-set-front-581011ua00",1,OEM:58101-1UA00:Kia,קיה:SORENTO:2011:2012
58101-C6A00,רפידות בלם קדמיות — קיה SORENTO,"BRAKE PADS, FRONT",Kia,בלמים,,brake_pads_front,"מק""ט מקורי, רמת דגם. מקור: kia.parts. https://www.kia.parts/oem-parts/kia-brake-pads-front-58101c6a00",1,OEM:58101-C6A00:Kia,קיה:SORENTO:2016:2020
58101-H9A60,רפידות בלם קדמיות — קיה RIO,"BRAKE PADS, FRONT",Kia,בלמים,,brake_pads_front,"מק""ט מקורי, רמת דגם. מקור: kia.parts, kiapartsnow.com. https://www.kia.parts/oem-parts/kia-brake-pads-front-58101h9a60",1,OEM:58101-H9A60:Kia,קיה:RIO:2018:2023; קיה:RIO:2018:2023:1.6 Gamma / Gamma-II; יונדאי:ACCENT:2018:2022:GDI / MPI
58101-1RA01,רפידות בלם קדמיות — קיה RIO,"BRAKE PADS, FRONT",Kia,בלמים,,brake_pads_front,"מק""ט מקורי, רמת דגם. מקור: kia.parts, kiapartsnow.com. https://www.kia.parts/oem-parts/kia-brake-pads-front-581011ra01",1,OEM:58101-1RA01:Kia,קיה:RIO:2012:2017; קיה:RIO:2012:2017:1.6 Gamma
58101-K0A00,רפידות בלם קדמיות — קיה SOUL,"BRAKE PADS, FRONT",Kia,בלמים,,brake_pads_front,"מק""ט מקורי, רמת דגם. מקור: genuinekiaparts.com, kiapartsnow.com. https://www.genuinekiaparts.com/oem-parts/kia-brake-pads-front-58101k0a00",1,OEM:58101-K0A00:Kia,קיה:SOUL:2020:2025; קיה:SOUL:2020:2025:2.0 NU
58101-K0A10,רפידות בלם קדמיות — קיה SOUL,"BRAKE PADS, FRONT",Kia,בלמים,,brake_pads_front,"מק""ט מקורי, רמת דגם. מקור: kia.oempartsonline.com, kiapartsnow.com. https://kia.oempartsonline.com/oem-parts/kia-brake-pads-front-58101k0a10",1,OEM:58101-K0A10:Kia,קיה:SOUL:2020:2022; קיה:SOUL:2020:2022:1.6 Gamma
58101-J9A05,רפידות בלם קדמיות — קיה SELTOS,BRAKE PADS,Kia,בלמים,,brake_pads_front,"מק""ט מקורי, רמת דגם. מקור: kia.parts, hyundaipartsdeal.com. https://www.kia.parts/oem-parts/kia-brake-pads-58101j9a05",1,OEM:58101-J9A05:Kia,קיה:SELTOS:2021:2025; יונדאי:KONA:2018:2023:MPI / TCI-GDI
51712-G2000,דיסק בלם קדמי — קיה NIRO,"DISC BRAKE ROTOR, FRONT",Kia,בלמים,,brake_disc_front,"מק""ט מקורי, רמת דגם. מקור: kia.parts. https://www.kia.parts/oem-parts/kia-disc-brake-rotor-front-51712g2000",1,OEM:51712-G2000:Kia,קיה:NIRO:2017:2022
51712-P2000,דיסק בלם קדמי — קיה SORENTO,DISC BRAKE ROTOR,Kia,בלמים,,brake_disc_front,"מק""ט מקורי, רמת דגם. מקור: kia.parts. https://www.kia.parts/oem-parts/kia-disc-brake-rotor-51712p2000",1,OEM:51712-P2000:Kia,קיה:SORENTO:2021:2025
51712-C6000,דיסק בלם קדמי — קיה SORENTO,ROTOR,Kia,בלמים,,brake_disc_front,"מק""ט מקורי, רמת דגם. מקור: kia.parts. https://www.kia.parts/oem-parts/kia-rotor-51712c6000",1,OEM:51712-C6000:Kia,קיה:SORENTO:2016:2020
51712-3X000,דיסק בלם קדמי — קיה SELTOS,ROTOR,Kia,בלמים,,brake_disc_front,"מק""ט מקורי, רמת דגם. מקור: kia.oempartsonline.com. https://kia.oempartsonline.com/oem-parts/kia-rotor-517123x000",1,OEM:51712-3X000:Kia,קיה:SELTOS:2021:2025
51712-H8500,דיסק בלם קדמי — קיה RIO,ROTOR,Kia,בלמים,,brake_disc_front,"מק""ט מקורי, רמת דגם. מקור: kia.parts. https://www.kia.parts/oem-parts/kia-rotor-51712h8500",1,OEM:51712-H8500:Kia,קיה:RIO:2018:2023
58101-K4A00,רפידות בלם קדמיות — יונדאי KONA ELECTRIC,"BRAKE PADS, FRONT",Hyundai,בלמים,,brake_pads_front,"מק""ט מקורי, רמת דגם. מקור: hyundaioempartsdirect.com. https://www.hyundaioempartsdirect.com/oem-parts/hyundai-brake-pads-58101k4a00",1,OEM:58101-K4A00:Hyundai,יונדאי:KONA ELECTRIC:2019:2023
58101-BEA10,רפידות בלם קדמיות — יונדאי KONA,BRAKE PADS,Hyundai,בלמים,,brake_pads_front,"מק""ט מקורי, רמת דגם. מקור: hyundaioempartsdirect.com, hyundaipartsdeal.com. https://www.hyundaioempartsdirect.com/oem-parts/hyundai-brake-pads-58101bea10",1,OEM:58101-BEA10:Hyundai,יונדאי:KONA:2024:2026; יונדאי:KONA:2024:2026:MPI / TCI-GDI
58101-BFA10,רפידות בלם קדמיות — יונדאי KONA ELECTRIC,BRAKE PADS,Hyundai,בלמים,,brake_pads_front,"מק""ט מקורי, רמת דגם. מקור: hyundai.oempartsonline.com. https://hyundai.oempartsonline.com/oem-parts/hyundai-brake-pads-58101bfa10",1,OEM:58101-BFA10:Hyundai,יונדאי:KONA ELECTRIC:2024:2025
58101-25A20,רפידות בלם קדמיות — יונדאי ACCENT,"BRAKE PADS, FRONT",Hyundai,בלמים,,brake_pads_front,"מק""ט מקורי, רמת דגם. מקור: hyundai.oempartsonline.com, hyundaipartsdeal.com. https://hyundai.oempartsonline.com/oem-parts/hyundai-brake-pads-front-5810125a20",1,OEM:58101-25A20:Hyundai,יונדאי:ACCENT:2000:2005; יונדאי:ACCENT:1999:2006
37300-23650,אלטרנטור — יונדאי ELANTRA,ALTERNATOR ASSEMBLY,Hyundai,חשמל,,alternator,"מק""ט מקורי, רמת דגם. מקור: oemhyundaiparts.com. https://www.oemhyundaiparts.com/oem-parts/hyundai-alternator-3730023650",1,OEM:37300-23650:Hyundai,יונדאי:ELANTRA:2007:2012
37300-2E270,אלטרנטור — יונדאי ELANTRA,ALTERNATOR ASSEMBLY,Hyundai,חשמל,,alternator,"מק""ט מקורי, רמת דגם. מקור: factoryhyundaipartsonline.com. https://www.factoryhyundaipartsonline.com/oem-parts/hyundai-alternator-373002e270",1,OEM:37300-2E270:Hyundai,יונדאי:ELANTRA:2015:2016
37300-2E400,אלטרנטור — יונדאי TUCSON,ALTERNATOR ASSEMBLY,Hyundai,חשמל,,alternator,"מק""ט מקורי, רמת דגם. מקור: quirkparts.com, hyundaipartsdeal.com. https://www.quirkparts.com/oem-parts/hyundai-alternator-373002e400",1,OEM:37300-2E400:Hyundai,יונדאי:TUCSON:2014:2015; יונדאי:TUCSON:2014:2015:GDI
97701-AA100,קומפרסור מזגן — יונדאי ELANTRA,"COMPRESSOR ASSEMBLY, A/C",Hyundai,מיזוג,,ac_compressor,"מק""ט מקורי, רמת דגם. מקור: hyundai.worldoemparts.com. https://hyundai.worldoemparts.com/oem-parts/hyundai-compressor-assembly-97701aa100",1,OEM:97701-AA100:Hyundai,יונדאי:ELANTRA:2021:2025
04465-52320,רפידות בלם קדמיות — טויוטה PRIUS C,FRONT BRAKE PAD SET,Toyota,בלמים,,brake_pads_front,"מק""ט מקורי, רמת דגם. מקור: parts.frontiertoyota.com. https://parts.frontiertoyota.com/oem-parts/toyota-oem-front-brake-pad-set-2012-2019-prius-c-446552320",1,OEM:04465-52320:Toyota,טויוטה:PRIUS C:2012:2018
04465-47080,רפידות בלם קדמיות — טויוטה PRIUS,FRONT BRAKE PAD SET,Toyota,בלמים,,brake_pads_front,"מק""ט מקורי, רמת דגם. מקור: parts.frontiertoyota.com, toyotapartsdeal.com. https://parts.frontiertoyota.com/oem-parts/toyota-oem-front-brake-pad-set-2016-2022-prius-2017-2019-prius-prime-446547080",1,OEM:04465-47080:Toyota,טויוטה:PRIUS:2016:2022; טויוטה:COROLLA:2020:2024:1.8 / 2.0; טויוטה:PRIUS:2016:2022:1.8 (2ZR-FXE)
04465-47070,רפידות בלם קדמיות — טויוטה PRIUS,FRONT BRAKE PADS,Toyota,בלמים,,brake_pads_front,"מק""ט מקורי, רמת דגם. מקור: parts.frontiertoyota.com, toyotapartsdeal.com. https://parts.frontiertoyota.com/oem-parts/toyota-oem-front-brake-pad-set-2010-2015-prius-446547070",1,OEM:04465-47070:Toyota,טויוטה:PRIUS:2010:2015; טויוטה:PRIUS:2010:2015:1.8 (2ZR-FXE)
04465-02410,רפידות בלם קדמיות — טויוטה COROLLA,"BRAKE PADS, FRONT",Toyota,בלמים,,brake_pads_front,"מק""ט מקורי, רמת דגם. מקור: wholesaledirect.moderntoyota.com, toyotapartsdeal.com. https://wholesaledirect.moderntoyota.com/oem-parts/toyota-brake-pads-front-446502410",1,OEM:04465-02410:Toyota,טויוטה:COROLLA:2014:2019; טויוטה:COROLLA:2014:2019:1.8
04465-02010,רפידות בלם קדמיות — טויוטה COROLLA,"BRAKE PADS, FRONT",Toyota,בלמים,,brake_pads_front,"מק""ט מקורי, רמת דגם. מקור: wholesaledirect.moderntoyota.com, toyotapartsdeal.com. https://wholesaledirect.moderntoyota.com/oem-parts/toyota-brake-pads-front-446502010",1,OEM:04465-02010:Toyota,טויוטה:COROLLA:1998:2002; טויוטה:COROLLA:1998:2002:1.8
04465-02460,רפידות בלם קדמיות — טויוטה COROLLA,"BRAKE PADS, FRONT",Toyota,בלמים,,brake_pads_front,"מק""ט מקורי, רמת דגם. מקור: wholesaledirect.moderntoyota.com, toyotapartsdeal.com. https://wholesaledirect.moderntoyota.com/oem-parts/toyota-brake-pads-front-446502460",1,OEM:04465-02460:Toyota,טויוטה:COROLLA:2020:2026; טויוטה:COROLLA:2020:2024:1.8 / 2.0
17801-28010,מסנן אוויר — טויוטה RAV4,AIR FILTER,Toyota,מנוע / סינון,,air_filter,"מק""ט מקורי, רמת דגם. מקור: wholesaledirect.moderntoyota.com, toyotapartsdeal.com. https://wholesaledirect.moderntoyota.com/oem-parts/toyota-air-filter-1780128010",1,OEM:17801-28010:Toyota,טויוטה:RAV4:2001:2005; טויוטה:RAV4:2001:2005:2.0 / 2.4
K0Y1-33-28ZB,רפידות בלם קדמיות — מאזדה CX-5,"BRAKE PADS, FRONT",Mazda,בלמים,,brake_pads_front,"מק""ט מקורי, רמת דגם. מקור: mazda.oempartsonline.com. https://mazda.oempartsonline.com/oem-parts/mazda-brake-pads-front-k0y13328zb",1,OEM:K0Y1-33-28ZB:Mazda,מאזדה:CX-5:2013:2020
K0Y1-33-28ZA,רפידות בלם קדמיות — מאזדה CX-5,"PAD SUB SET, FRONT CALIPER",Mazda,בלמים,,brake_pads_front,"מק""ט מקורי, רמת דגם. מקור: parts.mazdausa.com. https://parts.mazdausa.com/p/Mazda__CX-5/PAD-SUB-SET--FRT-CALIPER/105466144/K0Y1-33-28ZA.html",1,OEM:K0Y1-33-28ZA:Mazda,מאזדה:CX-5
43512-52120,דיסק בלם קדמי — טויוטה PRIUS C,FRONT BRAKE ROTOR,Toyota,בלמים,,brake_disc_front,"מק""ט מקורי, רמת דגם. מקור: parts.frontiertoyota.com. https://parts.frontiertoyota.com/oem-parts/toyota-front-brake-rotor-2012-2019-prius-c-2006-2011-yaris-hb-2007-2014-yaris-sedan-4351252120",1,OEM:43512-52120:Toyota,טויוטה:PRIUS C:2012:2019
43512-02370,דיסק בלם קדמי — טויוטה COROLLA,"DISC BRAKE ROTOR, FRONT",Toyota,בלמים,,brake_disc_front,"מק""ט מקורי, רמת דגם. מקור: parts.olathetoyota.com. https://parts.olathetoyota.com/oem-parts/toyota-disc-brake-rotor-front-4351202370",1,OEM:43512-02370:Toyota,טויוטה:COROLLA:2020:2025
54651-N9200,בולם זעזועים קדמי — יונדאי TUCSON,"SUSPENSION STRUT, FRONT",Hyundai,מתלים,,shock_absorber_front,"מק""ט מקורי, רמת דגם. מקור: hyundai.oempartsonline.com. https://hyundai.oempartsonline.com/oem-parts/hyundai-suspension-strut-54651n9200",1,OEM:54651-N9200:Hyundai,יונדאי:TUCSON:2022:2024
54651-AA720,בולם זעזועים קדמי — יונדאי ELANTRA,"STRUT, FRONT",Hyundai,מתלים,,shock_absorber_front,"מק""ט מקורי, רמת דגם. מקור: hyundai.oempartsonline.com. https://hyundai.oempartsonline.com/oem-parts/hyundai-strut-54651aa720",1,OEM:54651-AA720:Hyundai,יונדאי:ELANTRA:2021:2023
54650-AA760,בולם זעזועים קדמי — יונדאי ELANTRA,"STRUT, FRONT",Hyundai,מתלים,,shock_absorber_front,"מק""ט מקורי, רמת דגם. מקור: hyundai.oempartsonline.com. https://hyundai.oempartsonline.com/oem-parts/hyundai-strut-54650aa760",1,OEM:54650-AA760:Hyundai,יונדאי:ELANTRA:2024:2026
54651-AA760,בולם זעזועים קדמי — יונדאי ELANTRA,"STRUT, FRONT",Hyundai,מתלים,,shock_absorber_front,"מק""ט מקורי, רמת דגם. מקור: hyundaioempartsdirect.com. https://www.hyundaioempartsdirect.com/oem-parts/hyundai-strut-54651aa760",1,OEM:54651-AA760:Hyundai,יונדאי:ELANTRA:2024:2026
54650-BYBA0,בולם זעזועים קדמי — יונדאי ELANTRA,"STRUT, FRONT",Hyundai,מתלים,,shock_absorber_front,"מק""ט מקורי, רמת דגם. מקור: hyundai.oempartsonline.com. https://hyundai.oempartsonline.com/oem-parts/hyundai-strut-54650byba0",1,OEM:54650-BYBA0:Hyundai,יונדאי:ELANTRA:2021:2026
17801-77050,מסנן אוויר — טויוטה COROLLA,"ELEMENT SUB-ASSY, AIR CLEANER FILTER",Toyota,מנוע / סינון,,air_filter,"מק""ט מקורי, רמת דגם. מקור: toyotapartsdeal.com. https://www.toyotapartsdeal.com/oem-toyota-corolla-air_filter.html",1,OEM:17801-77050:Toyota,טויוטה:COROLLA:2019:2024; טויוטה:RAV4:2019:2024:2.5; טויוטה:C-HR:2017:2022:2.0 (3ZR-FAE)
17801-F0020,מסנן אוויר — טויוטה COROLLA,"ELEMENT SUB-ASSY, AIR CLEANER FILTER",Toyota,מנוע / סינון,,air_filter,"מק""ט מקורי, רמת דגם. מקור: toyotapartsdeal.com. https://www.toyotapartsdeal.com/oem-toyota-corolla-air_filter.html",1,OEM:17801-F0020:Toyota,טויוטה:COROLLA:2020:2024; טויוטה:RAV4:2019:2024:2.5
17801-21050,מסנן אוויר — טויוטה COROLLA,"ELEMENT SUB-ASSY, AIR CLEANER FILTER",Toyota,מנוע / סינון,,air_filter,"מק""ט מקורי, רמת דגם. מקור: toyotapartsdeal.com. https://www.toyotapartsdeal.com/oem-toyota-corolla-air_filter.html",1,OEM:17801-21050:Toyota,טויוטה:COROLLA:2009:2013
17801-0T030,מסנן אוויר — טויוטה COROLLA,"ELEMENT SUB-ASSY, AIR CLEANER FILTER",Toyota,מנוע / סינון,,air_filter,"מק""ט מקורי, רמת דגם. מקור: toyotapartsdeal.com. https://www.toyotapartsdeal.com/oem-toyota-corolla-air_filter.html",1,OEM:17801-0T030:Toyota,טויוטה:COROLLA:2009:2019
17801-AD010,מסנן אוויר — טויוטה COROLLA,"ELEMENT SUB-ASSY, AIR CLEANER FILTER",Toyota,מנוע / סינון,,air_filter,"מק""ט מקורי, רמת דגם. מקור: toyotapartsdeal.com. https://www.toyotapartsdeal.com/oem-toyota-corolla-air_filter.html",1,OEM:17801-AD010:Toyota,טויוטה:COROLLA:2009:2013; טויוטה:RAV4:2009:2012:2.5 / 3.5
17801-22020,מסנן אוויר — טויוטה COROLLA,"ELEMENT SUB-ASSY, AIR CLEANER FILTER",Toyota,מנוע / סינון,,air_filter,"מק""ט מקורי, רמת דגם. מקור: toyotapartsdeal.com. https://www.toyotapartsdeal.com/oem-toyota-corolla-air_filter.html",1,OEM:17801-22020:Toyota,טויוטה:COROLLA:2003:2008
17801-0D020,מסנן אוויר — טויוטה COROLLA,"ELEMENT SUB-ASSY, AIR CLEANER FILTER",Toyota,מנוע / סינון,,air_filter,"מק""ט מקורי, רמת דגם. מקור: toyotapartsdeal.com. https://www.toyotapartsdeal.com/oem-toyota-corolla-air_filter.html",1,OEM:17801-0D020:Toyota,טויוטה:COROLLA:2003:2008
17801-02030,מסנן אוויר — טויוטה COROLLA,"ELEMENT SUB-ASSY, AIR CLEANER FILTER",Toyota,מנוע / סינון,,air_filter,"מק""ט מקורי, רמת דגם. מקור: toyotapartsdeal.com. https://www.toyotapartsdeal.com/oem-toyota-corolla-air_filter.html",1,OEM:17801-02030:Toyota,טויוטה:COROLLA:1993:2002
87139-07020,מסנן מזגן — טויוטה COROLLA,AIR REFINER ELEMENT / CABIN AIR FILTER,Toyota,מנוע / סינון,,cabin_filter,"מק""ט מקורי, רמת דגם. מקור: toyotapartsdeal.com. https://www.toyotapartsdeal.com/oem-toyota-corolla-cabin_air_filter.html",1,OEM:87139-07020:Toyota,טויוטה:COROLLA:2013:2019:1.8 / 2.4
87139-0E040,מסנן מזגן — טויוטה COROLLA,AIR REFINER ELEMENT / CABIN AIR FILTER,Toyota,מנוע / סינון,,cabin_filter,"מק""ט מקורי, רמת דגם. מקור: toyotapartsdeal.com. https://www.toyotapartsdeal.com/oem-toyota-corolla-cabin_air_filter.html",1,OEM:87139-0E040:Toyota,טויוטה:COROLLA:2020:2024:1.8 / 2.0
87139-28020,מסנן מזגן — טויוטה COROLLA,AIR REFINER ELEMENT / CABIN AIR FILTER,Toyota,מנוע / סינון,,cabin_filter,"מק""ט מקורי, רמת דגם. מקור: toyotapartsdeal.com. https://www.toyotapartsdeal.com/oem-toyota-corolla-cabin_air_filter.html",1,OEM:87139-28020:Toyota,טויוטה:COROLLA:2019:2024:1.8 / 2.0
87139-52020,מסנן מזגן — טויוטה COROLLA,AIR REFINER ELEMENT / CABIN AIR FILTER,Toyota,מנוע / סינון,,cabin_filter,"מק""ט מקורי, רמת דגם. מקור: toyotapartsdeal.com. https://www.toyotapartsdeal.com/oem-toyota-corolla-cabin_air_filter.html",1,OEM:87139-52020:Toyota,טויוטה:COROLLA:2009:2013:1.8
87139-50060,מסנן מזגן — טויוטה COROLLA,AIR REFINER ELEMENT / CABIN AIR FILTER,Toyota,מנוע / סינון,,cabin_filter,"מק""ט מקורי, רמת דגם. מקור: toyotapartsdeal.com. https://www.toyotapartsdeal.com/oem-toyota-corolla-cabin_air_filter.html",1,OEM:87139-50060:Toyota,טויוטה:COROLLA:2009:2013:1.8 / 2.4
87139-02090,מסנן מזגן — טויוטה COROLLA,AIR REFINER ELEMENT / CABIN AIR FILTER,Toyota,מנוע / סינון,,cabin_filter,"מק""ט מקורי, רמת דגם. מקור: toyotapartsdeal.com. https://www.toyotapartsdeal.com/oem-toyota-corolla-cabin_air_filter.html",1,OEM:87139-02090:Toyota,טויוטה:COROLLA:2009:2013:1.8 / 2.4
88568-02020,מסנן מזגן — טויוטה COROLLA,AIR REFINER ELEMENT / CABIN AIR FILTER,Toyota,מנוע / סינון,,cabin_filter,"מק""ט מקורי, רמת דגם. מקור: toyotapartsdeal.com. https://www.toyotapartsdeal.com/oem-toyota-corolla-cabin_air_filter.html",1,OEM:88568-02020:Toyota,טויוטה:COROLLA:2003:2008:1.8
90915-10003,מסנן שמן — טויוטה COROLLA,OIL FILTER SUB-ASSY,Toyota,מנוע / סינון,,oil_filter,"מק""ט מקורי, רמת דגם. מקור: toyotapartsdeal.com. https://www.toyotapartsdeal.com/oem-toyota-corolla-oil_filter.html",1,OEM:90915-10003:Toyota,טויוטה:COROLLA:2015:2024:1.8 / 2.0; טויוטה:YARIS:2006:2018:1.5 (1NZ-FE); טויוטה:C-HR:2017:2022:2.0 (3ZR-FAE)
90915-10004,מסנן שמן — טויוטה COROLLA,OIL FILTER SUB-ASSY,Toyota,מנוע / סינון,,oil_filter,"מק""ט מקורי, רמת דגם. מקור: toyotapartsdeal.com. https://www.toyotapartsdeal.com/oem-toyota-corolla-oil_filter.html",1,OEM:90915-10004:Toyota,טויוטה:COROLLA:2009:2013:1.8 / 2.4
04152-37010,מסנן שמן — טויוטה COROLLA,OIL FILTER SUB-ASSY,Toyota,מנוע / סינון,,oil_filter,"מק""ט מקורי, רמת דגם. מקור: toyotapartsdeal.com. https://www.toyotapartsdeal.com/oem-toyota-corolla-oil_filter.html",1,OEM:04152-37010:Toyota,טויוטה:COROLLA:2009:2017:1.8 / 2.4; טויוטה:C-HR:2017:2018:2.0 (3ZR-FAE)
90080-91058,מסנן שמן — טויוטה COROLLA,OIL FILTER SUB-ASSY,Toyota,מנוע / סינון,,oil_filter,"מק""ט מקורי, רמת דגם. מקור: toyotapartsdeal.com. https://www.toyotapartsdeal.com/oem-toyota-corolla-oil_filter.html",1,OEM:90080-91058:Toyota,טויוטה:COROLLA:1993:2005:1.6 / 1.8
90915-TA001,מסנן שמן — טויוטה COROLLA,OIL FILTER SUB-ASSY,Toyota,מנוע / סינון,,oil_filter,"מק""ט מקורי, רמת דגם. מקור: toyotapartsdeal.com. https://www.toyotapartsdeal.com/oem-toyota-corolla-oil_filter.html",1,OEM:90915-TA001:Toyota,טויוטה:COROLLA:2004:2008:1.8
90915-TA002,מסנן שמן — טויוטה COROLLA,OIL FILTER SUB-ASSY,Toyota,מנוע / סינון,,oil_filter,"מק""ט מקורי, רמת דגם. מקור: toyotapartsdeal.com. https://www.toyotapartsdeal.com/oem-toyota-corolla-oil_filter.html",1,OEM:90915-TA002:Toyota,טויוטה:COROLLA:2009:2013:1.8 / 2.4
26300-2Y500,מסנן שמן — קיה RIO,ENGINE OIL FILTER ASSEMBLY,Kia,מנוע / סינון,,oil_filter,"מק""ט מקורי, רמת דגם. מקור: kiapartsnow.com. https://www.kiapartsnow.com/oem-kia-rio-oil_filter.html",1,OEM:26300-2Y500:Kia,קיה:RIO:2000:2005:1.5 / 1.6
26300-35502,מסנן שמן — קיה RIO,ENGINE OIL FILTER ASSEMBLY,Kia,מנוע / סינון,,oil_filter,"מק""ט מקורי, רמת דגם. מקור: kiapartsnow.com, hyundaipartsdeal.com. https://www.kiapartsnow.com/oem-kia-rio-oil_filter.html",1,OEM:26300-35502:Kia,קיה:RIO:2005:2011:1.6; יונדאי:TUCSON:2004:2009:MPI
26300-2M000,מסנן שמן — קיה RIO,ENGINE OIL FILTER ASSEMBLY,Kia,מנוע / סינון,,oil_filter,"מק""ט מקורי, רמת דגם. מקור: kiapartsnow.com. https://www.kiapartsnow.com/oem-kia-rio-oil_filter.html",1,OEM:26300-2M000:Kia,קיה:RIO:2018:2023:1.6 Gamma-II
26300-35501,מסנן שמן — קיה RIO,ENGINE OIL FILTER ASSEMBLY,Kia,מנוע / סינון,,oil_filter,"מק""ט מקורי, רמת דגם. מקור: kiapartsnow.com, hyundaipartsdeal.com. https://www.kiapartsnow.com/oem-kia-rio-oil_filter.html",1,OEM:26300-35501:Kia,קיה:RIO:2005:2006:1.6; יונדאי:TUCSON:2004:2006
26350-2M000,מסנן שמן — קיה RIO,ENGINE OIL FILTER ASSEMBLY,Kia,מנוע / סינון,,oil_filter,"מק""ט מקורי, רמת דגם. מקור: kiapartsnow.com, hyundaipartsdeal.com. https://www.kiapartsnow.com/oem-kia-rio-oil_filter.html",1,OEM:26350-2M000:Kia,קיה:RIO:2018:2023:1.6 Gamma-II; יונדאי:TUCSON:2022:2026:TCI-GDI
54651-D3160,בולם זעזועים קדמי — יונדאי TUCSON,"FRONT STRUT ASSEMBLY, LEFT",Hyundai,מתלים,שמאל,shock_absorber_front,"מק""ט מקורי, רמת דגם. מקור: hyundaipartsdeal.com. https://www.hyundaipartsdeal.com/oem-hyundai-tucson-shock_absorber.html",1,OEM:54651-D3160:Hyundai,יונדאי:TUCSON:2016:2018:GDI / TCI-GDI
54661-2S150,בולם זעזועים קדמי — יונדאי TUCSON,"FRONT STRUT ASSEMBLY, RIGHT",Hyundai,מתלים,ימין,shock_absorber_front,"מק""ט מקורי, רמת דגם. מקור: hyundaipartsdeal.com. https://www.hyundaipartsdeal.com/oem-hyundai-tucson-shock_absorber.html",1,OEM:54661-2S150:Hyundai,יונדאי:TUCSON:2009:2013:MPI
55311-2S011,בולם זעזועים אחורי — יונדאי TUCSON,REAR SHOCK ABSORBER ASSEMBLY,Hyundai,מתלים,,shock_absorber_rear,"מק""ט מקורי, רמת דגם. מקור: hyundaipartsdeal.com, kiapartsnow.com. https://www.hyundaipartsdeal.com/oem-hyundai-tucson-shock_absorber.html",1,OEM:55311-2S011:Hyundai,יונדאי:TUCSON:2009:2013:MPI; קיה:SPORTAGE:2010:2013:2.0 / 2.4 Theta 2
54651-D3000,בולם זעזועים קדמי — יונדאי TUCSON,"FRONT STRUT ASSEMBLY, LEFT",Hyundai,מתלים,שמאל,shock_absorber_front,"מק""ט מקורי, רמת דגם. מקור: hyundaipartsdeal.com. https://www.hyundaipartsdeal.com/oem-hyundai-tucson-shock_absorber.html",1,OEM:54651-D3000:Hyundai,יונדאי:TUCSON:2016:2018:GDI / TCI-GDI
54661-D3000,בולם זעזועים קדמי — יונדאי TUCSON,"FRONT STRUT ASSEMBLY, RIGHT",Hyundai,מתלים,ימין,shock_absorber_front,"מק""ט מקורי, רמת דגם. מקור: hyundaipartsdeal.com. https://www.hyundaipartsdeal.com/oem-hyundai-tucson-shock_absorber.html",1,OEM:54661-D3000:Hyundai,יונדאי:TUCSON:2016:2018:GDI / TCI-GDI
55311-D3000,בולם זעזועים אחורי — יונדאי TUCSON,REAR SHOCK ABSORBER ASSEMBLY,Hyundai,מתלים,,shock_absorber_rear,"מק""ט מקורי, רמת דגם. מקור: hyundaipartsdeal.com. https://www.hyundaipartsdeal.com/oem-hyundai-tucson-shock_absorber.html",1,OEM:55311-D3000:Hyundai,יונדאי:TUCSON:2016:2018:GDI / TCI-GDI
54661-D3160,בולם זעזועים קדמי — יונדאי TUCSON,"FRONT STRUT ASSEMBLY, RIGHT",Hyundai,מתלים,ימין,shock_absorber_front,"מק""ט מקורי, רמת דגם. מקור: hyundaipartsdeal.com. https://www.hyundaipartsdeal.com/oem-hyundai-tucson-shock_absorber.html",1,OEM:54661-D3160:Hyundai,יונדאי:TUCSON:2016:2018:GDI / TCI-GDI
55311-D3220,בולם זעזועים אחורי — יונדאי TUCSON,REAR SHOCK ABSORBER ASSEMBLY,Hyundai,מתלים,,shock_absorber_rear,"מק""ט מקורי, רמת דגם. מקור: hyundaipartsdeal.com. https://www.hyundaipartsdeal.com/oem-hyundai-tucson-shock_absorber.html",1,OEM:55311-D3220:Hyundai,יונדאי:TUCSON:2016:2018:GDI / TCI-GDI
54651-D3700,בולם זעזועים קדמי — יונדאי TUCSON,"FRONT STRUT ASSEMBLY, LEFT",Hyundai,מתלים,שמאל,shock_absorber_front,"מק""ט מקורי, רמת דגם. מקור: hyundaipartsdeal.com. https://www.hyundaipartsdeal.com/oem-hyundai-tucson-shock_absorber.html",1,OEM:54651-D3700:Hyundai,יונדאי:TUCSON:2019:2021:GDI
55311-2S411,בולם זעזועים אחורי — יונדאי TUCSON,REAR SHOCK ABSORBER ASSEMBLY,Hyundai,מתלים,,shock_absorber_rear,"מק""ט מקורי, רמת דגם. מקור: hyundaipartsdeal.com. https://www.hyundaipartsdeal.com/oem-hyundai-tucson-shock_absorber.html",1,OEM:55311-2S411:Hyundai,יונדאי:TUCSON:2009:2013:MPI
55311-D3140,בולם זעזועים אחורי — יונדאי TUCSON,REAR SHOCK ABSORBER ASSEMBLY,Hyundai,מתלים,,shock_absorber_rear,"מק""ט מקורי, רמת דגם. מקור: hyundaipartsdeal.com. https://www.hyundaipartsdeal.com/oem-hyundai-tucson-shock_absorber.html",1,OEM:55311-D3140:Hyundai,יונדאי:TUCSON:2016:2018:GDI / TCI-GDI
54661-D3150,בולם זעזועים קדמי — יונדאי TUCSON,"FRONT STRUT ASSEMBLY, RIGHT",Hyundai,מתלים,ימין,shock_absorber_front,"מק""ט מקורי, רמת דגם. מקור: hyundaipartsdeal.com. https://www.hyundaipartsdeal.com/oem-hyundai-tucson-shock_absorber.html",1,OEM:54661-D3150:Hyundai,יונדאי:TUCSON:2016:2018:GDI / TCI-GDI
55351-2E202,בולם זעזועים אחורי — יונדאי TUCSON,"REAR SHOCK ABSORBER ASSEMBLY, LEFT",Hyundai,מתלים,שמאל,shock_absorber_rear,"מק""ט מקורי, רמת דגם. מקור: hyundaipartsdeal.com. https://www.hyundaipartsdeal.com/oem-hyundai-tucson-shock_absorber.html",1,OEM:55351-2E202:Hyundai,יונדאי:TUCSON:2004:2009:MPI
55361-2E202,בולם זעזועים אחורי — יונדאי TUCSON,"REAR SHOCK ABSORBER ASSEMBLY, RIGHT",Hyundai,מתלים,ימין,shock_absorber_rear,"מק""ט מקורי, רמת דגם. מקור: hyundaipartsdeal.com. https://www.hyundaipartsdeal.com/oem-hyundai-tucson-shock_absorber.html",1,OEM:55361-2E202:Hyundai,יונדאי:TUCSON:2004:2009:MPI
54661-2E201,בולם זעזועים קדמי — יונדאי TUCSON,"FRONT STRUT ASSEMBLY, RIGHT",Hyundai,מתלים,ימין,shock_absorber_front,"מק""ט מקורי, רמת דגם. מקור: hyundaipartsdeal.com. https://www.hyundaipartsdeal.com/oem-hyundai-tucson-shock_absorber.html",1,OEM:54661-2E201:Hyundai,יונדאי:TUCSON:2004:2009:MPI
54651-2E201,בולם זעזועים קדמי — יונדאי TUCSON,"FRONT STRUT ASSEMBLY, LEFT",Hyundai,מתלים,שמאל,shock_absorber_front,"מק""ט מקורי, רמת דגם. מקור: hyundaipartsdeal.com. https://www.hyundaipartsdeal.com/oem-hyundai-tucson-shock_absorber.html",1,OEM:54651-2E201:Hyundai,יונדאי:TUCSON:2004:2009:MPI
54650-N9200,בולם זעזועים קדמי — יונדאי TUCSON,"STRUT ASSEMBLY, FRONT LEFT",Hyundai,מתלים,שמאל,shock_absorber_front,"מק""ט מקורי, רמת דגם. מקור: hyundaipartsdeal.com. https://www.hyundaipartsdeal.com/oem-hyundai-tucson-shock_absorber.html",1,OEM:54650-N9200:Hyundai,יונדאי:TUCSON:2022:2024:GDI
54651-D3710,בולם זעזועים קדמי — יונדאי TUCSON,"FRONT STRUT ASSEMBLY, LEFT",Hyundai,מתלים,שמאל,shock_absorber_front,"מק""ט מקורי, רמת דגם. מקור: hyundaipartsdeal.com. https://www.hyundaipartsdeal.com/oem-hyundai-tucson-shock_absorber.html",1,OEM:54651-D3710:Hyundai,יונדאי:TUCSON:2019:2021:GDI
55307-N9210,בולם זעזועים אחורי — יונדאי TUCSON,REAR SHOCK ABSORBER ASSEMBLY,Hyundai,מתלים,,shock_absorber_rear,"מק""ט מקורי, רמת דגם. מקור: hyundaipartsdeal.com. https://www.hyundaipartsdeal.com/oem-hyundai-tucson-shock_absorber.html",1,OEM:55307-N9210:Hyundai,יונדאי:TUCSON:2022:2024:GDI
58101-D3A10,רפידות בלם קדמיות — יונדאי TUCSON,FRONT DISC BRAKE PAD KIT,Hyundai,בלמים,,brake_pads_front,"מק""ט מקורי, רמת דגם. מקור: hyundaipartsdeal.com, kiapartsnow.com. https://www.hyundaipartsdeal.com/oem-hyundai-tucson-brake_pad_set.html",1,OEM:58101-D3A10:Hyundai,יונדאי:TUCSON:2016:2021:GDI / TCI-GDI; קיה:SPORTAGE:2016:2022:2.4 Theta 2
58101-2SA51,רפידות בלם קדמיות — יונדאי TUCSON,FRONT DISC BRAKE PAD KIT,Hyundai,בלמים,,brake_pads_front,"מק""ט מקורי, רמת דגם. מקור: hyundaipartsdeal.com, kiapartsnow.com. https://www.hyundaipartsdeal.com/oem-hyundai-tucson-brake_pad_set.html",1,OEM:58101-2SA51:Hyundai,יונדאי:TUCSON:2009:2015:GDI / MPI; קיה:SPORTAGE:2010:2015:2.0/2.4 Theta 2
58302-2SA00,רפידות בלם אחוריות — יונדאי TUCSON,REAR DISC BRAKE PAD KIT,Hyundai,בלמים,,brake_pads_rear,"מק""ט מקורי, רמת דגם. מקור: hyundaipartsdeal.com, kiapartsnow.com. https://www.hyundaipartsdeal.com/oem-hyundai-tucson-brake_pad_set.html",1,OEM:58302-2SA00:Hyundai,יונדאי:TUCSON:2009:2013:MPI; קיה:SPORTAGE:2010:2013:2.0/2.4 Theta 2
58101-2SA50,רפידות בלם קדמיות — יונדאי TUCSON,FRONT DISC BRAKE PAD KIT,Hyundai,בלמים,,brake_pads_front,"מק""ט מקורי, רמת דגם. מקור: hyundaipartsdeal.com, kiapartsnow.com. https://www.hyundaipartsdeal.com/oem-hyundai-tucson-brake_pad_set.html",1,OEM:58101-2SA50:Hyundai,יונדאי:TUCSON:2009:2013:MPI; קיה:SPORTAGE:2010:2013:2.0/2.4 Theta 2
58302-2SA10,רפידות בלם אחוריות — יונדאי TUCSON,REAR DISC BRAKE PAD KIT,Hyundai,בלמים,,brake_pads_rear,"מק""ט מקורי, רמת דגם. מקור: hyundaipartsdeal.com, kiapartsnow.com. https://www.hyundaipartsdeal.com/oem-hyundai-tucson-brake_pad_set.html",1,OEM:58302-2SA10:Hyundai,יונדאי:TUCSON:2014:2015:GDI; קיה:SPORTAGE:2014:2015:2.0/2.4 Theta 2
58101-4WA10,רפידות בלם קדמיות — יונדאי TUCSON,FRONT DISC BRAKE PAD KIT,Hyundai,בלמים,,brake_pads_front,"מק""ט מקורי, רמת דגם. מקור: hyundaipartsdeal.com. https://www.hyundaipartsdeal.com/oem-hyundai-tucson-brake_pad_set.html",1,OEM:58101-4WA10:Hyundai,יונדאי:TUCSON:2015:2017:Electric
58101-2EA21,רפידות בלם קדמיות — יונדאי TUCSON,FRONT DISC BRAKE PAD KIT,Hyundai,בלמים,,brake_pads_front,"מק""ט מקורי, רמת דגם. מקור: hyundaipartsdeal.com, kiapartsnow.com. https://www.hyundaipartsdeal.com/oem-hyundai-tucson-brake_pad_set.html",1,OEM:58101-2EA21:Hyundai,יונדאי:TUCSON:2004:2009:MPI; קיה:SPORTAGE:2005:2010:2.0 / 2.7
58302-2EA00,רפידות בלם אחוריות — יונדאי TUCSON,REAR DISC BRAKE PAD KIT,Hyundai,בלמים,,brake_pads_rear,"מק""ט מקורי, רמת דגם. מקור: hyundaipartsdeal.com, kiapartsnow.com. https://www.hyundaipartsdeal.com/oem-hyundai-tucson-brake_pad_set.html",1,OEM:58302-2EA00:Hyundai,יונדאי:TUCSON:2004:2009:MPI; קיה:SPORTAGE:2005:2010:2.0 / 2.7
58302-N9A15,רפידות בלם אחוריות — יונדאי TUCSON,REAR DISC BRAKE PAD KIT,Hyundai,בלמים,,brake_pads_rear,"מק""ט מקורי, רמת דגם. מקור: hyundaipartsdeal.com, kiapartsnow.com. https://www.hyundaipartsdeal.com/oem-hyundai-tucson-brake_pad_set.html",1,OEM:58302-N9A15:Hyundai,יונדאי:TUCSON:2022:2026:GDI / TCI-GDI; קיה:SPORTAGE:2023:2026:1.6 Gamma-II / 2.5 Theta-III
58101-N9A10,רפידות בלם קדמיות — יונדאי TUCSON,FRONT DISC BRAKE PAD KIT,Hyundai,בלמים,,brake_pads_front,"מק""ט מקורי, רמת דגם. מקור: hyundaipartsdeal.com. https://www.hyundaipartsdeal.com/oem-hyundai-tucson-brake_pad_set.html",1,OEM:58101-N9A10:Hyundai,יונדאי:TUCSON:2022:2024:GDI / TCI-GDI
58101-D7A10,רפידות בלם קדמיות — יונדאי TUCSON,FRONT DISC BRAKE PAD KIT,Hyundai,בלמים,,brake_pads_front,"מק""ט מקורי, רמת דגם. מקור: hyundaipartsdeal.com, kiapartsnow.com. https://www.hyundaipartsdeal.com/oem-hyundai-tucson-brake_pad_set.html",1,OEM:58101-D7A10:Hyundai,יונדאי:TUCSON:2016:2018:GDI / TCI-GDI; קיה:SPORTAGE:2016:2019:2.4 Theta 2
90118-WBA42,מסנן שמן — טויוטה YARIS,ENGINE OIL FILTER,Toyota,מנוע / סינון,,oil_filter,"מק""ט מקורי, רמת דגם. מקור: toyotapartsdeal.com. https://www.toyotapartsdeal.com/oem-toyota-yaris-oil_filter.html",1,OEM:90118-WBA42:Toyota,טויוטה:YARIS:2019:2020
28113-08000,מסנן אוויר — יונדאי TUCSON,AIR CLEANER FILTER,Hyundai,מנוע / סינון,,air_filter,"מק""ט מקורי, רמת דגם. מקור: hyundaipartsdeal.com, kiapartsnow.com. https://www.hyundaipartsdeal.com/oem-hyundai-tucson-air_filter.html",1,OEM:28113-08000:Hyundai,יונדאי:TUCSON:2004:2009:MPI; קיה:SPORTAGE:2005:2010:2.0 / 2.7
28113-L1000,מסנן אוויר — יונדאי TUCSON,AIR CLEANER FILTER,Hyundai,מנוע / סינון,,air_filter,"מק""ט מקורי, רמת דגם. מקור: hyundaipartsdeal.com. https://www.hyundaipartsdeal.com/oem-hyundai-tucson-air_filter.html",1,OEM:28113-L1000:Hyundai,יונדאי:TUCSON:2022:2026:GDI
28113-N9000,מסנן אוויר — יונדאי TUCSON,AIR CLEANER FILTER,Hyundai,מנוע / סינון,,air_filter,"מק""ט מקורי, רמת דגם. מקור: hyundaipartsdeal.com, kiapartsnow.com. https://www.hyundaipartsdeal.com/oem-hyundai-tucson-air_filter.html",1,OEM:28113-N9000:Hyundai,יונדאי:TUCSON:2022:2026:GDI; קיה:SPORTAGE:2023:2026:2.5 Theta-III
28113-4W000,מסנן אוויר — יונדאי TUCSON,AIR CLEANER FILTER,Hyundai,מנוע / סינון,,air_filter,"מק""ט מקורי, רמת דגם. מקור: hyundaipartsdeal.com. https://www.hyundaipartsdeal.com/oem-hyundai-tucson-air_filter.html",1,OEM:28113-4W000:Hyundai,יונדאי:TUCSON:2015:2017:Electric
58101-D9A00,רפידות בלם קדמיות — קיה SPORTAGE,FRONT DISC BRAKE PAD KIT,Kia,בלמים,,brake_pads_front,"מק""ט מקורי, רמת דגם. מקור: kiapartsnow.com. https://www.kiapartsnow.com/oem-kia-sportage-brake_pad_set.html",1,OEM:58101-D9A00:Kia,קיה:SPORTAGE:2016:2022:2.0 Theta 2
58101-3WA65,רפידות בלם קדמיות — קיה SPORTAGE,FRONT DISC BRAKE PAD KIT,Kia,בלמים,,brake_pads_front,"מק""ט מקורי, רמת דגם. מקור: kiapartsnow.com. https://www.kiapartsnow.com/oem-kia-sportage-brake_pad_set.html",1,OEM:58101-3WA65:Kia,קיה:SPORTAGE:2014:2015:2.0/2.4 Theta 2
58302-1FA50,רפידות בלם אחוריות — קיה SPORTAGE,REAR DISC BRAKE PAD KIT,Kia,בלמים,,brake_pads_rear,"מק""ט מקורי, רמת דגם. מקור: kiapartsnow.com. https://www.kiapartsnow.com/oem-kia-sportage-brake_pad_set.html",1,OEM:58302-1FA50:Kia,קיה:SPORTAGE:2005:2010:2.0 / 2.7
58101-1FA50,רפידות בלם קדמיות — קיה SPORTAGE,FRONT DISC BRAKE PAD KIT,Kia,בלמים,,brake_pads_front,"מק""ט מקורי, רמת דגם. מקור: kiapartsnow.com. https://www.kiapartsnow.com/oem-kia-sportage-brake_pad_set.html",1,OEM:58101-1FA50:Kia,קיה:SPORTAGE:2005:2010:2.0 / 2.7
58101-P0A11,רפידות בלם קדמיות — קיה SPORTAGE,FRONT DISC BRAKE PAD KIT,Kia,בלמים,,brake_pads_front,"מק""ט מקורי, רמת דגם. מקור: kiapartsnow.com. https://www.kiapartsnow.com/oem-kia-sportage-brake_pad_set.html",1,OEM:58101-P0A11:Kia,קיה:SPORTAGE:2023:2025:1.6 Gamma-II
58302-D9A75,רפידות בלם אחוריות — קיה SPORTAGE,REAR DISC BRAKE PAD KIT,Kia,בלמים,,brake_pads_rear,"מק""ט מקורי, רמת דגם. מקור: kiapartsnow.com. https://www.kiapartsnow.com/oem-kia-sportage-brake_pad_set.html",1,OEM:58302-D9A75:Kia,קיה:SPORTAGE:2016:2022:2.0/2.4 Theta 2
58302-3XA30,רפידות בלם אחוריות — יונדאי ELANTRA,REAR DISC BRAKE PAD KIT,Hyundai,בלמים,,brake_pads_rear,"מק""ט מקורי, רמת דגם. מקור: hyundaipartsdeal.com. https://www.hyundaipartsdeal.com/oem-hyundai-elantra-brake_pad_set.html",1,OEM:58302-3XA30:Hyundai,יונדאי:ELANTRA:2011:2015:GDI / MPI
58101-3XA20,רפידות בלם קדמיות — יונדאי ELANTRA,FRONT DISC BRAKE PAD KIT,Hyundai,בלמים,,brake_pads_front,"מק""ט מקורי, רמת דגם. מקור: hyundaipartsdeal.com. https://www.hyundaipartsdeal.com/oem-hyundai-elantra-brake_pad_set.html",1,OEM:58101-3XA20:Hyundai,יונדאי:ELANTRA:2011:2015:GDI / MPI
58101-2HA10,רפידות בלם קדמיות — יונדאי ELANTRA,FRONT DISC BRAKE PAD KIT,Hyundai,בלמים,,brake_pads_front,"מק""ט מקורי, רמת דגם. מקור: hyundaipartsdeal.com. https://www.hyundaipartsdeal.com/oem-hyundai-elantra-brake_pad_set.html",1,OEM:58101-2HA10:Hyundai,יונדאי:ELANTRA:2006:2010:MPI
58302-F2A30,רפידות בלם אחוריות — יונדאי ELANTRA,REAR DISC BRAKE PAD KIT,Hyundai,בלמים,,brake_pads_rear,"מק""ט מקורי, רמת דגם. מקור: hyundaipartsdeal.com, kiapartsnow.com. https://www.hyundaipartsdeal.com/oem-hyundai-elantra-brake_pad_set.html",1,OEM:58302-F2A30:Hyundai,יונדאי:ELANTRA:2016:2020:MPI / TCI-GDI; קיה:NIRO:2017:2022:1.6 Kappa
58101-F2A50,רפידות בלם קדמיות — יונדאי ELANTRA,FRONT DISC BRAKE PAD KIT,Hyundai,בלמים,,brake_pads_front,"מק""ט מקורי, רמת דגם. מקור: hyundaipartsdeal.com. https://www.hyundaipartsdeal.com/oem-hyundai-elantra-brake_pad_set.html",1,OEM:58101-F2A50:Hyundai,יונדאי:ELANTRA:2016:2020:TCI-GDI
58302-2HA00,רפידות בלם אחוריות — יונדאי ELANTRA,REAR DISC BRAKE PAD KIT,Hyundai,בלמים,,brake_pads_rear,"מק""ט מקורי, רמת דגם. מקור: hyundaipartsdeal.com. https://www.hyundaipartsdeal.com/oem-hyundai-elantra-brake_pad_set.html",1,OEM:58302-2HA00:Hyundai,יונדאי:ELANTRA:2006:2010:MPI
58101-3XA00,רפידות בלם קדמיות — יונדאי ELANTRA,FRONT DISC BRAKE PAD KIT,Hyundai,בלמים,,brake_pads_front,"מק""ט מקורי, רמת דגם. מקור: hyundaipartsdeal.com. https://www.hyundaipartsdeal.com/oem-hyundai-elantra-brake_pad_set.html",1,OEM:58101-3XA00:Hyundai,יונדאי:ELANTRA:2011:2013:GDI / MPI
58101-3XA10,רפידות בלם קדמיות — יונדאי ELANTRA,FRONT DISC BRAKE PAD KIT,Hyundai,בלמים,,brake_pads_front,"מק""ט מקורי, רמת דגם. מקור: hyundaipartsdeal.com. https://www.hyundaipartsdeal.com/oem-hyundai-elantra-brake_pad_set.html",1,OEM:58101-3XA10:Hyundai,יונדאי:ELANTRA:2011:2013:GDI / MPI
58302-AAA30,רפידות בלם אחוריות — יונדאי ELANTRA,REAR DISC BRAKE PAD KIT,Hyundai,בלמים,,brake_pads_rear,"מק""ט מקורי, רמת דגם. מקור: hyundaipartsdeal.com. https://www.hyundaipartsdeal.com/oem-hyundai-elantra-brake_pad_set.html",1,OEM:58302-AAA30:Hyundai,יונדאי:ELANTRA:2021:2026:MPI / TCI-GDI
58101-29B10,רפידות בלם קדמיות — יונדאי ELANTRA,FRONT DISC BRAKE PAD KIT,Hyundai,בלמים,,brake_pads_front,"מק""ט מקורי, רמת דגם. מקור: hyundaipartsdeal.com. https://www.hyundaipartsdeal.com/oem-hyundai-elantra-brake_pad_set.html",1,OEM:58101-29B10:Hyundai,יונדאי:ELANTRA:2000:2006
58101-AAA00,רפידות בלם קדמיות — יונדאי ELANTRA,FRONT DISC BRAKE PAD KIT,Hyundai,בלמים,,brake_pads_front,"מק""ט מקורי, רמת דגם. מקור: hyundaipartsdeal.com. https://www.hyundaipartsdeal.com/oem-hyundai-elantra-brake_pad_set.html",1,OEM:58101-AAA00:Hyundai,יונדאי:ELANTRA:2021:2023:GDI / MPI
58302-1WA30,רפידות בלם אחוריות — קיה RIO,REAR DISC BRAKE PAD KIT,Kia,בלמים,,brake_pads_rear,"מק""ט מקורי, רמת דגם. מקור: kiapartsnow.com. https://www.kiapartsnow.com/oem-kia-rio-brake_pad_set.html",1,OEM:58302-1WA30:Kia,קיה:RIO:2012:2017:1.6 Gamma
58302-H5A00,רפידות בלם אחוריות — קיה RIO,REAR DISC BRAKE PAD KIT,Kia,בלמים,,brake_pads_rear,"מק""ט מקורי, רמת דגם. מקור: kiapartsnow.com, hyundaipartsdeal.com. https://www.kiapartsnow.com/oem-kia-rio-brake_pad_set.html",1,OEM:58302-H5A00:Kia,קיה:RIO:2018:2023:1.6 Gamma / Gamma-II; יונדאי:ACCENT:2018:2022:GDI / MPI
58101-1GA00,רפידות בלם קדמיות — קיה RIO,FRONT PAD KIT,Kia,בלמים,,brake_pads_front,"מק""ט מקורי, רמת דגם. מקור: kiapartsnow.com, hyundaipartsdeal.com. https://www.kiapartsnow.com/oem-kia-rio-brake_pad_set.html",1,OEM:58101-1GA00:Kia,קיה:RIO:2005:2011:1.6 / 1.6 Alpha DOHC; יונדאי:ACCENT:2005:2011:MPI
58101-1WA00,רפידות בלם קדמיות — קיה RIO,FRONT DISC BRAKE PAD KIT,Kia,בלמים,,brake_pads_front,"מק""ט מקורי, רמת דגם. מקור: kiapartsnow.com. https://www.kiapartsnow.com/oem-kia-rio-brake_pad_set.html",1,OEM:58101-1WA00:Kia,קיה:RIO:2012:2015:1.6 Gamma
58302-1GA00,רפידות בלם אחוריות — קיה RIO,REAR DISC BRAKE PAD KIT,Kia,בלמים,,brake_pads_rear,"מק""ט מקורי, רמת דגם. מקור: kiapartsnow.com, hyundaipartsdeal.com. https://www.kiapartsnow.com/oem-kia-rio-brake_pad_set.html",1,OEM:58302-1GA00:Kia,קיה:RIO:2005:2011:1.6 / 1.6 Alpha DOHC; יונדאי:ACCENT:2005:2011:MPI
58115-FDB00,רפידות בלם קדמיות — קיה RIO,FRONT PAD SET,Kia,בלמים,,brake_pads_front,"מק""ט מקורי, רמת דגם. מקור: kiapartsnow.com. https://www.kiapartsnow.com/oem-kia-rio-brake_pad_set.html",1,OEM:58115-FDB00:Kia,קיה:RIO:2000:2005:1.5 / 1.6
04465-42200,רפידות בלם קדמיות — טויוטה RAV4,FRONT DISC BRAKE PAD KIT,Toyota,בלמים,,brake_pads_front,"מק""ט מקורי, רמת דגם. מקור: toyotapartsdeal.com. https://www.toyotapartsdeal.com/oem-toyota-rav4-brake_pad_set.html",1,OEM:04465-42200:Toyota,טויוטה:RAV4:2006:2018:2.4 / 2.5 / 3.5
04465-33480,רפידות בלם קדמיות — טויוטה RAV4,FRONT DISC BRAKE PAD KIT,Toyota,בלמים,,brake_pads_front,"מק""ט מקורי, רמת דגם. מקור: toyotapartsdeal.com. https://www.toyotapartsdeal.com/oem-toyota-rav4-brake_pad_set.html",1,OEM:04465-33480:Toyota,טויוטה:RAV4:2019:2024:2.5; טויוטה:C-HR:2019:2022:2.0 (3ZR-FAE)
04465-02230,רפידות בלם קדמיות — טויוטה RAV4,FRONT DISC BRAKE PAD SET,Toyota,בלמים,,brake_pads_front,"מק""ט מקורי, רמת דגם. מקור: toyotapartsdeal.com. https://www.toyotapartsdeal.com/oem-toyota-rav4-brake_pad_set.html",1,OEM:04465-02230:Toyota,טויוטה:RAV4:2009:2016:2.5 / 3.5
04465-0R010,רפידות בלם קדמיות — טויוטה RAV4,FRONT DISC BRAKE PAD KIT,Toyota,בלמים,,brake_pads_front,"מק""ט מקורי, רמת דגם. מקור: toyotapartsdeal.com. https://www.toyotapartsdeal.com/oem-toyota-rav4-brake_pad_set.html",1,OEM:04465-0R010:Toyota,טויוטה:RAV4:2009:2018:2.5 / 3.5
04466-42080,רפידות בלם אחוריות — טויוטה RAV4,REAR DISC BRAKE PAD KIT,Toyota,בלמים,,brake_pads_rear,"מק""ט מקורי, רמת דגם. מקור: toyotapartsdeal.com. https://www.toyotapartsdeal.com/oem-toyota-rav4-brake_pad_set.html",1,OEM:04466-42080:Toyota,טויוטה:RAV4:2019:2024:2.5; טויוטה:C-HR:2019:2022:2.0 (3ZR-FAE); טויוטה:PRIUS:2023:2024:2.0 (M20A-FXS)
04465-0R031,רפידות בלם קדמיות — טויוטה RAV4,FRONT DISC BRAKE PAD KIT,Toyota,בלמים,,brake_pads_front,"מק""ט מקורי, רמת דגם. מקור: toyotapartsdeal.com. https://www.toyotapartsdeal.com/oem-toyota-rav4-brake_pad_set.html",1,OEM:04465-0R031:Toyota,טויוטה:RAV4:2015:2018:2.5
04465-42160,רפידות בלם קדמיות — טויוטה RAV4,FRONT DISC BRAKE PAD KIT,Toyota,בלמים,,brake_pads_front,"מק""ט מקורי, רמת דגם. מקור: toyotapartsdeal.com. https://www.toyotapartsdeal.com/oem-toyota-rav4-brake_pad_set.html",1,OEM:04465-42160:Toyota,טויוטה:RAV4:2006:2012:2.4 / 2.5 / 3.5
04465-42130,רפידות בלם קדמיות — טויוטה RAV4,FRONT DISC BRAKE PAD KIT,Toyota,בלמים,,brake_pads_front,"מק""ט מקורי, רמת דגם. מקור: toyotapartsdeal.com. https://www.toyotapartsdeal.com/oem-toyota-rav4-brake_pad_set.html",1,OEM:04465-42130:Toyota,טויוטה:RAV4:2001:2005:2.0 / 2.4
04465-42150,רפידות בלם קדמיות — טויוטה RAV4,FRONT DISC BRAKE PAD SET,Toyota,בלמים,,brake_pads_front,"מק""ט מקורי, רמת דגם. מקור: toyotapartsdeal.com. https://www.toyotapartsdeal.com/oem-toyota-rav4-brake_pad_set.html",1,OEM:04465-42150:Toyota,טויוטה:RAV4:2006:2009:2.4 / 2.5 / 3.5
04466-42050,רפידות בלם אחוריות — טויוטה RAV4,REAR DISC BRAKE PAD KIT,Toyota,בלמים,,brake_pads_rear,"מק""ט מקורי, רמת דגם. מקור: toyotapartsdeal.com. https://www.toyotapartsdeal.com/oem-toyota-rav4-brake_pad_set.html",1,OEM:04466-42050:Toyota,טויוטה:RAV4:2003:2005:2.0 / 2.4
04465-42071,רפידות בלם קדמיות — טויוטה RAV4,FRONT DISC BRAKE PAD KIT,Toyota,בלמים,,brake_pads_front,"מק""ט מקורי, רמת דגם. מקור: toyotapartsdeal.com. https://www.toyotapartsdeal.com/oem-toyota-rav4-brake_pad_set.html",1,OEM:04465-42071:Toyota,טויוטה:RAV4:2001:2004:2.0 / 2.4
97133-D3200,מסנן מזגן — יונדאי TUCSON,"FILTER ASSEMBLY, AIR (CABIN)",Hyundai,מנוע / סינון,,cabin_filter,"מק""ט מקורי, רמת דגם. מקור: hyundaipartsdeal.com, kiapartsnow.com. https://www.hyundaipartsdeal.com/oem-hyundai-tucson-cabin_air_filter.html",1,OEM:97133-D3200:Hyundai,יונדאי:TUCSON:2016:2021:GDI / TCI-GDI; קיה:SPORTAGE:2016:2022:2.0 / 2.4 Theta 2
97133-2E200,מסנן מזגן — יונדאי TUCSON,"FILTER ASSEMBLY, AIR (CABIN)",Hyundai,מנוע / סינון,,cabin_filter,"מק""ט מקורי, רמת דגם. מקור: hyundaipartsdeal.com, kiapartsnow.com. https://www.hyundaipartsdeal.com/oem-hyundai-tucson-cabin_air_filter.html",1,OEM:97133-2E200:Hyundai,יונדאי:TUCSON:2004:2006:High Grade; קיה:SPORTAGE:2005:2006:2.0 / 2.7
97133-2E250,מסנן מזגן — יונדאי TUCSON,"FILTER ASSEMBLY, AIR (CABIN)",Hyundai,מנוע / סינון,,cabin_filter,"מק""ט מקורי, רמת דגם. מקור: hyundaipartsdeal.com. https://www.hyundaipartsdeal.com/oem-hyundai-tucson-cabin_air_filter.html",1,OEM:97133-2E250:Hyundai,יונדאי:TUCSON:2004:2006:High/Middle Grade
97133-L1000,מסנן מזגן — יונדאי TUCSON,"FILTER ASSEMBLY, AIR (CABIN)",Hyundai,מנוע / סינון,,cabin_filter,"מק""ט מקורי, רמת דגם. מקור: hyundaipartsdeal.com, kiapartsnow.com. https://www.hyundaipartsdeal.com/oem-hyundai-tucson-cabin_air_filter.html",1,OEM:97133-L1000:Hyundai,יונדאי:TUCSON:2022:2026:GDI; קיה:SPORTAGE:2023:2025:2.5 Theta-III
L1C79-AC000,מסנן מזגן — יונדאי TUCSON,"FILTER ASSEMBLY, AIR (CABIN)",Hyundai,מנוע / סינון,,cabin_filter,"מק""ט מקורי, רמת דגם. מקור: hyundaipartsdeal.com. https://www.hyundaipartsdeal.com/oem-hyundai-tucson-cabin_air_filter.html",1,OEM:L1C79-AC000:Hyundai,יונדאי:TUCSON:2022:2024:GDI / TCI-GDI
97133-N9100,מסנן מזגן — יונדאי TUCSON,"FILTER ASSEMBLY, AIR (CABIN)",Hyundai,מנוע / סינון,,cabin_filter,"מק""ט מקורי, רמת דגם. מקור: hyundaipartsdeal.com, kiapartsnow.com. https://www.hyundaipartsdeal.com/oem-hyundai-tucson-cabin_air_filter.html",1,OEM:97133-N9100:Hyundai,יונדאי:TUCSON:2022:2026:GDI / TCI-GDI; קיה:SPORTAGE:2023:2026:1.6 Gamma-II / 2.5 Theta-III
28113-3W500,מסנן אוויר — קיה SPORTAGE,AIR CLEANER FILTER,Kia,מנוע / סינון,,air_filter,"מק""ט מקורי, רמת דגם. מקור: kiapartsnow.com. https://www.kiapartsnow.com/oem-kia-sportage-air_filter.html",1,OEM:28113-3W500:Kia,קיה:SPORTAGE:2010:2015:2.0 Theta 2
04465-F4021,רפידות בלם קדמיות — טויוטה C-HR,FRONT DISC BRAKE PAD KIT,Toyota,בלמים,,brake_pads_front,"מק""ט מקורי, רמת דגם. מקור: toyotapartsdeal.com. https://www.toyotapartsdeal.com/oem-toyota-c_hr-brake_pad_set.html",1,OEM:04465-F4021:Toyota,טויוטה:C-HR:2017:2020:2.0 (3ZR-FAE)
04466-10010,רפידות בלם אחוריות — טויוטה C-HR,REAR DISC BRAKE PAD KIT,Toyota,בלמים,,brake_pads_rear,"מק""ט מקורי, רמת דגם. מקור: toyotapartsdeal.com. https://www.toyotapartsdeal.com/oem-toyota-c_hr-brake_pad_set.html",1,OEM:04466-10010:Toyota,טויוטה:C-HR:2017:2019:2.0 (3ZR-FAE)
04465-F4020,רפידות בלם קדמיות — טויוטה C-HR,FRONT DISC BRAKE PAD KIT,Toyota,בלמים,,brake_pads_front,"מק""ט מקורי, רמת דגם. מקור: toyotapartsdeal.com. https://www.toyotapartsdeal.com/oem-toyota-c_hr-brake_pad_set.html",1,OEM:04465-F4020:Toyota,טויוטה:C-HR:2019:2020:2.0 (3ZR-FAE)
04466-F4010,רפידות בלם אחוריות — טויוטה C-HR,REAR DISC BRAKE PAD KIT,Toyota,בלמים,,brake_pads_rear,"מק""ט מקורי, רמת דגם. מקור: toyotapartsdeal.com. https://www.toyotapartsdeal.com/oem-toyota-c_hr-brake_pad_set.html",1,OEM:04466-F4010:Toyota,טויוטה:C-HR:2018:2020:2.0 (3ZR-FAE)
26350-2S000,מסנן שמן — יונדאי TUCSON,OIL FILTER SERVICE KIT,Hyundai,מנוע / סינון,,oil_filter,"מק""ט מקורי, רמת דגם. מקור: hyundaipartsdeal.com. https://www.hyundaipartsdeal.com/oem-hyundai-tucson-oil_filter.html",1,OEM:26350-2S000:Hyundai,יונדאי:TUCSON:2022:2024:GDI
26310-2S000,מסנן שמן — יונדאי TUCSON,OIL FILTER ASSEMBLY,Hyundai,מנוע / סינון,,oil_filter,"מק""ט מקורי, רמת דגם. מקור: hyundaipartsdeal.com. https://www.hyundaipartsdeal.com/oem-hyundai-tucson-oil_filter.html",1,OEM:26310-2S000:Hyundai,יונדאי:TUCSON:2022:2024:GDI
26310-2S002,מסנן שמן — יונדאי TUCSON,"FILTER ASSEMBLY, OIL",Hyundai,מנוע / סינון,,oil_filter,"מק""ט מקורי, רמת דגם. מקור: hyundaipartsdeal.com. https://www.hyundaipartsdeal.com/oem-hyundai-tucson-oil_filter.html",1,OEM:26310-2S002:Hyundai,יונדאי:TUCSON:2022:2026:GDI
26350-2S001,מסנן שמן — יונדאי TUCSON,ENGINE OIL FILTER,Hyundai,מנוע / סינון,,oil_filter,"מק""ט מקורי, רמת דגם. מקור: hyundaipartsdeal.com. https://www.hyundaipartsdeal.com/oem-hyundai-tucson-oil_filter.html",1,OEM:26350-2S001:Hyundai,יונדאי:TUCSON:2022:2026:GDI
26300-2MHA5,מסנן שמן — יונדאי TUCSON,"COMPLETE ASSEMBLY, OIL FILTER",Hyundai,מנוע / סינון,,oil_filter,"מק""ט מקורי, רמת דגם. מקור: hyundaipartsdeal.com. https://www.hyundaipartsdeal.com/oem-hyundai-tucson-oil_filter.html",1,OEM:26300-2MHA5:Hyundai,יונדאי:TUCSON:2022:2026:TCI-GDI
26300-2MHA0,מסנן שמן — יונדאי TUCSON,"COMPLETE ASSEMBLY, OIL FILTER",Hyundai,מנוע / סינון,,oil_filter,"מק""ט מקורי, רמת דגם. מקור: hyundaipartsdeal.com. https://www.hyundaipartsdeal.com/oem-hyundai-tucson-oil_filter.html",1,OEM:26300-2MHA0:Hyundai,יונדאי:TUCSON:2022:2024:TCI-GDI
48510-8Z146,בולם זעזועים קדמי — טויוטה COROLLA,"SHOCK ABSORBER, FRONT RIGHT",Toyota,מתלים,ימין,shock_absorber_front,"מק""ט מקורי, רמת דגם. מקור: toyotapartsdeal.com. https://www.toyotapartsdeal.com/oem-toyota-corolla-shock_absorber.html",1,OEM:48510-8Z146:Toyota,טויוטה:COROLLA:2014:2017:1.8 (2ZR)
48520-8Z034,בולם זעזועים קדמי — טויוטה COROLLA,"SHOCK ABSORBER, FRONT LEFT",Toyota,מתלים,שמאל,shock_absorber_front,"מק""ט מקורי, רמת דגם. מקור: toyotapartsdeal.com. https://www.toyotapartsdeal.com/oem-toyota-corolla-shock_absorber.html",1,OEM:48520-8Z034:Toyota,טויוטה:COROLLA:2014:2017:1.8 (2ZR)
48530-02B60,בולם זעזועים אחורי — טויוטה COROLLA,"SHOCK ABSORBER, REAR LEFT",Toyota,מתלים,שמאל,shock_absorber_rear,"מק""ט מקורי, רמת דגם. מקור: toyotapartsdeal.com. https://www.toyotapartsdeal.com/oem-toyota-corolla-shock_absorber.html",1,OEM:48530-02B60:Toyota,טויוטה:COROLLA:2014:2017:1.8 (2ZR)
48510-09A71,בולם זעזועים קדמי — טויוטה COROLLA,"SHOCK ABSORBER, FRONT RIGHT",Toyota,מתלים,ימין,shock_absorber_front,"מק""ט מקורי, רמת דגם. מקור: toyotapartsdeal.com. https://www.toyotapartsdeal.com/oem-toyota-corolla-shock_absorber.html",1,OEM:48510-09A71:Toyota,טויוטה:COROLLA:2011:2013:1.8 / 2.4
48530-02B30,בולם זעזועים אחורי — טויוטה COROLLA,"SHOCK ABSORBER, REAR RIGHT",Toyota,מתלים,ימין,shock_absorber_rear,"מק""ט מקורי, רמת דגם. מקור: toyotapartsdeal.com. https://www.toyotapartsdeal.com/oem-toyota-corolla-shock_absorber.html",1,OEM:48530-02B30:Toyota,טויוטה:COROLLA:2011:2013:1.8 / 2.4
48530-02B50,בולם זעזועים אחורי — טויוטה COROLLA,"SHOCK ABSORBER, REAR LEFT",Toyota,מתלים,שמאל,shock_absorber_rear,"מק""ט מקורי, רמת דגם. מקור: toyotapartsdeal.com. https://www.toyotapartsdeal.com/oem-toyota-corolla-shock_absorber.html",1,OEM:48530-02B50:Toyota,טויוטה:COROLLA:2014:2017:1.8 (2ZR)
48510-8Z298,בולם זעזועים קדמי — טויוטה COROLLA,"SHOCK ABSORBER, FRONT RIGHT",Toyota,מתלים,ימין,shock_absorber_front,"מק""ט מקורי, רמת דגם. מקור: toyotapartsdeal.com. https://www.toyotapartsdeal.com/oem-toyota-corolla-shock_absorber.html",1,OEM:48510-8Z298:Toyota,טויוטה:COROLLA:2016:2019:1.8 (2ZR)
48520-09M20,בולם זעזועים קדמי — טויוטה COROLLA,"SHOCK ABSORBER, FRONT LEFT",Toyota,מתלים,שמאל,shock_absorber_front,"מק""ט מקורי, רמת דגם. מקור: toyotapartsdeal.com. https://www.toyotapartsdeal.com/oem-toyota-corolla-shock_absorber.html",1,OEM:48520-09M20:Toyota,טויוטה:COROLLA:2009:2011:1.8 / 2.4
48530-A9560,בולם זעזועים אחורי — טויוטה COROLLA,"SHOCK ABSORBER, REAR LEFT",Toyota,מתלים,שמאל,shock_absorber_rear,"מק""ט מקורי, רמת דגם. מקור: toyotapartsdeal.com. https://www.toyotapartsdeal.com/oem-toyota-corolla-shock_absorber.html",1,OEM:48530-A9560:Toyota,טויוטה:COROLLA:2003:2008:1.8 (1ZZ/2ZZ)
48510-09T90,בולם זעזועים קדמי — טויוטה COROLLA,"SHOCK ABSORBER, FRONT RIGHT",Toyota,מתלים,ימין,shock_absorber_front,"מק""ט מקורי, רמת דגם. מקור: toyotapartsdeal.com. https://www.toyotapartsdeal.com/oem-toyota-corolla-shock_absorber.html",1,OEM:48510-09T90:Toyota,טויוטה:COROLLA:2009:2011:1.8 / 2.4
48520-8Z155,בולם זעזועים קדמי — טויוטה COROLLA,"SHOCK ABSORBER, FRONT LEFT",Toyota,מתלים,שמאל,shock_absorber_front,"מק""ט מקורי, רמת דגם. מקור: toyotapartsdeal.com. https://www.toyotapartsdeal.com/oem-toyota-corolla-shock_absorber.html",1,OEM:48520-8Z155:Toyota,טויוטה:COROLLA:2016:2019:1.8 (2ZR)
48530-8Z111,בולם זעזועים אחורי — טויוטה COROLLA,"SHOCK ABSORBER, REAR (SET)",Toyota,מתלים,,shock_absorber_rear,"מק""ט מקורי, רמת דגם. מקור: toyotapartsdeal.com. https://www.toyotapartsdeal.com/oem-toyota-corolla-shock_absorber.html",1,OEM:48530-8Z111:Toyota,טויוטה:COROLLA:2020:2023:1.8 / 2.0
48530-02640,בולם זעזועים אחורי — טויוטה COROLLA,"SHOCK ABSORBER, REAR LEFT",Toyota,מתלים,שמאל,shock_absorber_rear,"מק""ט מקורי, רמת דגם. מקור: toyotapartsdeal.com. https://www.toyotapartsdeal.com/oem-toyota-corolla-shock_absorber.html",1,OEM:48530-02640:Toyota,טויוטה:COROLLA:2009:2013:1.8 / 2.4
48510-8Z297,בולם זעזועים קדמי — טויוטה COROLLA,"SHOCK ABSORBER, FRONT RIGHT",Toyota,מתלים,ימין,shock_absorber_front,"מק""ט מקורי, רמת דגם. מקור: toyotapartsdeal.com. https://www.toyotapartsdeal.com/oem-toyota-corolla-shock_absorber.html",1,OEM:48510-8Z297:Toyota,טויוטה:COROLLA:2016:2019:1.8 (2ZR)
48520-09A71,בולם זעזועים קדמי — טויוטה COROLLA,"SHOCK ABSORBER, FRONT LEFT",Toyota,מתלים,שמאל,shock_absorber_front,"מק""ט מקורי, רמת דגם. מקור: toyotapartsdeal.com. https://www.toyotapartsdeal.com/oem-toyota-corolla-shock_absorber.html",1,OEM:48520-09A71:Toyota,טויוטה:COROLLA:2011:2013:1.8 / 2.4
48520-8Z154,בולם זעזועים קדמי — טויוטה COROLLA,"SHOCK ABSORBER, FRONT LEFT",Toyota,מתלים,שמאל,shock_absorber_front,"מק""ט מקורי, רמת דגם. מקור: toyotapartsdeal.com. https://www.toyotapartsdeal.com/oem-toyota-corolla-shock_absorber.html",1,OEM:48520-8Z154:Toyota,טויוטה:COROLLA:2016:2019:1.8 (2ZR)
48520-8Z255,בולם זעזועים קדמי — טויוטה COROLLA,"SHOCK ABSORBER, FRONT (SET)",Toyota,מתלים,,shock_absorber_front,"מק""ט מקורי, רמת דגם. מקור: toyotapartsdeal.com. https://www.toyotapartsdeal.com/oem-toyota-corolla-shock_absorber.html",1,OEM:48520-8Z255:Toyota,טויוטה:COROLLA:2020:2023:1.8 / 2.0
48510-8Z147,בולם זעזועים קדמי — טויוטה COROLLA,"SHOCK ABSORBER, FRONT RIGHT",Toyota,מתלים,ימין,shock_absorber_front,"מק""ט מקורי, רמת דגם. מקור: toyotapartsdeal.com. https://www.toyotapartsdeal.com/oem-toyota-corolla-shock_absorber.html",1,OEM:48510-8Z147:Toyota,טויוטה:COROLLA:2014:2017:1.8 (2ZR)
48510-A9320,בולם זעזועים קדמי — טויוטה COROLLA,"SHOCK ABSORBER, FRONT RIGHT",Toyota,מתלים,ימין,shock_absorber_front,"מק""ט מקורי, רמת דגם. מקור: toyotapartsdeal.com. https://www.toyotapartsdeal.com/oem-toyota-corolla-shock_absorber.html",1,OEM:48510-A9320:Toyota,טויוטה:COROLLA:2003:2008:1.8 (1ZZ/2ZZ)
48520-A9180,בולם זעזועים קדמי — טויוטה COROLLA,"SHOCK ABSORBER, FRONT LEFT",Toyota,מתלים,שמאל,shock_absorber_front,"מק""ט מקורי, רמת דגם. מקור: toyotapartsdeal.com. https://www.toyotapartsdeal.com/oem-toyota-corolla-shock_absorber.html",1,OEM:48520-A9180:Toyota,טויוטה:COROLLA:2003:2008:1.8 (1ZZ/2ZZ)
04466-02310,רפידות בלם אחוריות — טויוטה COROLLA,"DISC BRAKE PAD KIT, REAR",Toyota,בלמים,,brake_pads_rear,"מק""ט מקורי, רמת דגם. מקור: toyotapartsdeal.com. https://www.toyotapartsdeal.com/oem-toyota-corolla-brake_pad_set.html",1,OEM:04466-02310:Toyota,טויוטה:COROLLA:2009:2019:1.8 / 2.4
04465-12670,רפידות בלם קדמיות — טויוטה COROLLA,"DISC BRAKE PAD KIT, FRONT",Toyota,בלמים,,brake_pads_front,"מק""ט מקורי, רמת דגם. מקור: toyotapartsdeal.com. https://www.toyotapartsdeal.com/oem-toyota-corolla-brake_pad_set.html",1,OEM:04465-12670:Toyota,טויוטה:COROLLA:2019:2024:1.8 / 2.0; טויוטה:PRIUS:2023:2024:2.0 (M20A-FXS)
04465-02220,רפידות בלם קדמיות — טויוטה COROLLA,"DISC BRAKE PAD KIT, FRONT",Toyota,בלמים,,brake_pads_front,"מק""ט מקורי, רמת דגם. מקור: toyotapartsdeal.com. https://www.toyotapartsdeal.com/oem-toyota-corolla-brake_pad_set.html",1,OEM:04465-02220:Toyota,טויוטה:COROLLA:2009:2013:1.8
04465-02240,רפידות בלם קדמיות — טויוטה COROLLA,"DISC BRAKE PAD KIT, FRONT",Toyota,בלמים,,brake_pads_front,"מק""ט מקורי, רמת דגם. מקור: toyotapartsdeal.com. https://www.toyotapartsdeal.com/oem-toyota-corolla-brake_pad_set.html",1,OEM:04465-02240:Toyota,טויוטה:COROLLA:2009:2013:1.8 / 2.4
04465-02070,רפידות בלם קדמיות — טויוטה COROLLA,"DISC BRAKE PAD KIT, FRONT",Toyota,בלמים,,brake_pads_front,"מק""ט מקורי, רמת דגם. מקור: toyotapartsdeal.com. https://www.toyotapartsdeal.com/oem-toyota-corolla-brake_pad_set.html",1,OEM:04465-02070:Toyota,טויוטה:COROLLA:2003:2008:1.8
04466-47110,רפידות בלם אחוריות — טויוטה COROLLA,"DISC BRAKE PAD KIT, REAR",Toyota,בלמים,,brake_pads_rear,"מק""ט מקורי, רמת דגם. מקור: toyotapartsdeal.com. https://www.toyotapartsdeal.com/oem-toyota-corolla-brake_pad_set.html",1,OEM:04466-47110:Toyota,טויוטה:COROLLA:2020:2024:1.8 / 2.0; טויוטה:PRIUS:2018:2022:1.8 (2ZR-FXE)
04466-02390,רפידות בלם אחוריות — טויוטה COROLLA,"DISC BRAKE PAD KIT, REAR",Toyota,בלמים,,brake_pads_rear,"מק""ט מקורי, רמת דגם. מקור: toyotapartsdeal.com. https://www.toyotapartsdeal.com/oem-toyota-corolla-brake_pad_set.html",1,OEM:04466-02390:Toyota,טויוטה:COROLLA:2020:2024:1.8 / 2.0
04466-20090,רפידות בלם אחוריות — טויוטה COROLLA,"DISC BRAKE PAD KIT, REAR",Toyota,בלמים,,brake_pads_rear,"מק""ט מקורי, רמת דגם. מקור: toyotapartsdeal.com. https://www.toyotapartsdeal.com/oem-toyota-corolla-brake_pad_set.html",1,OEM:04466-20090:Toyota,טויוטה:COROLLA:2003:2008:1.8
04465-02080,רפידות בלם קדמיות — טויוטה COROLLA,"DISC BRAKE PAD KIT, FRONT",Toyota,בלמים,,brake_pads_front,"מק""ט מקורי, רמת דגם. מקור: toyotapartsdeal.com. https://www.toyotapartsdeal.com/oem-toyota-corolla-brake_pad_set.html",1,OEM:04465-02080:Toyota,טויוטה:COROLLA:2003:2007:1.8
04465-02050,רפידות בלם קדמיות — טויוטה COROLLA,"DISC BRAKE PAD KIT, FRONT",Toyota,בלמים,,brake_pads_front,"מק""ט מקורי, רמת דגם. מקור: toyotapartsdeal.com. https://www.toyotapartsdeal.com/oem-toyota-corolla-brake_pad_set.html",1,OEM:04465-02050:Toyota,טויוטה:COROLLA:1998:2002:1.8
04466-02260,רפידות בלם אחוריות — טויוטה COROLLA,"DISC BRAKE PAD KIT, REAR",Toyota,בלמים,,brake_pads_rear,"מק""ט מקורי, רמת דגם. מקור: toyotapartsdeal.com. https://www.toyotapartsdeal.com/oem-toyota-corolla-brake_pad_set.html",1,OEM:04466-02260:Toyota,טויוטה:COROLLA:2012:2013:1.8 / 2.4
04466-02210,רפידות בלם אחוריות — טויוטה COROLLA,"DISC BRAKE PAD KIT, REAR",Toyota,בלמים,,brake_pads_rear,"מק""ט מקורי, רמת דגם. מקור: toyotapartsdeal.com. https://www.toyotapartsdeal.com/oem-toyota-corolla-brake_pad_set.html",1,OEM:04466-02210:Toyota,טויוטה:COROLLA:2009:2012:1.8 / 2.4
04466-12162,רפידות בלם אחוריות — טויוטה COROLLA,"DISC BRAKE PAD KIT, REAR",Toyota,בלמים,,brake_pads_rear,"מק""ט מקורי, רמת דגם. מקור: toyotapartsdeal.com. https://www.toyotapartsdeal.com/oem-toyota-corolla-brake_pad_set.html",1,OEM:04466-12162:Toyota,טויוטה:COROLLA:2019:2024:1.8 / 2.0
28113-3X000,מסנן אוויר — יונדאי ELANTRA,AIR CLEANER FILTER,Hyundai,מנוע / סינון,,air_filter,"מק""ט מקורי, רמת דגם. מקור: hyundaipartsdeal.com, kiapartsnow.com. https://www.hyundaipartsdeal.com/oem-hyundai-elantra-air_filter.html",1,OEM:28113-3X000:Hyundai,יונדאי:ELANTRA:2011:2015:GDI / MPI; קיה:FORTE / CERATO:2014:2018:1.8 / 2.0 NU
28113-2H000,מסנן אוויר — יונדאי ELANTRA,AIR CLEANER FILTER,Hyundai,מנוע / סינון,,air_filter,"מק""ט מקורי, רמת דגם. מקור: hyundaipartsdeal.com, kiapartsnow.com. https://www.hyundaipartsdeal.com/oem-hyundai-elantra-air_filter.html",1,OEM:28113-2H000:Hyundai,יונדאי:ELANTRA:2006:2010:MPI; קיה:FORTE / CERATO:2009:2013:2.0 / 2.4 Theta 2
28113-2D000,מסנן אוויר — יונדאי ELANTRA,AIR CLEANER FILTER,Hyundai,מנוע / סינון,,air_filter,"מק""ט מקורי, רמת דגם. מקור: hyundaipartsdeal.com. https://www.hyundaipartsdeal.com/oem-hyundai-elantra-air_filter.html",1,OEM:28113-2D000:Hyundai,יונדאי:ELANTRA:1995:2006
28113-AA100,מסנן אוויר — יונדאי ELANTRA,AIR CLEANER FILTER,Hyundai,מנוע / סינון,,air_filter,"מק""ט מקורי, רמת דגם. מקור: hyundaipartsdeal.com. https://www.hyundaipartsdeal.com/oem-hyundai-elantra-air_filter.html",1,OEM:28113-AA100:Hyundai,יונדאי:ELANTRA:2021:2023:MPI / TCI-GDI
28113-AA670,מסנן אוויר — יונדאי ELANTRA,AIR CLEANER FILTER,Hyundai,מנוע / סינון,,air_filter,"מק""ט מקורי, רמת דגם. מקור: hyundaipartsdeal.com. https://www.hyundaipartsdeal.com/oem-hyundai-elantra-air_filter.html",1,OEM:28113-AA670:Hyundai,יונדאי:ELANTRA:2021:2026:MPI / TCI-GDI
28113-BY100,מסנן אוויר — יונדאי ELANTRA,AIR CLEANER FILTER,Hyundai,מנוע / סינון,,air_filter,"מק""ט מקורי, רמת דגם. מקור: hyundaipartsdeal.com. https://www.hyundaipartsdeal.com/oem-hyundai-elantra-air_filter.html",1,OEM:28113-BY100:Hyundai,יונדאי:ELANTRA:2021:2026:GDI
04465-52260,רפידות בלם קדמיות — טויוטה YARIS,"DISC BRAKE PAD KIT, FRONT",Toyota,בלמים,,brake_pads_front,"מק""ט מקורי, רמת דגם. מקור: toyotapartsdeal.com. https://www.toyotapartsdeal.com/oem-toyota-yaris-brake_pad_set.html",1,OEM:04465-52260:Toyota,טויוטה:YARIS:2006:2016:1.5 (1NZ-FE)
04465-WB001,רפידות בלם קדמיות — טויוטה YARIS,"DISC BRAKE PAD KIT, FRONT",Toyota,בלמים,,brake_pads_front,"מק""ט מקורי, רמת דגם. מקור: toyotapartsdeal.com. https://www.toyotapartsdeal.com/oem-toyota-yaris-brake_pad_set.html",1,OEM:04465-WB001:Toyota,טויוטה:YARIS:2019:2020
04465-52310,רפידות בלם קדמיות — טויוטה YARIS,"DISC BRAKE PAD KIT, FRONT",Toyota,בלמים,,brake_pads_front,"מק""ט מקורי, רמת דגם. מקור: toyotapartsdeal.com. https://www.toyotapartsdeal.com/oem-toyota-yaris-brake_pad_set.html",1,OEM:04465-52310:Toyota,טויוטה:YARIS:2012:2018:1.5 (1NZ-FE)
04466-52170,רפידות בלם אחוריות — טויוטה YARIS,"DISC BRAKE PAD KIT, REAR",Toyota,בלמים,,brake_pads_rear,"מק""ט מקורי, רמת דגם. מקור: toyotapartsdeal.com. https://www.toyotapartsdeal.com/oem-toyota-yaris-brake_pad_set.html",1,OEM:04466-52170:Toyota,טויוטה:YARIS:2012:2018:1.5 (1NZ-FE)
04465-12640,רפידות בלם קדמיות — טויוטה YARIS,"DISC BRAKE PAD KIT, FRONT",Toyota,בלמים,,brake_pads_front,"מק""ט מקורי, רמת דגם. מקור: toyotapartsdeal.com. https://www.toyotapartsdeal.com/oem-toyota-yaris-brake_pad_set.html",1,OEM:04465-12640:Toyota,טויוטה:YARIS:2012:2018:1.5 (1NZ-FE)
04466-52141,רפידות בלם אחוריות — טויוטה YARIS,"DISC BRAKE PAD KIT, REAR",Toyota,בלמים,,brake_pads_rear,"מק""ט מקורי, רמת דגם. מקור: toyotapartsdeal.com. https://www.toyotapartsdeal.com/oem-toyota-yaris-brake_pad_set.html",1,OEM:04466-52141:Toyota,טויוטה:YARIS:2012:2014:1.5 (1NZ-FE)
04466-52140,רפידות בלם אחוריות — טויוטה YARIS,"DISC BRAKE PAD KIT, REAR",Toyota,בלמים,,brake_pads_rear,"מק""ט מקורי, רמת דגם. מקור: toyotapartsdeal.com. https://www.toyotapartsdeal.com/oem-toyota-yaris-brake_pad_set.html",1,OEM:04466-52140:Toyota,טויוטה:YARIS:2012:2013:1.5 (1NZ-FE)
58302-K0A00,רפידות בלם אחוריות — קיה SOUL,"DISC BRAKE PAD KIT, REAR",Kia,בלמים,,brake_pads_rear,"מק""ט מקורי, רמת דגם. מקור: kiapartsnow.com. https://www.kiapartsnow.com/oem-kia-soul-brake_pad_set.html",1,OEM:58302-K0A00:Kia,קיה:SOUL:2020:2025:2.0 NU
58101-B2A00,רפידות בלם קדמיות — קיה SOUL,"DISC BRAKE PAD KIT, FRONT",Kia,בלמים,,brake_pads_front,"מק""ט מקורי, רמת דגם. מקור: kiapartsnow.com. https://www.kiapartsnow.com/oem-kia-soul-brake_pad_set.html",1,OEM:58101-B2A00:Kia,קיה:SOUL:2014:2016:1.6 Gamma / 2.0 NU
58101-2KA00,רפידות בלם קדמיות — קיה SOUL,"DISC BRAKE PAD KIT, FRONT",Kia,בלמים,,brake_pads_front,"מק""ט מקורי, רמת דגם. מקור: kiapartsnow.com. https://www.kiapartsnow.com/oem-kia-soul-brake_pad_set.html",1,OEM:58101-2KA00:Kia,קיה:SOUL:2009:2011:1.6 Gamma / 2.0 Beta
58101-B2A20,רפידות בלם קדמיות — קיה SOUL,"DISC BRAKE PAD KIT, FRONT",Kia,בלמים,,brake_pads_front,"מק""ט מקורי, רמת דגם. מקור: kiapartsnow.com. https://www.kiapartsnow.com/oem-kia-soul-brake_pad_set.html",1,OEM:58101-B2A20:Kia,קיה:SOUL:2017:2019:1.6 Gamma / 2.0 NU
58302-2KA50,רפידות בלם אחוריות — קיה SOUL,"DISC BRAKE PAD KIT, REAR",Kia,בלמים,,brake_pads_rear,"מק""ט מקורי, רמת דגם. מקור: kiapartsnow.com. https://www.kiapartsnow.com/oem-kia-soul-brake_pad_set.html",1,OEM:58302-2KA50:Kia,קיה:SOUL:2009:2013:1.6 Gamma / 2.0
58302-B2A00,רפידות בלם אחוריות — קיה SOUL,"DISC BRAKE PAD KIT, REAR",Kia,בלמים,,brake_pads_rear,"מק""ט מקורי, רמת דגם. מקור: kiapartsnow.com. https://www.kiapartsnow.com/oem-kia-soul-brake_pad_set.html",1,OEM:58302-B2A00:Kia,קיה:SOUL:2014:2016:1.6 Gamma / 2.0 NU
58101-2KA51,רפידות בלם קדמיות — קיה SOUL,"DISC BRAKE PAD KIT, FRONT",Kia,בלמים,,brake_pads_front,"מק""ט מקורי, רמת דגם. מקור: kiapartsnow.com. https://www.kiapartsnow.com/oem-kia-soul-brake_pad_set.html",1,OEM:58101-2KA51:Kia,קיה:SOUL:2012:2013:1.6 Gamma / 2.0 NU
58101-B2A30,רפידות בלם קדמיות — קיה SOUL,"DISC BRAKE PAD KIT, FRONT",Kia,בלמים,,brake_pads_front,"מק""ט מקורי, רמת דגם. מקור: kiapartsnow.com. https://www.kiapartsnow.com/oem-kia-soul-brake_pad_set.html",1,OEM:58101-B2A30:Kia,קיה:SOUL:2017:2019:1.6 Gamma / 2.0 NU
58302-2KA00,רפידות בלם אחוריות — קיה SOUL,"DISC BRAKE PAD KIT, REAR",Kia,בלמים,,brake_pads_rear,"מק""ט מקורי, רמת דגם. מקור: kiapartsnow.com. https://www.kiapartsnow.com/oem-kia-soul-brake_pad_set.html",1,OEM:58302-2KA00:Kia,קיה:SOUL:2009:2011:1.6 Gamma / 2.0 Beta
58302-B2A20,רפידות בלם אחוריות — קיה SOUL,"DISC BRAKE PAD KIT, REAR",Kia,בלמים,,brake_pads_rear,"מק""ט מקורי, רמת דגם. מקור: kiapartsnow.com. https://www.kiapartsnow.com/oem-kia-soul-brake_pad_set.html",1,OEM:58302-B2A20:Kia,קיה:SOUL:2017:2019:1.6 Gamma / 2.0 NU
58302-K0A10,רפידות בלם אחוריות — קיה SOUL,"DISC BRAKE PAD KIT, REAR",Kia,בלמים,,brake_pads_rear,"מק""ט מקורי, רמת דגם. מקור: kiapartsnow.com. https://www.kiapartsnow.com/oem-kia-soul-brake_pad_set.html",1,OEM:58302-K0A10:Kia,קיה:SOUL:2020:2022:1.6 Gamma
58302-AAA40,רפידות בלם אחוריות — קיה SOUL,"DISC BRAKE PAD KIT, REAR",Kia,בלמים,,brake_pads_rear,"מק""ט מקורי, רמת דגם. מקור: kiapartsnow.com. https://www.kiapartsnow.com/oem-kia-soul-brake_pad_set.html",1,OEM:58302-AAA40:Kia,קיה:SOUL:2023:2025:2.0 NU
58302-A7B30,רפידות בלם אחוריות — קיה FORTE / CERATO,"DISC BRAKE PAD KIT, REAR",Kia,בלמים,,brake_pads_rear,"מק""ט מקורי, רמת דגם. מקור: kiapartsnow.com. https://www.kiapartsnow.com/oem-kia-forte-brake_pad_set.html",1,OEM:58302-A7B30:Kia,קיה:FORTE / CERATO:2014:2016:1.6 Gamma / 1.8 / 2.0 NU
58101-A7A01,רפידות בלם קדמיות — קיה FORTE / CERATO,"DISC BRAKE PAD KIT, FRONT",Kia,בלמים,,brake_pads_front,"מק""ט מקורי, רמת דגם. מקור: kiapartsnow.com. https://www.kiapartsnow.com/oem-kia-forte-brake_pad_set.html",1,OEM:58101-A7A01:Kia,קיה:FORTE / CERATO:2017:2018:1.6 Gamma / 2.0 NU
58101-A7A00,רפידות בלם קדמיות — קיה FORTE / CERATO,"DISC BRAKE PAD KIT, FRONT",Kia,בלמים,,brake_pads_front,"מק""ט מקורי, רמת דגם. מקור: kiapartsnow.com. https://www.kiapartsnow.com/oem-kia-forte-brake_pad_set.html",1,OEM:58101-A7A00:Kia,קיה:FORTE / CERATO:2014:2016:1.6 Gamma / 1.8 / 2.0 NU
58101-M7A00,רפידות בלם קדמיות — קיה FORTE / CERATO,"DISC BRAKE PAD KIT, FRONT",Kia,בלמים,,brake_pads_front,"מק""ט מקורי, רמת דגם. מקור: kiapartsnow.com. https://www.kiapartsnow.com/oem-kia-forte-brake_pad_set.html",1,OEM:58101-M7A00:Kia,קיה:FORTE / CERATO:2019:2023:1.6 Gamma / 2.0 NU
58101-A7A21,רפידות בלם קדמיות — קיה FORTE / CERATO,"DISC BRAKE PAD KIT, FRONT",Kia,בלמים,,brake_pads_front,"מק""ט מקורי, רמת דגם. מקור: kiapartsnow.com. https://www.kiapartsnow.com/oem-kia-forte-brake_pad_set.html",1,OEM:58101-A7A21:Kia,קיה:FORTE / CERATO:2017:2018:1.6 Gamma / 2.0 NU
58302-M7A30,רפידות בלם אחוריות — קיה FORTE / CERATO,"DISC BRAKE PAD KIT, REAR",Kia,בלמים,,brake_pads_rear,"מק""ט מקורי, רמת דגם. מקור: kiapartsnow.com. https://www.kiapartsnow.com/oem-kia-forte-brake_pad_set.html",1,OEM:58302-M7A30:Kia,קיה:FORTE / CERATO:2019:2023:1.6 Gamma / 2.0 NU
58302-1MA40,רפידות בלם אחוריות — קיה FORTE / CERATO,"DISC BRAKE PAD KIT, REAR",Kia,בלמים,,brake_pads_rear,"מק""ט מקורי, רמת דגם. מקור: kiapartsnow.com. https://www.kiapartsnow.com/oem-kia-forte-brake_pad_set.html",1,OEM:58302-1MA40:Kia,קיה:FORTE / CERATO:2009:2013:2.0 / 2.4 Theta 2
58101-1MA00,רפידות בלם קדמיות — קיה FORTE / CERATO,"DISC BRAKE PAD KIT, FRONT",Kia,בלמים,,brake_pads_front,"מק""ט מקורי, רמת דגם. מקור: kiapartsnow.com. https://www.kiapartsnow.com/oem-kia-forte-brake_pad_set.html",1,OEM:58101-1MA00:Kia,קיה:FORTE / CERATO:2009:2013:2.0 / 2.4 Theta 2
58302-1MA00,רפידות בלם אחוריות — קיה FORTE / CERATO,"DISC BRAKE PAD KIT, REAR",Kia,בלמים,,brake_pads_rear,"מק""ט מקורי, רמת דגם. מקור: kiapartsnow.com. https://www.kiapartsnow.com/oem-kia-forte-brake_pad_set.html",1,OEM:58302-1MA00:Kia,קיה:FORTE / CERATO:2009:2013:2.0 / 2.4 Theta 2
58101-A7A20,רפידות בלם קדמיות — קיה FORTE / CERATO,"DISC BRAKE PAD KIT, FRONT",Kia,בלמים,,brake_pads_front,"מק""ט מקורי, רמת דגם. מקור: kiapartsnow.com. https://www.kiapartsnow.com/oem-kia-forte-brake_pad_set.html",1,OEM:58101-A7A20:Kia,קיה:FORTE / CERATO:2014:2016:1.6 Gamma / 1.8 / 2.0 NU
58101-1MA20,רפידות בלם קדמיות — קיה FORTE / CERATO,"DISC BRAKE PAD KIT, FRONT",Kia,בלמים,,brake_pads_front,"מק""ט מקורי, רמת דגם. מקור: kiapartsnow.com. https://www.kiapartsnow.com/oem-kia-forte-brake_pad_set.html",1,OEM:58101-1MA20:Kia,קיה:FORTE / CERATO:2009:2013:2.0 / 2.4 Theta 2
58101-1MA60,רפידות בלם קדמיות — קיה FORTE / CERATO,"DISC BRAKE PAD KIT, FRONT",Kia,בלמים,,brake_pads_front,"מק""ט מקורי, רמת דגם. מקור: kiapartsnow.com. https://www.kiapartsnow.com/oem-kia-forte-brake_pad_set.html",1,OEM:58101-1MA60:Kia,קיה:FORTE / CERATO:2009:2013:2.0 / 2.4 Theta 2
58101-M7A10,רפידות בלם קדמיות — קיה FORTE / CERATO,"DISC BRAKE PAD KIT, FRONT",Kia,בלמים,,brake_pads_front,"מק""ט מקורי, רמת דגם. מקור: kiapartsnow.com. https://www.kiapartsnow.com/oem-kia-forte-brake_pad_set.html",1,OEM:58101-M7A10:Kia,קיה:FORTE / CERATO:2019:2023:1.6 Gamma / 2.0 NU
58101-1MA21,רפידות בלם קדמיות — קיה FORTE / CERATO,"DISC BRAKE PAD KIT, FRONT",Kia,בלמים,,brake_pads_front,"מק""ט מקורי, רמת דגם. מקור: kiapartsnow.com. https://www.kiapartsnow.com/oem-kia-forte-brake_pad_set.html",1,OEM:58101-1MA21:Kia,קיה:FORTE / CERATO:2009:2013:2.0 / 2.4 Theta 2
58302-A7B31,רפידות בלם אחוריות — קיה FORTE / CERATO,"DISC BRAKE PAD KIT, REAR",Kia,בלמים,,brake_pads_rear,"מק""ט מקורי, רמת דגם. מקור: kiapartsnow.com. https://www.kiapartsnow.com/oem-kia-forte-brake_pad_set.html",1,OEM:58302-A7B31:Kia,קיה:FORTE / CERATO:2017:2018:1.6 Gamma / 2.0 NU
58302-G3A50,רפידות בלם אחוריות — קיה FORTE / CERATO,"DISC BRAKE PAD KIT, REAR",Kia,בלמים,,brake_pads_rear,"מק""ט מקורי, רמת דגם. מקור: kiapartsnow.com. https://www.kiapartsnow.com/oem-kia-forte-brake_pad_set.html",1,OEM:58302-G3A50:Kia,קיה:FORTE / CERATO:2022:2023:1.6 Gamma / 2.0 NU
58302-J3A40,רפידות בלם אחוריות — קיה FORTE / CERATO,"DISC BRAKE PAD KIT, REAR",Kia,בלמים,,brake_pads_rear,"מק""ט מקורי, רמת דגם. מקור: kiapartsnow.com. https://www.kiapartsnow.com/oem-kia-forte-brake_pad_set.html",1,OEM:58302-J3A40:Kia,קיה:FORTE / CERATO:2019:2023:1.6 Gamma / 2.0 NU
58302-M6A60,רפידות בלם אחוריות — קיה FORTE / CERATO,"DISC BRAKE PAD KIT, REAR",Kia,בלמים,,brake_pads_rear,"מק""ט מקורי, רמת דגם. מקור: kiapartsnow.com. https://www.kiapartsnow.com/oem-kia-forte-brake_pad_set.html",1,OEM:58302-M6A60:Kia,קיה:FORTE / CERATO:2022:2023:1.6 Gamma / 2.0 NU
58101-1RA00,רפידות בלם קדמיות — יונדאי ACCENT,"DISC BRAKE PAD KIT, FRONT",Hyundai,בלמים,,brake_pads_front,"מק""ט מקורי, רמת דגם. מקור: hyundaipartsdeal.com. https://www.hyundaipartsdeal.com/oem-hyundai-accent-brake_pad_set.html",1,OEM:58101-1RA00:Hyundai,יונדאי:ACCENT:2011:2014:GDI
58302-1RA30,רפידות בלם אחוריות — יונדאי ACCENT,"DISC BRAKE PAD KIT, REAR",Hyundai,בלמים,,brake_pads_rear,"מק""ט מקורי, רמת דגם. מקור: hyundaipartsdeal.com. https://www.hyundaipartsdeal.com/oem-hyundai-accent-brake_pad_set.html",1,OEM:58302-1RA30:Hyundai,יונדאי:ACCENT:2011:2017:GDI
58101-1RA10,רפידות בלם קדמיות — יונדאי ACCENT,"DISC BRAKE PAD KIT, FRONT",Hyundai,בלמים,,brake_pads_front,"מק""ט מקורי, רמת דגם. מקור: hyundaipartsdeal.com. https://www.hyundaipartsdeal.com/oem-hyundai-accent-brake_pad_set.html",1,OEM:58101-1RA10:Hyundai,יונדאי:ACCENT:2011:2017:GDI
58101-25A00,רפידות בלם קדמיות — יונדאי ACCENT,"DISC BRAKE PAD KIT, FRONT",Hyundai,בלמים,,brake_pads_front,"מק""ט מקורי, רמת דגם. מקור: hyundaipartsdeal.com. https://www.hyundaipartsdeal.com/oem-hyundai-accent-brake_pad_set.html",1,OEM:58101-25A00:Hyundai,יונדאי:ACCENT:1999:2006
58101-22A00,רפידות בלם קדמיות — יונדאי ACCENT,"DISC BRAKE PAD KIT, FRONT",Hyundai,בלמים,,brake_pads_front,"מק""ט מקורי, רמת דגם. מקור: hyundaipartsdeal.com. https://www.hyundaipartsdeal.com/oem-hyundai-accent-brake_pad_set.html",1,OEM:58101-22A00:Hyundai,יונדאי:ACCENT:1994:1999
04466-47100,רפידות בלם אחוריות — טויוטה PRIUS,"DISC BRAKE PAD KIT, REAR",Toyota,בלמים,,brake_pads_rear,"מק""ט מקורי, רמת דגם. מקור: toyotapartsdeal.com. https://www.toyotapartsdeal.com/oem-toyota-prius-brake_pad_set.html",1,OEM:04466-47100:Toyota,טויוטה:PRIUS:2012:2019:1.8 (2ZR-FXE)
04465-47050,רפידות בלם קדמיות — טויוטה PRIUS,"DISC BRAKE PAD KIT, FRONT",Toyota,בלמים,,brake_pads_front,"מק""ט מקורי, רמת דגם. מקור: toyotapartsdeal.com. https://www.toyotapartsdeal.com/oem-toyota-prius-brake_pad_set.html",1,OEM:04465-47050:Toyota,טויוטה:PRIUS:2004:2009:1.5 (1NZ-FXE)
04465-47060,רפידות בלם קדמיות — טויוטה PRIUS,"DISC BRAKE PAD KIT, FRONT",Toyota,בלמים,,brake_pads_front,"מק""ט מקורי, רמת דגם. מקור: toyotapartsdeal.com. https://www.toyotapartsdeal.com/oem-toyota-prius-brake_pad_set.html",1,OEM:04465-47060:Toyota,טויוטה:PRIUS:2010:2012:1.8 (2ZR-FXE)
04466-47030,רפידות בלם אחוריות — טויוטה PRIUS,"DISC BRAKE PAD KIT, REAR",Toyota,בלמים,,brake_pads_rear,"מק""ט מקורי, רמת דגם. מקור: toyotapartsdeal.com. https://www.toyotapartsdeal.com/oem-toyota-prius-brake_pad_set.html",1,OEM:04466-47030:Toyota,טויוטה:PRIUS:2010:2012:1.8 (2ZR-FXE)
04466-47020,רפידות בלם אחוריות — טויוטה PRIUS,"DISC BRAKE PAD KIT, REAR",Toyota,בלמים,,brake_pads_rear,"מק""ט מקורי, רמת דגם. מקור: toyotapartsdeal.com. https://www.toyotapartsdeal.com/oem-toyota-prius-brake_pad_set.html",1,OEM:04466-47020:Toyota,טויוטה:PRIUS:2010:2011:1.8 (2ZR-FXE)
04466-47061,רפידות בלם אחוריות — טויוטה PRIUS,"DISC BRAKE PAD KIT, REAR",Toyota,בלמים,,brake_pads_rear,"מק""ט מקורי, רמת דגם. מקור: toyotapartsdeal.com. https://www.toyotapartsdeal.com/oem-toyota-prius-brake_pad_set.html",1,OEM:04466-47061:Toyota,טויוטה:PRIUS:2011:2013:1.8 (2ZR-FXE)
04466-47040,רפידות בלם אחוריות — טויוטה PRIUS,"DISC BRAKE PAD KIT, REAR",Toyota,בלמים,,brake_pads_rear,"מק""ט מקורי, רמת דגם. מקור: toyotapartsdeal.com. https://www.toyotapartsdeal.com/oem-toyota-prius-brake_pad_set.html",1,OEM:04466-47040:Toyota,טויוטה:PRIUS:2010:2012:1.8 (2ZR-FXE)
04465-17100,רפידות בלם קדמיות — טויוטה PRIUS,"DISC BRAKE PAD KIT, FRONT",Toyota,בלמים,,brake_pads_front,"מק""ט מקורי, רמת דגם. מקור: toyotapartsdeal.com. https://www.toyotapartsdeal.com/oem-toyota-prius-brake_pad_set.html",1,OEM:04465-17100:Toyota,טויוטה:PRIUS:2001:2002:1.5 (1NZ-FXE)
04466-47060,רפידות בלם אחוריות — טויוטה PRIUS,"DISC BRAKE PAD KIT, REAR",Toyota,בלמים,,brake_pads_rear,"מק""ט מקורי, רמת דגם. מקור: toyotapartsdeal.com. https://www.toyotapartsdeal.com/oem-toyota-prius-brake_pad_set.html",1,OEM:04466-47060:Toyota,טויוטה:PRIUS:2011:2012:1.8 (2ZR-FXE)
04465-17101,רפידות בלם קדמיות — טויוטה PRIUS,"DISC BRAKE PAD KIT, FRONT",Toyota,בלמים,,brake_pads_front,"מק""ט מקורי, רמת דגם. מקור: toyotapartsdeal.com. https://www.toyotapartsdeal.com/oem-toyota-prius-brake_pad_set.html",1,OEM:04465-17101:Toyota,טויוטה:PRIUS:2001:2003:1.5 (1NZ-FXE)
04465-16130,רפידות בלם קדמיות — טויוטה PRIUS,"DISC BRAKE PAD KIT, FRONT",Toyota,בלמים,,brake_pads_front,"מק""ט מקורי, רמת דגם. מקור: toyotapartsdeal.com. https://www.toyotapartsdeal.com/oem-toyota-prius-brake_pad_set.html",1,OEM:04465-16130:Toyota,טויוטה:PRIUS:2023:2024:2.0 (M20A-FXS)
37300-2E820,אלטרנטור — יונדאי TUCSON,ALTERNATOR ASSEMBLY,Hyundai,חשמל,,alternator,"מק""ט מקורי, רמת דגם. מקור: hyundaipartsdeal.com. https://www.hyundaipartsdeal.com/oem-hyundai-tucson-alternator.html",1,OEM:37300-2E820:Hyundai,יונדאי:TUCSON:2016:2021:GDI
37300-22650,אלטרנטור — יונדאי TUCSON,GENERATOR ASSEMBLY,Hyundai,חשמל,,alternator,"מק""ט מקורי, רמת דגם. מקור: hyundaipartsdeal.com. https://www.hyundaipartsdeal.com/oem-hyundai-tucson-alternator.html",1,OEM:37300-22650:Hyundai,יונדאי:TUCSON:2004:2009:MPI
37300-22650-RM,אלטרנטור — יונדאי TUCSON,REMAN ALTERNATOR ASSEMBLY,Hyundai,חשמל,,alternator,"מק""ט מקורי, רמת דגם. מקור: hyundaipartsdeal.com. https://www.hyundaipartsdeal.com/oem-hyundai-tucson-alternator.html",1,OEM:37300-22650-RM:Hyundai,יונדאי:TUCSON:2004:2009:MPI
37300-2B960,אלטרנטור — יונדאי TUCSON,GENERATOR ASSEMBLY,Hyundai,חשמל,,alternator,"מק""ט מקורי, רמת דגם. מקור: hyundaipartsdeal.com. https://www.hyundaipartsdeal.com/oem-hyundai-tucson-alternator.html",1,OEM:37300-2B960:Hyundai,יונדאי:TUCSON:2016:2018:TCI-GDI
37300-37800-RM,אלטרנטור — יונדאי TUCSON,REMAN GENERATOR ASSEMBLY,Hyundai,חשמל,,alternator,"מק""ט מקורי, רמת דגם. מקור: hyundaipartsdeal.com. https://www.hyundaipartsdeal.com/oem-hyundai-tucson-alternator.html",1,OEM:37300-37800-RM:Hyundai,יונדאי:TUCSON:2004:2009:MPI
37300-2G400,אלטרנטור — יונדאי TUCSON,ALTERNATOR ASSEMBLY,Hyundai,חשמל,,alternator,"מק""ט מקורי, רמת דגם. מקור: hyundaipartsdeal.com. https://www.hyundaipartsdeal.com/oem-hyundai-tucson-alternator.html",1,OEM:37300-2G400:Hyundai,יונדאי:TUCSON:2009:2013:MPI
37300-2SGD1,אלטרנטור — יונדאי TUCSON,ALTERNATOR ASSEMBLY,Hyundai,חשמל,,alternator,"מק""ט מקורי, רמת דגם. מקור: hyundaipartsdeal.com. https://www.hyundaipartsdeal.com/oem-hyundai-tucson-alternator.html",1,OEM:37300-2SGD1:Hyundai,יונדאי:TUCSON:2022:2026:GDI
37300-2E300,אלטרנטור — יונדאי TUCSON,ALTERNATOR ASSEMBLY,Hyundai,חשמל,,alternator,"מק""ט מקורי, רמת דגם. מקור: hyundaipartsdeal.com. https://www.hyundaipartsdeal.com/oem-hyundai-tucson-alternator.html",1,OEM:37300-2E300:Hyundai,יונדאי:TUCSON:2014:2015:GDI
37300-2G750,אלטרנטור — יונדאי TUCSON,ALTERNATOR ASSEMBLY,Hyundai,חשמל,,alternator,"מק""ט מקורי, רמת דגם. מקור: hyundaipartsdeal.com. https://www.hyundaipartsdeal.com/oem-hyundai-tucson-alternator.html",1,OEM:37300-2G750:Hyundai,יונדאי:TUCSON:2014:2015:GDI
37390-2M900,אלטרנטור — יונדאי TUCSON,"HSG ASSEMBLY, GENERATOR",Hyundai,חשמל,,alternator,"מק""ט מקורי, רמת דגם. מקור: hyundaipartsdeal.com. https://www.hyundaipartsdeal.com/oem-hyundai-tucson-alternator.html",1,OEM:37390-2M900:Hyundai,יונדאי:TUCSON:2022:2026:TCI-GDI
37300-37800,אלטרנטור — יונדאי TUCSON,GENERATOR ASSEMBLY,Hyundai,חשמל,,alternator,"מק""ט מקורי, רמת דגם. מקור: hyundaipartsdeal.com. https://www.hyundaipartsdeal.com/oem-hyundai-tucson-alternator.html",1,OEM:37300-37800:Hyundai,יונדאי:TUCSON:2004:2009:MPI
54660-D9120,בולם זעזועים קדמי — קיה SPORTAGE,"FRONT STRUT ASSEMBLY KIT, RH",Kia,מתלים,ימין,shock_absorber_front,"מק""ט מקורי, רמת דגם. מקור: kiapartsnow.com. https://www.kiapartsnow.com/oem-kia-sportage-shock_absorber.html",1,OEM:54660-D9120:Kia,קיה:SPORTAGE:2016:2019:2.4 Theta 2
55311-3W460,בולם זעזועים אחורי — קיה SPORTAGE,REAR SHOCK ABSORBER ASSEMBLY,Kia,מתלים,,shock_absorber_rear,"מק""ט מקורי, רמת דגם. מקור: kiapartsnow.com. https://www.kiapartsnow.com/oem-kia-sportage-shock_absorber.html",1,OEM:55311-3W460:Kia,קיה:SPORTAGE:2010:2013:2.0 / 2.4 Theta 2
54651-P1810,בולם זעזועים קדמי — קיה SPORTAGE,"FRONT STRUT ASSEMBLY, RH",Kia,מתלים,ימין,shock_absorber_front,"מק""ט מקורי, רמת דגם. מקור: kiapartsnow.com. https://www.kiapartsnow.com/oem-kia-sportage-shock_absorber.html",1,OEM:54651-P1810:Kia,קיה:SPORTAGE:2023:2026:1.6 Gamma-II / 2.5 Theta-III
55311-D9800,בולם זעזועים אחורי — קיה SPORTAGE,SHOCK ABSORBER ASSEMBLY,Kia,מתלים,,shock_absorber_rear,"מק""ט מקורי, רמת דגם. מקור: kiapartsnow.com. https://www.kiapartsnow.com/oem-kia-sportage-shock_absorber.html",1,OEM:55311-D9800:Kia,קיה:SPORTAGE:2020:2022:2.4 Theta 2
54650-D9100,בולם זעזועים קדמי — קיה SPORTAGE,"FRONT STRUT ASSEMBLY KIT, LH",Kia,מתלים,שמאל,shock_absorber_front,"מק""ט מקורי, רמת דגם. מקור: kiapartsnow.com. https://www.kiapartsnow.com/oem-kia-sportage-shock_absorber.html",1,OEM:54650-D9100:Kia,קיה:SPORTAGE:2016:2019:2.4 Theta 2
54650-D9120,בולם זעזועים קדמי — קיה SPORTAGE,"FRONT STRUT ASSEMBLY KIT, LH",Kia,מתלים,שמאל,shock_absorber_front,"מק""ט מקורי, רמת דגם. מקור: kiapartsnow.com. https://www.kiapartsnow.com/oem-kia-sportage-shock_absorber.html",1,OEM:54650-D9120:Kia,קיה:SPORTAGE:2016:2022:2.0 / 2.4 Theta 2
54660-D9130,בולם זעזועים קדמי — קיה SPORTAGE,"FRONT STRUT ASSEMBLY KIT, RH",Kia,מתלים,ימין,shock_absorber_front,"מק""ט מקורי, רמת דגם. מקור: kiapartsnow.com. https://www.kiapartsnow.com/oem-kia-sportage-shock_absorber.html",1,OEM:54660-D9130:Kia,קיה:SPORTAGE:2016:2022:2.0 Theta 2
55311-D9120,בולם זעזועים אחורי — קיה SPORTAGE,REAR SHOCK ABSORBER ASSEMBLY,Kia,מתלים,,shock_absorber_rear,"מק""ט מקורי, רמת דגם. מקור: kiapartsnow.com. https://www.kiapartsnow.com/oem-kia-sportage-shock_absorber.html",1,OEM:55311-D9120:Kia,קיה:SPORTAGE:2016:2019:2.4 Theta 2
54660-D9100,בולם זעזועים קדמי — קיה SPORTAGE,"FRONT STRUT ASSEMBLY KIT, RH",Kia,מתלים,ימין,shock_absorber_front,"מק""ט מקורי, רמת דגם. מקור: kiapartsnow.com. https://www.kiapartsnow.com/oem-kia-sportage-shock_absorber.html",1,OEM:54660-D9100:Kia,קיה:SPORTAGE:2016:2019:2.4 Theta 2
54661-3W500,בולם זעזועים קדמי — קיה SPORTAGE,"FRONT STRUT ASSEMBLY KIT, RH",Kia,מתלים,ימין,shock_absorber_front,"מק""ט מקורי, רמת דגם. מקור: kiapartsnow.com. https://www.kiapartsnow.com/oem-kia-sportage-shock_absorber.html",1,OEM:54661-3W500:Kia,קיה:SPORTAGE:2014:2015:2.0 / 2.4 Theta 2
54660-D9810,בולם זעזועים קדמי — קיה SPORTAGE,"FRONT STRUT ASSEMBLY KIT, RH",Kia,מתלים,ימין,shock_absorber_front,"מק""ט מקורי, רמת דגם. מקור: kiapartsnow.com. https://www.kiapartsnow.com/oem-kia-sportage-shock_absorber.html",1,OEM:54660-D9810:Kia,קיה:SPORTAGE:2020:2022:2.4 Theta 2
54660-D9800,בולם זעזועים קדמי — קיה SPORTAGE,"FRONT STRUT ASSEMBLY KIT, RH",Kia,מתלים,ימין,shock_absorber_front,"מק""ט מקורי, רמת דגם. מקור: kiapartsnow.com. https://www.kiapartsnow.com/oem-kia-sportage-shock_absorber.html",1,OEM:54660-D9800:Kia,קיה:SPORTAGE:2020:2022:2.4 Theta 2
54661-3W150,בולם זעזועים קדמי — קיה SPORTAGE,"FRONT STRUT ASSEMBLY KIT, RH",Kia,מתלים,ימין,shock_absorber_front,"מק""ט מקורי, רמת דגם. מקור: kiapartsnow.com. https://www.kiapartsnow.com/oem-kia-sportage-shock_absorber.html",1,OEM:54661-3W150:Kia,קיה:SPORTAGE:2010:2013:2.0 / 2.4 Theta 2
55311-D9130,בולם זעזועים אחורי — קיה SPORTAGE,REAR SHOCK ABSORBER ASSEMBLY,Kia,מתלים,,shock_absorber_rear,"מק""ט מקורי, רמת דגם. מקור: kiapartsnow.com. https://www.kiapartsnow.com/oem-kia-sportage-shock_absorber.html",1,OEM:55311-D9130:Kia,קיה:SPORTAGE:2016:2022:2.0 Theta 2
55311-3W010,בולם זעזועים אחורי — קיה SPORTAGE,REAR SHOCK ABSORBER ASSEMBLY,Kia,מתלים,,shock_absorber_rear,"מק""ט מקורי, רמת דגם. מקור: kiapartsnow.com. https://www.kiapartsnow.com/oem-kia-sportage-shock_absorber.html",1,OEM:55311-3W010:Kia,קיה:SPORTAGE:2010:2013:2.0 / 2.4 Theta 2
54651-3W600,בולם זעזועים קדמי — קיה SPORTAGE,"FRONT STRUT ASSEMBLY KIT, LH",Kia,מתלים,שמאל,shock_absorber_front,"מק""ט מקורי, רמת דגם. מקור: kiapartsnow.com. https://www.kiapartsnow.com/oem-kia-sportage-shock_absorber.html",1,OEM:54651-3W600:Kia,קיה:SPORTAGE:2010:2013:2.0 / 2.4 Theta 2
54661-3W600,בולם זעזועים קדמי — קיה SPORTAGE,"FRONT STRUT ASSEMBLY KIT, RH",Kia,מתלים,ימין,shock_absorber_front,"מק""ט מקורי, רמת דגם. מקור: kiapartsnow.com. https://www.kiapartsnow.com/oem-kia-sportage-shock_absorber.html",1,OEM:54661-3W600:Kia,קיה:SPORTAGE:2010:2013:2.0 / 2.4 Theta 2
55311-3W410,בולם זעזועים אחורי — קיה SPORTAGE,REAR SHOCK ABSORBER ASSEMBLY,Kia,מתלים,,shock_absorber_rear,"מק""ט מקורי, רמת דגם. מקור: kiapartsnow.com. https://www.kiapartsnow.com/oem-kia-sportage-shock_absorber.html",1,OEM:55311-3W410:Kia,קיה:SPORTAGE:2010:2013:2.0 / 2.4 Theta 2
16100-28041,משאבת מים — טויוטה COROLLA,ENGINE WATER PUMP ASSEMBLY,Toyota,קירור,,water_pump,"מק""ט מקורי, רמת דגם. מקור: toyotapartsdeal.com. https://www.toyotapartsdeal.com/oem-toyota-corolla-water_pump.html",1,OEM:16100-28041:Toyota,טויוטה:COROLLA:2009:2013:1.8 / 2.4
16100-39466,משאבת מים — טויוטה COROLLA,ENGINE WATER PUMP ASSEMBLY,Toyota,קירור,,water_pump,"מק""ט מקורי, רמת דגם. מקור: toyotapartsdeal.com. https://www.toyotapartsdeal.com/oem-toyota-corolla-water_pump.html",1,OEM:16100-39466:Toyota,טויוטה:COROLLA:2009:2019:1.8 / 2.4
16100-0H010,משאבת מים — טויוטה COROLLA,ENGINE WATER PUMP ASSEMBLY,Toyota,קירור,,water_pump,"מק""ט מקורי, רמת דגם. מקור: toyotapartsdeal.com. https://www.toyotapartsdeal.com/oem-toyota-corolla-water_pump.html",1,OEM:16100-0H010:Toyota,טויוטה:COROLLA:2009:2013:1.8 / 2.4
16100-09170,משאבת מים — טויוטה COROLLA,ENGINE WATER PUMP ASSEMBLY,Toyota,קירור,,water_pump,"מק""ט מקורי, רמת דגם. מקור: toyotapartsdeal.com. https://www.toyotapartsdeal.com/oem-toyota-corolla-water_pump.html",1,OEM:16100-09170:Toyota,טויוטה:COROLLA:1998:2008:1.8 (1ZZ/2ZZ)
16100-29146,משאבת מים — טויוטה COROLLA,ENGINE WATER PUMP ASSEMBLY,Toyota,קירור,,water_pump,"מק""ט מקורי, רמת דגם. מקור: toyotapartsdeal.com. https://www.toyotapartsdeal.com/oem-toyota-corolla-water_pump.html",1,OEM:16100-29146:Toyota,טויוטה:COROLLA:2003:2007:1.8 (1ZZ/2ZZ)
161A0-39035,משאבת מים — טויוטה COROLLA,ENGINE WATER PUMP ASSEMBLY,Toyota,קירור,,water_pump,"מק""ט מקורי, רמת דגם. מקור: toyotapartsdeal.com. https://www.toyotapartsdeal.com/oem-toyota-corolla-water_pump.html",1,OEM:161A0-39035:Toyota,טויוטה:COROLLA:2020:2024:1.8 / 2.0 (חשמלית)
16100-09560,משאבת מים — טויוטה COROLLA,ENGINE WATER PUMP ASSEMBLY,Toyota,קירור,,water_pump,"מק""ט מקורי, רמת דגם. מקור: toyotapartsdeal.com. https://www.toyotapartsdeal.com/oem-toyota-corolla-water_pump.html",1,OEM:16100-09560:Toyota,טויוטה:COROLLA:2009:2019:1.8 / 2.4
16100-29415,משאבת מים — טויוטה COROLLA,ENGINE WATER PUMP ASSEMBLY,Toyota,קירור,,water_pump,"מק""ט מקורי, רמת דגם. מקור: toyotapartsdeal.com. https://www.toyotapartsdeal.com/oem-toyota-corolla-water_pump.html",1,OEM:16100-29415:Toyota,טויוטה:COROLLA:2004:2008:1.8 (1ZZ/2ZZ)
16100-09620,משאבת מים — טויוטה COROLLA,ENGINE WATER PUMP ASSEMBLY,Toyota,קירור,,water_pump,"מק""ט מקורי, רמת דגם. מקור: toyotapartsdeal.com. https://www.toyotapartsdeal.com/oem-toyota-corolla-water_pump.html",1,OEM:16100-09620:Toyota,טויוטה:COROLLA:2014:2024:1.8 / 2.0
16100-39565,משאבת מים — טויוטה COROLLA,ENGINE WATER PUMP ASSEMBLY,Toyota,קירור,,water_pump,"מק""ט מקורי, רמת דגם. מקור: toyotapartsdeal.com. https://www.toyotapartsdeal.com/oem-toyota-corolla-water_pump.html",1,OEM:16100-39565:Toyota,טויוטה:COROLLA:2014:2024:1.8 / 2.0
16100-29175,משאבת מים — טויוטה COROLLA,ENGINE WATER PUMP ASSEMBLY,Toyota,קירור,,water_pump,"מק""ט מקורי, רמת דגם. מקור: toyotapartsdeal.com. https://www.toyotapartsdeal.com/oem-toyota-corolla-water_pump.html",1,OEM:16100-29175:Toyota,טויוטה:COROLLA:2003:2005:1.8 (1ZZ/2ZZ)
G9040-47040,משאבת מים — טויוטה COROLLA,ENGINE WATER PUMP ASSEMBLY,Toyota,קירור,,water_pump,"מק""ט מקורי, רמת דגם. מקור: toyotapartsdeal.com. https://www.toyotapartsdeal.com/oem-toyota-corolla-water_pump.html",1,OEM:G9040-47040:Toyota,טויוטה:COROLLA:2020:2024:1.8 / 2.0
16100-29095,משאבת מים — טויוטה COROLLA,ENGINE WATER PUMP ASSEMBLY,Toyota,קירור,,water_pump,"מק""ט מקורי, רמת דגם. מקור: toyotapartsdeal.com. https://www.toyotapartsdeal.com/oem-toyota-corolla-water_pump.html",1,OEM:16100-29095:Toyota,טויוטה:COROLLA:1998:1999:1.8 (1ZZ)
16100-29145,משאבת מים — טויוטה COROLLA,ENGINE WATER PUMP ASSEMBLY,Toyota,קירור,,water_pump,"מק""ט מקורי, רמת דגם. מקור: toyotapartsdeal.com. https://www.toyotapartsdeal.com/oem-toyota-corolla-water_pump.html",1,OEM:16100-29145:Toyota,טויוטה:COROLLA:2003:2006:1.8 (1ZZ/2ZZ)
16100-09080,משאבת מים — טויוטה COROLLA,ENGINE WATER PUMP ASSEMBLY,Toyota,קירור,,water_pump,"מק""ט מקורי, רמת דגם. מקור: toyotapartsdeal.com. https://www.toyotapartsdeal.com/oem-toyota-corolla-water_pump.html",1,OEM:16100-09080:Toyota,טויוטה:COROLLA:1998:2002:1.8 (1ZZ)
58302-J9A00,רפידות בלם אחוריות — יונדאי KONA,"DISC BRAKE PAD KIT, REAR",Hyundai,בלמים,,brake_pads_rear,"מק""ט מקורי, רמת דגם. מקור: hyundaipartsdeal.com. https://www.hyundaipartsdeal.com/oem-hyundai-kona-brake_pad_set.html",1,OEM:58302-J9A00:Hyundai,יונדאי:KONA:2018:2023:MPI / TCI-GDI
58101-J9A00,רפידות בלם קדמיות — יונדאי KONA,"DISC BRAKE PAD KIT, FRONT",Hyundai,בלמים,,brake_pads_front,"מק""ט מקורי, רמת דגם. מקור: hyundaipartsdeal.com. https://www.hyundaipartsdeal.com/oem-hyundai-kona-brake_pad_set.html",1,OEM:58101-J9A00:Hyundai,יונדאי:KONA:2018:2021:MPI / TCI-GDI
58101-J9A10,רפידות בלם קדמיות — יונדאי KONA,"DISC BRAKE PAD KIT, FRONT",Hyundai,בלמים,,brake_pads_front,"מק""ט מקורי, רמת דגם. מקור: hyundaipartsdeal.com. https://www.hyundaipartsdeal.com/oem-hyundai-kona-brake_pad_set.html",1,OEM:58101-J9A10:Hyundai,יונדאי:KONA:2018:2021:MPI / TCI-GDI
58302-J9A30,רפידות בלם אחוריות — יונדאי KONA,"DISC BRAKE PAD KIT, REAR",Hyundai,בלמים,,brake_pads_rear,"מק""ט מקורי, רמת דגם. מקור: hyundaipartsdeal.com. https://www.hyundaipartsdeal.com/oem-hyundai-kona-brake_pad_set.html",1,OEM:58302-J9A30:Hyundai,יונדאי:KONA:2022:2023:MPI / TCI-GDI
58101-J9A15,רפידות בלם קדמיות — יונדאי KONA,"DISC BRAKE PAD KIT, FRONT",Hyundai,בלמים,,brake_pads_front,"מק""ט מקורי, רמת דגם. מקור: hyundaipartsdeal.com. https://www.hyundaipartsdeal.com/oem-hyundai-kona-brake_pad_set.html",1,OEM:58101-J9A15:Hyundai,יונדאי:KONA:2018:2023:MPI / TCI-GDI
58101-BEA00,רפידות בלם קדמיות — יונדאי KONA,"DISC BRAKE PAD KIT, FRONT",Hyundai,בלמים,,brake_pads_front,"מק""ט מקורי, רמת דגם. מקור: hyundaipartsdeal.com. https://www.hyundaipartsdeal.com/oem-hyundai-kona-brake_pad_set.html",1,OEM:58101-BEA00:Hyundai,יונדאי:KONA:2024:2026:MPI / TCI-GDI
58302-BEA00,רפידות בלם אחוריות — יונדאי KONA,"DISC BRAKE PAD KIT, REAR",Hyundai,בלמים,,brake_pads_rear,"מק""ט מקורי, רמת דגם. מקור: hyundaipartsdeal.com. https://www.hyundaipartsdeal.com/oem-hyundai-kona-brake_pad_set.html",1,OEM:58302-BEA00:Hyundai,יונדאי:KONA:2024:2026:MPI / TCI-GDI
58302-G2A50,רפידות בלם אחוריות — קיה NIRO,"DISC BRAKE PAD KIT, REAR",Kia,בלמים,,brake_pads_rear,"מק""ט מקורי, רמת דגם. מקור: kiapartsnow.com. https://www.kiapartsnow.com/oem-kia-niro-brake_pad_set.html",1,OEM:58302-G2A50:Kia,קיה:NIRO:2017:2022:1.6 Kappa
58302-ATA00,רפידות בלם אחוריות — קיה NIRO,"DISC BRAKE PAD KIT, REAR",Kia,בלמים,,brake_pads_rear,"מק""ט מקורי, רמת דגם. מקור: kiapartsnow.com. https://www.kiapartsnow.com/oem-kia-niro-brake_pad_set.html",1,OEM:58302-ATA00:Kia,קיה:NIRO:2023:2026:1.6 Kappa PE
58101-ATA00,רפידות בלם קדמיות — קיה NIRO,"DISC BRAKE PAD KIT, FRONT",Kia,בלמים,,brake_pads_front,"מק""ט מקורי, רמת דגם. מקור: kiapartsnow.com. https://www.kiapartsnow.com/oem-kia-niro-brake_pad_set.html",1,OEM:58101-ATA00:Kia,קיה:NIRO:2023:2026:1.6 Kappa PE
58302-G2A70,רפידות בלם אחוריות — קיה NIRO,"DISC BRAKE PAD KIT, REAR",Kia,בלמים,,brake_pads_rear,"מק""ט מקורי, רמת דגם. מקור: kiapartsnow.com. https://www.kiapartsnow.com/oem-kia-niro-brake_pad_set.html",1,OEM:58302-G2A70:Kia,קיה:NIRO:2020:2022:1.6 Kappa
17801-F0050,מסנן אוויר — טויוטה RAV4,AIR CLEANER FILTER ELEMENT SUB-ASSY,Toyota,מנוע / סינון,,air_filter,"מק""ט מקורי, רמת דגם. מקור: toyotapartsdeal.com. https://www.toyotapartsdeal.com/oem-toyota-rav4-air_filter.html",1,OEM:17801-F0050:Toyota,טויוטה:RAV4:2019:2024:2.5
17801-0V020,מסנן אוויר — טויוטה RAV4,AIR CLEANER FILTER ELEMENT SUB-ASSY,Toyota,מנוע / סינון,,air_filter,"מק""ט מקורי, רמת דגם. מקור: toyotapartsdeal.com. https://www.toyotapartsdeal.com/oem-toyota-rav4-air_filter.html",1,OEM:17801-0V020:Toyota,טויוטה:RAV4:2013:2018:2.5
17801-37021,מסנן אוויר — טויוטה RAV4,AIR CLEANER FILTER ELEMENT SUB-ASSY,Toyota,מנוע / סינון,,air_filter,"מק""ט מקורי, רמת דגם. מקור: toyotapartsdeal.com. https://www.toyotapartsdeal.com/oem-toyota-rav4-air_filter.html",1,OEM:17801-37021:Toyota,טויוטה:RAV4:2015:2018:2.5
17801-31120,מסנן אוויר — טויוטה RAV4,AIR CLEANER FILTER ELEMENT SUB-ASSY,Toyota,מנוע / סינון,,air_filter,"מק""ט מקורי, רמת דגם. מקור: toyotapartsdeal.com. https://www.toyotapartsdeal.com/oem-toyota-rav4-air_filter.html",1,OEM:17801-31120:Toyota,טויוטה:RAV4:2006:2012:2.4 / 2.5 / 3.5
90919-01275,מצת — טויוטה COROLLA,SPARK PLUG,Toyota,הצתה,,spark_plug,"מק""ט מקורי, רמת דגם. מקור: toyotapartsdeal.com. https://www.toyotapartsdeal.com/oem-toyota-corolla-spark_plug.html",1,OEM:90919-01275:Toyota,טויוטה:COROLLA:2009:2019:1.8 / 2.4
90080-91180,מצת — טויוטה COROLLA,SPARK PLUG,Toyota,הצתה,,spark_plug,"מק""ט מקורי, רמת דגם. מקור: toyotapartsdeal.com. https://www.toyotapartsdeal.com/oem-toyota-corolla-spark_plug.html",1,OEM:90080-91180:Toyota,טויוטה:COROLLA:2003:2013:1.8 / 2.4
90919-01192,מצת — טויוטה COROLLA,SPARK PLUG,Toyota,הצתה,,spark_plug,"מק""ט מקורי, רמת דגם. מקור: toyotapartsdeal.com. https://www.toyotapartsdeal.com/oem-toyota-corolla-spark_plug.html",1,OEM:90919-01192:Toyota,טויוטה:COROLLA:1998:2000:1.8
90919-01210,מצת — טויוטה COROLLA,SPARK PLUG,Toyota,הצתה,,spark_plug,"מק""ט מקורי, רמת דגם. מקור: toyotapartsdeal.com. https://www.toyotapartsdeal.com/oem-toyota-corolla-spark_plug.html",1,OEM:90919-01210:Toyota,טויוטה:COROLLA:2003:2004:1.8
90919-01240,מצת — טויוטה COROLLA,SPARK PLUG,Toyota,הצתה,,spark_plug,"מק""ט מקורי, רמת דגם. מקור: toyotapartsdeal.com. https://www.toyotapartsdeal.com/oem-toyota-corolla-spark_plug.html",1,OEM:90919-01240:Toyota,טויוטה:COROLLA:2003:2013:1.8 / 2.4
90080-91184,מצת — טויוטה COROLLA,SPARK PLUG,Toyota,הצתה,,spark_plug,"מק""ט מקורי, רמת דגם. מקור: toyotapartsdeal.com. https://www.toyotapartsdeal.com/oem-toyota-corolla-spark_plug.html",1,OEM:90080-91184:Toyota,טויוטה:COROLLA:1999:2013:1.8
90919-01237,מצת — טויוטה COROLLA,SPARK PLUG,Toyota,הצתה,,spark_plug,"מק""ט מקורי, רמת דגם. מקור: toyotapartsdeal.com. https://www.toyotapartsdeal.com/oem-toyota-corolla-spark_plug.html",1,OEM:90919-01237:Toyota,טויוטה:COROLLA:2003:2013:1.8
90919-01298,מצת — טויוטה COROLLA,SPARK PLUG,Toyota,הצתה,,spark_plug,"מק""ט מקורי, רמת דגם. מקור: toyotapartsdeal.com. https://www.toyotapartsdeal.com/oem-toyota-corolla-spark_plug.html",1,OEM:90919-01298:Toyota,טויוטה:COROLLA:2020:2024:1.8 / 2.0
90919-01217,מצת — טויוטה COROLLA,SPARK PLUG,Toyota,הצתה,,spark_plug,"מק""ט מקורי, רמת דגם. מקור: toyotapartsdeal.com. https://www.toyotapartsdeal.com/oem-toyota-corolla-spark_plug.html",1,OEM:90919-01217:Toyota,טויוטה:COROLLA:1999:2008:1.8
90919-A1005,מצת — טויוטה COROLLA,SPARK PLUG,Toyota,הצתה,,spark_plug,"מק""ט מקורי, רמת דגם. מקור: toyotapartsdeal.com. https://www.toyotapartsdeal.com/oem-toyota-corolla-spark_plug.html",1,OEM:90919-A1005:Toyota,טויוטה:COROLLA:2020:2024:1.8 / 2.0
90919-01211,מצת — טויוטה COROLLA,SPARK PLUG,Toyota,הצתה,,spark_plug,"מק""ט מקורי, רמת דגם. מקור: toyotapartsdeal.com. https://www.toyotapartsdeal.com/oem-toyota-corolla-spark_plug.html",1,OEM:90919-01211:Toyota,טויוטה:COROLLA:2003:2004:1.8
55300-3X200,בולם זעזועים אחורי — יונדאי ELANTRA,REAR SHOCK ABSORBER ASSEMBLY,Hyundai,מתלים,,shock_absorber_rear,"מק""ט מקורי, רמת דגם. מקור: hyundaipartsdeal.com. https://www.hyundaipartsdeal.com/oem-hyundai-elantra-shock_absorber.html",1,OEM:55300-3X200:Hyundai,יונדאי:ELANTRA:2011:2013:GDI / MPI
54651-F2700,בולם זעזועים קדמי — יונדאי ELANTRA,"FRONT STRUT ASSEMBLY, LEFT",Hyundai,מתלים,שמאל,shock_absorber_front,"מק""ט מקורי, רמת דגם. מקור: hyundaipartsdeal.com. https://www.hyundaipartsdeal.com/oem-hyundai-elantra-shock_absorber.html",1,OEM:54651-F2700:Hyundai,יונדאי:ELANTRA:2016:2018:MPI
54651-3Y150,בולם זעזועים קדמי — יונדאי ELANTRA,"FRONT STRUT ASSEMBLY, LEFT",Hyundai,מתלים,שמאל,shock_absorber_front,"מק""ט מקורי, רמת דגם. מקור: hyundaipartsdeal.com. https://www.hyundaipartsdeal.com/oem-hyundai-elantra-shock_absorber.html",1,OEM:54651-3Y150:Hyundai,יונדאי:ELANTRA:2011:2013:MPI
54651-F3700,בולם זעזועים קדמי — יונדאי ELANTRA,"FRONT STRUT ASSEMBLY, LEFT",Hyundai,מתלים,שמאל,shock_absorber_front,"מק""ט מקורי, רמת דגם. מקור: hyundaipartsdeal.com. https://www.hyundaipartsdeal.com/oem-hyundai-elantra-shock_absorber.html",1,OEM:54651-F3700:Hyundai,יונדאי:ELANTRA:2016:2018:MPI / TCI-GDI
54651-F3800,בולם זעזועים קדמי — יונדאי ELANTRA,"FRONT STRUT ASSEMBLY, LEFT",Hyundai,מתלים,שמאל,shock_absorber_front,"מק""ט מקורי, רמת דגם. מקור: hyundaipartsdeal.com. https://www.hyundaipartsdeal.com/oem-hyundai-elantra-shock_absorber.html",1,OEM:54651-F3800:Hyundai,יונדאי:ELANTRA:2016:2020:MPI / TCI-GDI
54661-3Y151,בולם זעזועים קדמי — יונדאי ELANTRA,"FRONT STRUT ASSEMBLY, RIGHT",Hyundai,מתלים,ימין,shock_absorber_front,"מק""ט מקורי, רמת דגם. מקור: hyundaipartsdeal.com. https://www.hyundaipartsdeal.com/oem-hyundai-elantra-shock_absorber.html",1,OEM:54661-3Y151:Hyundai,יונדאי:ELANTRA:2011:2013:MPI
55310-F2710,בולם זעזועים אחורי — יונדאי ELANTRA,REAR SHOCK ABSORBER ASSEMBLY,Hyundai,מתלים,,shock_absorber_rear,"מק""ט מקורי, רמת דגם. מקור: hyundaipartsdeal.com. https://www.hyundaipartsdeal.com/oem-hyundai-elantra-shock_absorber.html",1,OEM:55310-F2710:Hyundai,יונדאי:ELANTRA:2016:2020:MPI / TCI-GDI
54661-F2700,בולם זעזועים קדמי — יונדאי ELANTRA,"FRONT STRUT ASSEMBLY, RIGHT",Hyundai,מתלים,ימין,shock_absorber_front,"מק""ט מקורי, רמת דגם. מקור: hyundaipartsdeal.com. https://www.hyundaipartsdeal.com/oem-hyundai-elantra-shock_absorber.html",1,OEM:54661-F2700:Hyundai,יונדאי:ELANTRA:2016:2018:MPI
54651-3Y151,בולם זעזועים קדמי — יונדאי ELANTRA,"FRONT STRUT ASSEMBLY, LEFT",Hyundai,מתלים,שמאל,shock_absorber_front,"מק""ט מקורי, רמת דגם. מקור: hyundaipartsdeal.com. https://www.hyundaipartsdeal.com/oem-hyundai-elantra-shock_absorber.html",1,OEM:54651-3Y151:Hyundai,יונדאי:ELANTRA:2011:2013:MPI
54661-3Y150,בולם זעזועים קדמי — יונדאי ELANTRA,"FRONT STRUT ASSEMBLY, RIGHT",Hyundai,מתלים,ימין,shock_absorber_front,"מק""ט מקורי, רמת דגם. מקור: hyundaipartsdeal.com. https://www.hyundaipartsdeal.com/oem-hyundai-elantra-shock_absorber.html",1,OEM:54661-3Y150:Hyundai,יונדאי:ELANTRA:2011:2013:MPI / GDI
55300-3X210,בולם זעזועים אחורי — יונדאי ELANTRA,REAR SHOCK ABSORBER ASSEMBLY,Hyundai,מתלים,,shock_absorber_rear,"מק""ט מקורי, רמת דגם. מקור: hyundaipartsdeal.com. https://www.hyundaipartsdeal.com/oem-hyundai-elantra-shock_absorber.html",1,OEM:55300-3X210:Hyundai,יונדאי:ELANTRA:2014:2015:GDI / MPI
54661-F3700,בולם זעזועים קדמי — יונדאי ELANTRA,"FRONT STRUT ASSEMBLY, RIGHT",Hyundai,מתלים,ימין,shock_absorber_front,"מק""ט מקורי, רמת דגם. מקור: hyundaipartsdeal.com. https://www.hyundaipartsdeal.com/oem-hyundai-elantra-shock_absorber.html",1,OEM:54661-F3700:Hyundai,יונדאי:ELANTRA:2016:2018:MPI / TCI-GDI
55310-F2700,בולם זעזועים אחורי — יונדאי ELANTRA,REAR SHOCK ABSORBER ASSEMBLY,Hyundai,מתלים,,shock_absorber_rear,"מק""ט מקורי, רמת דגם. מקור: hyundaipartsdeal.com. https://www.hyundaipartsdeal.com/oem-hyundai-elantra-shock_absorber.html",1,OEM:55310-F2700:Hyundai,יונדאי:ELANTRA:2016:2018:MPI / TCI-GDI
54651-F2710,בולם זעזועים קדמי — יונדאי ELANTRA,"FRONT STRUT ASSEMBLY, LEFT",Hyundai,מתלים,שמאל,shock_absorber_front,"מק""ט מקורי, רמת דגם. מקור: hyundaipartsdeal.com. https://www.hyundaipartsdeal.com/oem-hyundai-elantra-shock_absorber.html",1,OEM:54651-F2710:Hyundai,יונדאי:ELANTRA:2016:2018:MPI
54651-3X140,בולם זעזועים קדמי — יונדאי ELANTRA,"FRONT STRUT ASSEMBLY, LEFT",Hyundai,מתלים,שמאל,shock_absorber_front,"מק""ט מקורי, רמת דגם. מקור: hyundaipartsdeal.com. https://www.hyundaipartsdeal.com/oem-hyundai-elantra-shock_absorber.html",1,OEM:54651-3X140:Hyundai,יונדאי:ELANTRA:2014:2015:GDI / MPI
54661-3X140,בולם זעזועים קדמי — יונדאי ELANTRA,"FRONT STRUT ASSEMBLY, RIGHT",Hyundai,מתלים,ימין,shock_absorber_front,"מק""ט מקורי, רמת דגם. מקור: hyundaipartsdeal.com. https://www.hyundaipartsdeal.com/oem-hyundai-elantra-shock_absorber.html",1,OEM:54661-3X140:Hyundai,יונדאי:ELANTRA:2014:2015:GDI / MPI
54661-3X150,בולם זעזועים קדמי — יונדאי ELANTRA,"FRONT STRUT ASSEMBLY, RIGHT",Hyundai,מתלים,ימין,shock_absorber_front,"מק""ט מקורי, רמת דגם. מקור: hyundaipartsdeal.com. https://www.hyundaipartsdeal.com/oem-hyundai-elantra-shock_absorber.html",1,OEM:54661-3X150:Hyundai,יונדאי:ELANTRA:2011:2013:GDI / MPI
54651-3X151,בולם זעזועים קדמי — יונדאי ELANTRA,"FRONT STRUT ASSEMBLY, LEFT",Hyundai,מתלים,שמאל,shock_absorber_front,"מק""ט מקורי, רמת דגם. מקור: hyundaipartsdeal.com. https://www.hyundaipartsdeal.com/oem-hyundai-elantra-shock_absorber.html",1,OEM:54651-3X151:Hyundai,יונדאי:ELANTRA:2011:2013:GDI / MPI
54651-F2CA0,בולם זעזועים קדמי — יונדאי ELANTRA,"FRONT STRUT ASSEMBLY, LEFT",Hyundai,מתלים,שמאל,shock_absorber_front,"מק""ט מקורי, רמת דגם. מקור: hyundaipartsdeal.com. https://www.hyundaipartsdeal.com/oem-hyundai-elantra-shock_absorber.html",1,OEM:54651-F2CA0:Hyundai,יונדאי:ELANTRA:2016:2018:TCI-GDI
54651-F2060,בולם זעזועים קדמי — יונדאי ELANTRA,"FRONT STRUT ASSEMBLY, RIGHT",Hyundai,מתלים,ימין,shock_absorber_front,"מק""ט מקורי, רמת דגם. מקור: hyundaipartsdeal.com. https://www.hyundaipartsdeal.com/oem-hyundai-elantra-shock_absorber.html",1,OEM:54651-F2060:Hyundai,יונדאי:ELANTRA:2019:2020:MPI
28113-A5800,מסנן אוויר — קיה FORTE / CERATO,AIR CLEANER FILTER,Kia,מנוע / סינון,,air_filter,"מק""ט מקורי, רמת דגם. מקור: kiapartsnow.com. https://www.kiapartsnow.com/oem-kia-forte-air_filter.html",1,OEM:28113-A5800:Kia,קיה:FORTE / CERATO:2014:2018:1.6 Gamma
