part_number,name_he,name_en,description,manufacturer,category,barcode,price,cost,currency,vat_included,stock_qty,min_stock,location,weight_kg,dimensions,warranty_months,side,part_type,image_url,notes,is_active,cross_refs,fitments
H90W23,מסנן שמן 5008 / AYGO,,,HENGST FILTER,מסננים,,4.99,,EUR,1,,,,,,,,oil_filter,,מקור: קטלוג מקוון לא רשמי (AUTODOC). לא לשימוש מסחרי.,1,,פיג'ו:5008:2016:2026; טויוטה:AYGO:2014:2022
32223,מסנן שמן 5008 / AYGO,,,FEBI BILSTEIN,מסננים,,5.29,,EUR,1,,,,,,,,oil_filter,,מקור: קטלוג מקוון לא רשמי (AUTODOC). לא לשימוש מסחרי.,1,OEM:1109.AL:Peugeot,פיג'ו:5008:2016:2026; פיג'ו:208:2012:2019; טויוטה:AYGO:2014:2022
32103,מסנן שמן 5008,,,FEBI BILSTEIN,מסננים,,4.99,,EUR,1,,,,,,,,oil_filter,,מקור: קטלוג מקוון לא רשמי (AUTODOC). לא לשימוש מסחרי.,1,OEM:98 189 149 80:Peugeot,פיג'ו:5008:2016:2026
FO-210S,מסנן שמן COROLLA / C-HR / RAV4 / PRIUS,,,JAPANPARTS,מסננים,,6.99,,EUR,1,,,,,,,,oil_filter,,מקור: קטלוג מקוון לא רשמי (AUTODOC). לא לשימוש מסחרי.,1,OEM:9091510009:Toyota,טויוטה:COROLLA:2013:2019:1ZR-FAE; טויוטה:C-HR:2016:2026; טויוטה:COROLLA:2019:2026; טויוטה:RAV4:2013:2018; טויוטה:PRIUS:2015:2022
10-ECO051,מסנן שמן COROLLA,,,ASHIKA,מסננים,,4.99,,EUR,1,,,,,,,,oil_filter,,מקור: קטלוג מקוון לא רשמי (AUTODOC). לא לשימוש מסחרי.,1,OEM:0415237010:Toyota,טויוטה:COROLLA:2013:2019:1ZR-FAE
27149,מסנן שמן COROLLA / C-HR / CAMRY,,,FEBI BILSTEIN,מסננים,,6.59,,EUR,1,,,,,,,,oil_filter,,מקור: קטלוג מקוון לא רשמי (AUTODOC). לא לשימוש מסחרי.,1,OEM:90915-YZZJ1:Toyota,טויוטה:COROLLA:2016:2019:1ZR-FAE; טויוטה:RAV4:2018:2026; טויוטה:C-HR:2016:2026; טויוטה:COROLLA:2019:2026; טויוטה:CAMRY:2018:2026
F113501,מסנן שמן YARIS,,,KAMOKA,מסננים,,5.99,,EUR,1,,,,,,,,oil_filter,,מקור: קטלוג מקוון לא רשמי (AUTODOC). לא לשימוש מסחרי.,1,OEM:1109AE:Toyota,טויוטה:YARIS::
OC 204,מסנן שמן YARIS,,,MAHLE,מסננים,,8.99,,EUR,1,,,,,,,,oil_filter,,מקור: קטלוג מקוון לא רשמי (AUTODOC). לא לשימוש מסחרי.,1,,טויוטה:YARIS::
OC 217,מסנן שמן YARIS,,,MAHLE,מסננים,,8.29,,EUR,1,,,,,,,,oil_filter,,מקור: קטלוג מקוון לא רשמי (AUTODOC). לא לשימוש מסחרי.,1,,טויוטה:YARIS::
FO-316S,מסנן שמן SPORTAGE / i20,,,JAPANPARTS,מסננים,,7.99,,EUR,1,,,,,,,,oil_filter,,מקור: קטלוג מקוון לא רשמי (AUTODOC). לא לשימוש מסחרי.,1,OEM:2630002752:Kia,קיה:SPORTAGE::; יונדאי:i20::
OC 115,מסנן שמן SPORTAGE,,,MAHLE,מסננים,,7.29,,EUR,1,,,,,,,,oil_filter,,מקור: קטלוג מקוון לא רשמי (AUTODOC). לא לשימוש מסחרי.,1,,קיה:SPORTAGE::
OC 275,מסנן שמן PICANTO,,,MAHLE,מסננים,,12.99,,EUR,1,,,,,,,,oil_filter,,מקור: קטלוג מקוון לא רשמי (AUTODOC). לא לשימוש מסחרי.,1,,קיה:PICANTO::
W 67/1,מסנן שמן PICANTO / QASHQAI / CLIO,,,MANN-FILTER,מסננים,,8.29,,EUR,1,,,,,,,,oil_filter,,מקור: קטלוג מקוון לא רשמי (AUTODOC). לא לשימוש מסחרי.,1,,קיה:PICANTO::; ניסאן:QASHQAI::; רנו:CLIO::
OC 205,מסנן שמן TUCSON,,,MAHLE,מסננים,,6.99,,EUR,1,,,,,,,,oil_filter,,מקור: קטלוג מקוון לא רשמי (AUTODOC). לא לשימוש מסחרי.,1,,יונדאי:TUCSON::
OC 1673,מסנן שמן TUCSON / SPORTAGE / NIRO / SOUL,,,MAHLE,מסננים,,7.99,,EUR,1,,,,,,,,oil_filter,,מקור: קטלוג מקוון לא רשמי (AUTODOC). לא לשימוש מסחרי.,1,,יונדאי:TUCSON::; קיה:SPORTAGE:2015:2022; קיה:NIRO:2016:2022; קיה:SOUL:2019:2026; קיה:CARENS:2013:2019
OC 47,מסנן שמן i20,,,MAHLE,מסננים,,5.99,,EUR,1,,,,,,,,oil_filter,,מקור: קטלוג מקוון לא רשמי (AUTODOC). לא לשימוש מסחרי.,1,,יונדאי:i20::
OC 1063,מסנן שמן 3,,,MAHLE,מסננים,,8.99,,EUR,1,,,,,,,,oil_filter,,מקור: קטלוג מקוון לא רשמי (AUTODOC). לא לשימוש מסחרי.,1,,מאזדה:MAZDA 3::
OC 1566,מסנן שמן 3 / RIO / CEED / CX-3,,,MAHLE,מסננים,,8.29,,EUR,1,,,,,,,,oil_filter,,מקור: קטלוג מקוון לא רשמי (AUTODOC). לא לשימוש מסחרי.,1,,מאזדה:MAZDA 3::; קיה:RIO:2017:2026; קיה:CEED:2018:2026; מאזדה:CX-3:2015:2026; מאזדה:MAZDA 2:2014:2026; קיה:STONIC:2017:2026
OC 295,מסנן שמן OCTAVIA,,,MAHLE,מסננים,,7.29,,EUR,1,,,,,,,,oil_filter,,מקור: קטלוג מקוון לא רשמי (AUTODOC). לא לשימוש מסחרי.,1,,סקודה:OCTAVIA::
W 712/95,מסנן שמן OCTAVIA,,,MANN-FILTER,מסננים,,9.59,,EUR,1,,,,,,,,oil_filter,,מקור: קטלוג מקוון לא רשמי (AUTODOC). לא לשימוש מסחרי.,1,,סקודה:OCTAVIA::
W 719/30,מסנן שמן OCTAVIA,,,MANN-FILTER,מסננים,,10.49,,EUR,1,,,,,,,,oil_filter,,מקור: קטלוג מקוון לא רשמי (AUTODOC). לא לשימוש מסחרי.,1,,סקודה:OCTAVIA::
W 75/3,מסנן שמן QASHQAI,,,MANN-FILTER,מסננים,,7.29,,EUR,1,,,,,,,,oil_filter,,מקור: קטלוג מקוון לא רשמי (AUTODOC). לא לשימוש מסחרי.,1,,ניסאן:QASHQAI::
W 79,מסנן שמן QASHQAI,,,MANN-FILTER,מסננים,,7.99,,EUR,1,,,,,,,,oil_filter,,מקור: קטלוג מקוון לא רשמי (AUTODOC). לא לשימוש מסחרי.,1,,ניסאן:QASHQAI::
OC 976,מסנן שמן CLIO / AYGO,,,MAHLE,מסננים,,7.29,,EUR,1,,,,,,,,oil_filter,,מקור: קטלוג מקוון לא רשמי (AUTODOC). לא לשימוש מסחרי.,1,,רנו:CLIO::; טויוטה:AYGO:2014:2022
C 29 110,מסנן אוויר 5008,,,MANN-FILTER,מסננים,,16.49,,EUR,1,,,,,,,,air_filter,,מקור: קטלוג מקוון לא רשמי (AUTODOC). לא לשימוש מסחרי.,1,,פיג'ו:5008::
LX 804/S,מסנן אוויר 5008,,,MAHLE,מסננים,,26.49,,EUR,1,,,,,,,,air_filter,,מקור: קטלוג מקוון לא רשמי (AUTODOC). לא לשימוש מסחרי.,1,,פיג'ו:5008::
LX 2059,מסנן אוויר 5008,,,MAHLE,מסננים,,19.99,,EUR,1,,,,,,,,air_filter,,מקור: קטלוג מקוון לא רשמי (AUTODOC). לא לשימוש מסחרי.,1,,פיג'ו:5008::
LX 735,מסנן אוויר COROLLA,,,MAHLE,מסננים,,10.99,,EUR,1,,,,,,,,air_filter,,מקור: קטלוג מקוון לא רשמי (AUTODOC). לא לשימוש מסחרי.,1,,טויוטה:COROLLA::
LX 684,מסנן אוויר COROLLA,,,MAHLE,מסננים,,11.99,,EUR,1,,,,,,,,air_filter,,מקור: קטלוג מקוון לא רשמי (AUTODOC). לא לשימוש מסחרי.,1,,טויוטה:COROLLA::
LX 572,מסנן אוויר COROLLA,,,MAHLE,מסננים,,9.59,,EUR,1,,,,,,,,air_filter,,מקור: קטלוג מקוון לא רשמי (AUTODOC). לא לשימוש מסחרי.,1,,טויוטה:COROLLA::
FP 2939/1,מסנן מזגן OCTAVIA,,,MANN-FILTER,מסננים,,16.49,,EUR,1,,,,,,,,cabin_filter,,מקור: קטלוג מקוון לא רשמי (AUTODOC). לא לשימוש מסחרי.,1,,סקודה:OCTAVIA::
FP 2939,מסנן מזגן OCTAVIA,,,MANN-FILTER,מסננים,,18.49,,EUR,1,,,,,,,,cabin_filter,,מקור: קטלוג מקוון לא רשמי (AUTODOC). לא לשימוש מסחרי.,1,,סקודה:OCTAVIA::
LAK 181,מסנן מזגן OCTAVIA,,,MAHLE,מסננים,,13.49,,EUR,1,,,,,,,,cabin_filter,,מקור: קטלוג מקוון לא רשמי (AUTODOC). לא לשימוש מסחרי.,1,,סקודה:OCTAVIA::
LAO 490,מסנן מזגן COROLLA / RAV4,,,MAHLE,מסננים,,21.99,,EUR,1,,,,,,,,cabin_filter,,מקור: קטלוג מקוון לא רשמי (AUTODOC). לא לשימוש מסחרי.,1,,טויוטה:COROLLA::; טויוטה:YARIS:2012:2020; טויוטה:COROLLA:2013:2019; טויוטה:RAV4:2013:2018
DCF387K,מסנן מזגן COROLLA / PRIUS / CAMRY,,,DENSO,מסננים,,16.99,,EUR,1,,,,,,,,cabin_filter,,מקור: קטלוג מקוון לא רשמי (AUTODOC). לא לשימוש מסחרי.,1,OEM:87139-YZZ34:Toyota,טויוטה:COROLLA::; טויוטה:RAV4:2018:2026; טויוטה:C-HR:2016:2026; טויוטה:COROLLA:2019:2026; טויוטה:PRIUS:2015:2022; טויוטה:CAMRY:2018:2026
DCF469P,מסנן מזגן COROLLA,,,DENSO,מסננים,,6.29,,EUR,1,,,,,,,,cabin_filter,,מקור: קטלוג מקוון לא רשמי (AUTODOC). לא לשימוש מסחרי.,1,OEM:87139YZZ07:Toyota,טויוטה:COROLLA::
FP 22 032,מסנן מזגן COROLLA / RAV4 / MX-5,,,MANN-FILTER,מסננים,,35.49,,EUR,1,,,,,,,,cabin_filter,,מקור: קטלוג מקוון לא רשמי (AUTODOC). לא לשימוש מסחרי.,1,,טויוטה:COROLLA::; טויוטה:C-HR:2016:2026; טויוטה:RAV4:2018:2026; טויוטה:COROLLA:2019:2026; מאזדה:MX-5:2015:2026
FP 1919,מסנן מזגן COROLLA / YARIS / RAV4 / PRIUS,,,MANN-FILTER,מסננים,,34.49,,EUR,1,,,,,,,,cabin_filter,,מקור: קטלוג מקוון לא רשמי (AUTODOC). לא לשימוש מסחרי.,1,,טויוטה:COROLLA::; טויוטה:COROLLA:2013:2019; טויוטה:YARIS:2012:2020; טויוטה:RAV4:2013:2018; טויוטה:PRIUS:2015:2022
0 986 628 572,מסנן מזגן i20,,,BOSCH,מסננים,,19.99,,EUR,1,,,,,,,,cabin_filter,,מקור: קטלוג מקוון לא רשמי (AUTODOC). לא לשימוש מסחרי.,1,,יונדאי:i20::
LAK 129,מסנן מזגן i20,,,MAHLE,מסננים,,19.49,,EUR,1,,,,,,,,cabin_filter,,מקור: קטלוג מקוון לא רשמי (AUTODOC). לא לשימוש מסחרי.,1,,יונדאי:i20::
GDB2193,רפידות בלם קדמיות 5008,,,TRW,בלמים,,58.49,,EUR,1,,,,,,,,brake_pads_front,,מקור: קטלוג מקוון לא רשמי (AUTODOC). לא לשימוש מסחרי.,1,,פיג'ו:5008:2016:2026
3 397 014 490,מגב COROLLA,,,BOSCH,מגבים,,22.99,,EUR,1,,,,,,,,wiper_blade,,מקור: קטלוג מקוון לא רשמי (AUTODOC). לא לשימוש מסחרי.,1,,טויוטה:COROLLA::
3 397 007 570,מגב COROLLA,,,BOSCH,מגבים,,24.49,,EUR,1,,,,,,,,wiper_blade,,מקור: קטלוג מקוון לא רשמי (AUTODOC). לא לשימוש מסחרי.,1,,טויוטה:COROLLA::
3 397 118 911,מגב COROLLA / 3 / NIRO / RAV4,,,BOSCH,מגבים,,24.99,,EUR,1,,,,,,,,wiper_blade,,מקור: קטלוג מקוון לא רשמי (AUTODOC). לא לשימוש מסחרי.,1,,טויוטה:COROLLA::; מאזדה:MAZDA 3::; קיה:NIRO::; טויוטה:RAV4::
578519,מגב 5008,,,VALEO,מגבים,,16.49,,EUR,1,,,,,,,,wiper_blade,,מקור: קטלוג מקוון לא רשמי (AUTODOC). לא לשימוש מסחרי.,1,,פיג'ו:5008::
AD26FL660,מגב 5008,,,BLUE PRINT,מגבים,,11.49,,EUR,1,,,,,,,,wiper_blade,,מקור: קטלוג מקוון לא רשמי (AUTODOC). לא לשימוש מסחרי.,1,OEM:26FL660:,פיג'ו:5008::
3 397 007 501,מגב 5008,,,BOSCH,מגבים,,31.99,,EUR,1,,,,,,,,wiper_blade,,מקור: קטלוג מקוון לא רשמי (AUTODOC). לא לשימוש מסחרי.,1,,פיג'ו:5008::
119457,מגב 5008,,,SWF,מגבים,,35.49,,EUR,1,,,,,,,,wiper_blade,,מקור: קטלוג מקוון לא רשמי (AUTODOC). לא לשימוש מסחרי.,1,,פיג'ו:5008::
119272,מגב OCTAVIA,,,SWF,מגבים,,20.99,,EUR,1,,,,,,,,wiper_blade,,מקור: קטלוג מקוון לא רשמי (AUTODOC). לא לשימוש מסחרי.,1,,סקודה:OCTAVIA::
3 397 118 405,מגב OCTAVIA,,,BOSCH,מגבים,,14.99,,EUR,1,,,,,,,,wiper_blade,,מקור: קטלוג מקוון לא רשמי (AUTODOC). לא לשימוש מסחרי.,1,,סקודה:OCTAVIA::
2800011100280,מגב OCTAVIA,,,Continental,מגבים,,61.99,,EUR,1,,,,,,,,wiper_blade,,מקור: קטלוג מקוון לא רשמי (AUTODOC). לא לשימוש מסחרי.,1,,סקודה:OCTAVIA::
3 397 118 560,מגב SPORTAGE,,,BOSCH,מגבים,,15.49,,EUR,1,,,,,,,,wiper_blade,,מקור: קטלוג מקוון לא רשמי (AUTODOC). לא לשימוש מסחרי.,1,,קיה:SPORTAGE::
3 397 010 413,מגב SPORTAGE / i20,,,BOSCH,מגבים,,17.99,,EUR,1,,,,,,,,wiper_blade,,מקור: קטלוג מקוון לא רשמי (AUTODOC). לא לשימוש מסחרי.,1,,קיה:SPORTAGE::; יונדאי:i20::
3 397 118 907,מגב SPORTAGE,,,BOSCH,מגבים,,26.49,,EUR,1,,,,,,,,wiper_blade,,מקור: קטלוג מקוון לא רשמי (AUTODOC). לא לשימוש מסחרי.,1,,קיה:SPORTAGE::
3 397 118 304,מגב i20,,,BOSCH,מגבים,,16.49,,EUR,1,,,,,,,,wiper_blade,,מקור: קטלוג מקוון לא רשמי (AUTODOC). לא לשימוש מסחרי.,1,,יונדאי:i20::
3 397 014 158,מגב i20,,,BOSCH,מגבים,,23.49,,EUR,1,,,,,,,,wiper_blade,,מקור: קטלוג מקוון לא רשמי (AUTODOC). לא לשימוש מסחרי.,1,,יונדאי:i20::
3 397 014 421,מגב 3,,,BOSCH,מגבים,,22.99,,EUR,1,,,,,,,,wiper_blade,,מקור: קטלוג מקוון לא רשמי (AUTODOC). לא לשימוש מסחרי.,1,,מאזדה:MAZDA 3::
3 397 118 402,מגב 3,,,BOSCH,מגבים,,15.99,,EUR,1,,,,,,,,wiper_blade,,מקור: קטלוג מקוון לא רשמי (AUTODOC). לא לשימוש מסחרי.,1,,מאזדה:MAZDA 3::
KC 18,מסנן דלק COROLLA,,,MAHLE,מסננים,,7.29,,EUR,1,,,,,,,,fuel_filter,,מקור: קטלוג מקוון לא רשמי (AUTODOC). לא לשימוש מסחרי.,1,,טויוטה:COROLLA::
PP 905,מסנן דלק OCTAVIA,,,FILTRON,מסננים,,7.29,,EUR,1,,,,,,,,fuel_filter,,מקור: קטלוג מקוון לא רשמי (AUTODOC). לא לשימוש מסחרי.,1,,סקודה:OCTAVIA::
ADV182118,מסנן שמן GOLF,,,BLUE PRINT,מסננים,,5.99,,GBP,1,,,,,,,,oil_filter,,מקור: קטלוג מקוון לא רשמי (AUTODOC). לא לשימוש מסחרי.,1,OEM:04E 115 561 H:VW,פולקסווגן:GOLF:2012:2017
108330,מסנן שמן GOLF,,,FEBI BILSTEIN,מסננים,,8.29,,GBP,1,,,,,,,,oil_filter,,מקור: קטלוג מקוון לא רשמי (AUTODOC). לא לשימוש מסחרי.,1,OEM:04E 115 561 H:VW,פולקסווגן:GOLF:2012:2017
OC 977/1,מסנן שמן GOLF,,,MAHLE,מסננים,,12.49,,GBP,1,,,,,,,,oil_filter,,מקור: קטלוג מקוון לא רשמי (AUTODOC). לא לשימוש מסחרי.,1,,פולקסווגן:GOLF:2012:2017
715720,מסנן מזגן GOLF,,,VALEO,מסננים,,12.49,,GBP,1,,,,,,,,cabin_filter,,מקור: קטלוג מקוון לא רשמי (AUTODOC). לא לשימוש מסחרי.,1,,פולקסווגן:GOLF:2012:2017
701020,מסנן מזגן GOLF,,,VALEO,מסננים,,11.99,,GBP,1,,,,,,,,cabin_filter,,מקור: קטלוג מקוון לא רשמי (AUTODOC). לא לשימוש מסחרי.,1,,פולקסווגן:GOLF:2012:2017
SKIF-0170385,מסנן מזגן GOLF,,,STARK,מסננים,,6.29,,GBP,1,,,,,,,,cabin_filter,,מקור: קטלוג מקוון לא רשמי (AUTODOC). לא לשימוש מסחרי.,1,,פולקסווגן:GOLF:2012:2017
FO-410S,מסנן שמן CIVIC,,,JAPANPARTS,מסננים,,6.99,,GBP,1,,,,,,,,oil_filter,,מקור: קטלוג מקוון לא רשמי (AUTODOC). לא לשימוש מסחרי.,1,OEM:15400-PH1-F04:Honda,הונדה:CIVIC:2016:2022
OC 617,מסנן שמן CIVIC,,,MAHLE,מסננים,,6.29,,GBP,1,,,,,,,,oil_filter,,מקור: קטלוג מקוון לא רשמי (AUTODOC). לא לשימוש מסחרי.,1,,הונדה:CIVIC:2016:2022
W 610/6,מסנן שמן CIVIC,,,MANN-FILTER,מסננים,,10.49,,GBP,1,,,,,,,,oil_filter,,מקור: קטלוג מקוון לא רשמי (AUTODOC). לא לשימוש מסחרי.,1,,הונדה:CIVIC:2016:2022
50013109/3,מסנן שמן OUTLANDER,,,KOLBENSCHMIDT,מסננים,,3.29,,GBP,1,,,,,,,,oil_filter,,מקור: קטלוג מקוון לא רשמי (AUTODOC). לא לשימוש מסחרי.,1,,מיצובישי:OUTLANDER:2012:2021
LA 424,מסנן מזגן OUTLANDER,,,MAHLE,מסננים,,12.49,,GBP,1,,,,,,,,cabin_filter,,מקור: קטלוג מקוון לא רשמי (AUTODOC). לא לשימוש מסחרי.,1,,מיצובישי:OUTLANDER:2012:2021
LAK 436,מסנן מזגן OUTLANDER,,,MAHLE,מסננים,,15.99,,GBP,1,,,,,,,,cabin_filter,,מקור: קטלוג מקוון לא רשמי (AUTODOC). לא לשימוש מסחרי.,1,,מיצובישי:OUTLANDER:2012:2021
DCF466P,מסנן מזגן SWIFT,,,DENSO,מסננים,,7.59,,GBP,1,,,,,,,,cabin_filter,,מקור: קטלוג מקוון לא רשמי (AUTODOC). לא לשימוש מסחרי.,1,OEM:95860-62J00:Suzuki,סוזוקי:SWIFT:2010:2017
QFL0417,מסנן שמן RAV4,,,QUINTON HAZELL,מסננים,,6.59,,GBP,1,,,,,,,,oil_filter,,מקור: קטלוג מקוון לא רשמי (AUTODOC). לא לשימוש מסחרי.,1,,טויוטה:RAV4:2018:2026
26-2139,מסנן שמן RAV4,,,MAXGEAR,מסננים,,7.59,,GBP,1,,,,,,,,oil_filter,,מקור: קטלוג מקוון לא רשמי (AUTODOC). לא לשימוש מסחרי.,1,,טויוטה:RAV4:2018:2026
DCF386P,מסנן מזגן RAV4 / COROLLA / PRIUS / CAMRY,,,DENSO,מסננים,,8.29,,GBP,1,,,,,,,,cabin_filter,,מקור: קטלוג מקוון לא רשמי (AUTODOC). לא לשימוש מסחרי.,1,OEM:87139-YZZ33:Toyota,טויוטה:RAV4:2018:2026; טויוטה:C-HR:2016:2026; טויוטה:COROLLA:2019:2026; טויוטה:PRIUS:2015:2022; טויוטה:CAMRY:2018:2026
6080085,מסנן מזגן RAV4 / C-HR / COROLLA,,,KAMOKA,מסננים,,11.99,,GBP,1,,,,,,,,cabin_filter,,מקור: קטלוג מקוון לא רשמי (AUTODOC). לא לשימוש מסחרי.,1,,טויוטה:RAV4:2018:2026; טויוטה:C-HR:2016:2026; טויוטה:COROLLA:2019:2026
COF100110S,מסנן שמן SPORTAGE / NIRO / SOUL / CARENS,,,CHAMPION,מסננים,,4.29,,GBP,1,,,,,,,,oil_filter,,מקור: קטלוג מקוון לא רשמי (AUTODOC). לא לשימוש מסחרי.,1,,קיה:SPORTAGE:2015:2022; קיה:NIRO:2016:2022; קיה:SOUL:2019:2026; קיה:CARENS:2013:2019; קיה:SELTOS:2019:2026
23.583.00,מסנן שמן SPORTAGE,,,UFI,מסננים,,6.29,,GBP,1,,,,,,,,oil_filter,,מקור: קטלוג מקוון לא רשמי (AUTODOC). לא לשימוש מסחרי.,1,,קיה:SPORTAGE:2015:2022
OE 666/3,מסנן שמן QASHQAI,,,FILTRON,מסננים,,7.59,,GBP,1,,,,,,,,oil_filter,,מקור: קטלוג מקוון לא רשמי (AUTODOC). לא לשימוש מסחרי.,1,,ניסאן:QASHQAI:2013:2021
18685,מסנן אוויר TUCSON,,,MEAT & DORIA,מסננים,,10.99,,GBP,1,,,,,,,,air_filter,,מקור: קטלוג מקוון לא רשמי (AUTODOC). לא לשימוש מסחרי.,1,OEM:28113-D3300:Hyundai,יונדאי:TUCSON:2016:2020; קיה:SPORTAGE:2015:2022
153071762521,מסנן אוויר TUCSON,,,MAGNETI MARELLI,מסננים,,15.49,,GBP,1,,,,,,,,air_filter,,מקור: קטלוג מקוון לא רשמי (AUTODOC). לא לשימוש מסחרי.,1,,יונדאי:TUCSON:2016:2020
CA12065,מסנן אוויר TUCSON,,,FRAM,מסננים,,19.99,,GBP,1,,,,,,,,air_filter,,מקור: קטלוג מקוון לא רשמי (AUTODOC). לא לשימוש מסחרי.,1,,יונדאי:TUCSON:2016:2020
CU 24 009,מסנן מזגן MAZDA 3 / MAZDA 6,,,MANN-FILTER,מסננים,,14.49,,GBP,1,,,,,,,,cabin_filter,,מקור: קטלוג מקוון לא רשמי (AUTODOC). לא לשימוש מסחרי.,1,,מאזדה:MAZDA 3:2013:2019; מאזדה:CX-5:2017:2026; מאזדה:MAZDA 6:2012:2026
09.9772.11,"דיסק בלם קדמי OCTAVIA 312 מ""מ",,,BREMBO,בלמים,,57.49,,GBP,1,,,,,,,,brake_disc_front,,מקור: קטלוג מקוון לא רשמי (AUTODOC). לא לשימוש מסחרי.,1,,סקודה:OCTAVIA:2013:2020; פולקסווגן:GOLF:2012:2017
09.9145.11,"דיסק בלם קדמי OCTAVIA 288 מ""מ",,,BREMBO,בלמים,,45.99,,GBP,1,,,,,,,,brake_disc_front,,מקור: קטלוג מקוון לא רשמי (AUTODOC). לא לשימוש מסחרי.,1,,סקודה:OCTAVIA:2013:2020; פולקסווגן:GOLF:2012:2017
0 986 479 058,"דיסק בלם קדמי OCTAVIA 312 מ""מ",,,BOSCH,בלמים,,51.99,,GBP,1,,,,,,,,brake_disc_front,,מקור: קטלוג מקוון לא רשמי (AUTODOC). לא לשימוש מסחרי.,1,,סקודה:OCTAVIA:2013:2020
VKMC 01279-1,ערכת רצועת טיימינג עם משאבת מים OCTAVIA,,,SKF,מנוע,,123.99,,GBP,1,,,,,,,,timing_belt,,מקור: קטלוג מקוון לא רשמי (AUTODOC). לא לשימוש מסחרי.,1,OEM:04L 109 243 D:Skoda,סקודה:OCTAVIA:2017:2020
VKMC 01279,ערכת רצועת טיימינג עם משאבת מים OCTAVIA,,,SKF,מנוע,,178.99,,GBP,1,,,,,,,,timing_belt,,מקור: קטלוג מקוון לא רשמי (AUTODOC). לא לשימוש מסחרי.,1,OEM:04L 109 243 D:Skoda,סקודה:OCTAVIA:2017:2020
VKMC 01278,ערכת רצועת טיימינג עם משאבת מים OCTAVIA,,,SKF,מנוע,,166.99,,GBP,1,,,,,,,,timing_belt,,מקור: קטלוג מקוון לא רשמי (AUTODOC). לא לשימוש מסחרי.,1,OEM:04L 109 243 G:Skoda,סקודה:OCTAVIA:2013:2020
7100053,מצת COROLLA / YARIS / RAV4,,,KAMOKA,הצתה,,11.99,,GBP,1,,,,,,,,spark_plug,,מקור: קטלוג מקוון לא רשמי (AUTODOC). לא לשימוש מסחרי.,1,OEM:90919-01253:Toyota,טויוטה:COROLLA:2013:2019; טויוטה:YARIS:2012:2020; טויוטה:RAV4:2013:2018
176326,מסנן אוויר YARIS / C-HR / PRIUS,,,FEBI BILSTEIN,מסננים,,6.29,,GBP,1,,,,,,,,air_filter,,מקור: קטלוג מקוון לא רשמי (AUTODOC). לא לשימוש מסחרי.,1,OEM:17801-0M030:Toyota,טויוטה:YARIS:2012:2020; טויוטה:C-HR:2016:2026; טויוטה:PRIUS:2015:2022
FA-2009S,מסנן אוויר YARIS / C-HR / PRIUS,,,JAPANPARTS,מסננים,,8.29,,GBP,1,,,,,,,,air_filter,,מקור: קטלוג מקוון לא רשמי (AUTODOC). לא לשימוש מסחרי.,1,OEM:17801-0M040:Toyota,טויוטה:YARIS:2012:2020; טויוטה:C-HR:2016:2026; טויוטה:PRIUS:2015:2022
LX 3536,מסנן אוויר YARIS / C-HR / PRIUS,,,MAHLE,מסננים,,12.49,,GBP,1,,,,,,,,air_filter,,מקור: קטלוג מקוון לא רשמי (AUTODOC). לא לשימוש מסחרי.,1,,טויוטה:YARIS:2012:2020; טויוטה:C-HR:2016:2026; טויוטה:PRIUS:2015:2022
21-KI-KI25,מסנן מזגן PICANTO,,,ASHIKA,מסננים,,13.49,,GBP,1,,,,,,,,cabin_filter,,מקור: קטלוג מקוון לא רשמי (AUTODOC). לא לשימוש מסחרי.,1,OEM:97133-G6000:Kia,קיה:PICANTO:2017:2026
K 1420,מסנן מזגן PICANTO,,,FILTRON,מסננים,,9.59,,GBP,1,,,,,,,,cabin_filter,,מקור: קטלוג מקוון לא רשמי (AUTODOC). לא לשימוש מסחרי.,1,,קיה:PICANTO:2017:2026
K 1420A,מסנן מזגן PICANTO פחם פעיל,,,FILTRON,מסננים,,11.99,,GBP,1,,,,,,,,cabin_filter,,מקור: קטלוג מקוון לא רשמי (AUTODOC). לא לשימוש מסחרי.,1,,קיה:PICANTO:2017:2026
PUR-PC7046,מסנן מזגן PICANTO,,,PURRO,מסננים,,11.49,,GBP,1,,,,,,,,cabin_filter,,מקור: קטלוג מקוון לא רשמי (AUTODOC). לא לשימוש מסחרי.,1,,קיה:PICANTO:2017:2026
DCF595P,מסנן מזגן CLIO,,,DENSO,מסננים,,7.99,,GBP,1,,,,,,,,cabin_filter,,מקור: קטלוג מקוון לא רשמי (AUTODOC). לא לשימוש מסחרי.,1,OEM:7711426872:Renault,רנו:CLIO:2012:2019
1 987 435 501,מסנן מזגן CLIO פחם פעיל,,,BOSCH,מסננים,,13.49,,GBP,1,,,,,,,,cabin_filter,,מקור: קטלוג מקוון לא רשמי (AUTODOC). לא לשימוש מסחרי.,1,,רנו:CLIO:2012:2019
350203066460,מסנן מזגן QASHQAI,,,MAGNETI MARELLI,מסננים,,5.59,,GBP,1,,,,,,,,cabin_filter,,מקור: קטלוג מקוון לא רשמי (AUTODOC). לא לשימוש מסחרי.,1,,ניסאן:QASHQAI:2013:2021
AHH482,מסנן מזגן QASHQAI HEPA,,,PURFLUX,מסננים,,19.99,,GBP,1,,,,,,,,cabin_filter,,מקור: קטלוג מקוון לא רשמי (AUTODOC). לא לשימוש מסחרי.,1,,ניסאן:QASHQAI:2014:2021
701032,מסנן מזגן QASHQAI פחם פעיל,,,VALEO,מסננים,,15.99,,GBP,1,,,,,,,,cabin_filter,,מקור: קטלוג מקוון לא רשמי (AUTODOC). לא לשימוש מסחרי.,1,,ניסאן:QASHQAI:2013:2021
20-04-470,מסנן אוויר CIVIC,,,ASHIKA,מסננים,,10.99,,GBP,1,,,,,,,,air_filter,,מקור: קטלוג מקוון לא רשמי (AUTODOC). לא לשימוש מסחרי.,1,OEM:17220-5AA-A00:Honda,הונדה:CIVIC:2016:2022
30.C63.00,מסנן אוויר CIVIC,,,UFI,מסננים,,11.49,,GBP,1,,,,,,,,air_filter,,מקור: קטלוג מקוון לא רשמי (AUTODOC). לא לשימוש מסחרי.,1,,הונדה:CIVIC:2016:2022
104798,מסנן אוויר GOLF,,,FEBI BILSTEIN,מסננים,,9.29,,GBP,1,,,,,,,,air_filter,,מקור: קטלוג מקוון לא רשמי (AUTODOC). לא לשימוש מסחרי.,1,OEM:04E 129 620:VW,פולקסווגן:GOLF:2012:2017
V10-3137,מסנן אוויר GOLF,,,VAICO,מסננים,,9.99,,GBP,1,,,,,,,,air_filter,,מקור: קטלוג מקוון לא רשמי (AUTODOC). לא לשימוש מסחרי.,1,,פולקסווגן:GOLF:2012:2017
LX 3525,מסנן אוויר GOLF,,,MAHLE,מסננים,,14.49,,GBP,1,,,,,,,,air_filter,,מקור: קטלוג מקוון לא רשמי (AUTODOC). לא לשימוש מסחרי.,1,,פולקסווגן:GOLF:2012:2017
7090006,מצת GOLF,,,KAMOKA,הצתה,,11.99,,GBP,1,,,,,,,,spark_plug,,מקור: קטלוג מקוון לא רשמי (AUTODOC). לא לשימוש מסחרי.,1,OEM:04E 905 601:VW,פולקסווגן:GOLF:2012:2017
Z507,מצת GOLF,,,BERU,הצתה,,9.99,,GBP,1,,,,,,,,spark_plug,,מקור: קטלוג מקוון לא רשמי (AUTODOC). לא לשימוש מסחרי.,1,,פולקסווגן:GOLF:2012:2017
1957,מצת GOLF,,,BRISK,הצתה,,15.49,,GBP,1,,,,,,,,spark_plug,,מקור: קטלוג מקוון לא רשמי (AUTODOC). לא לשימוש מסחרי.,1,,פולקסווגן:GOLF:2012:2017
C 28 035,מסנן אוויר SPORTAGE,,,MANN-FILTER,מסננים,,14.49,,GBP,1,,,,,,,,air_filter,,מקור: קטלוג מקוון לא רשמי (AUTODOC). לא לשימוש מסחרי.,1,,קיה:SPORTAGE:2015:2022
8A0923,מסנן אוויר SPORTAGE,,,RIDEX,מסננים,,9.59,,GBP,1,,,,,,,,air_filter,,מקור: קטלוג מקוון לא רשמי (AUTODOC). לא לשימוש מסחרי.,1,,קיה:SPORTAGE:2015:2022
20-0K-K36,מסנן אוויר SPORTAGE,,,ASHIKA,מסננים,,12.49,,GBP,1,,,,,,,,air_filter,,מקור: קטלוג מקוון לא רשמי (AUTODOC). לא לשימוש מסחרי.,1,OEM:28113-D3300:Kia,קיה:SPORTAGE:2015:2022
F 026 400 185,מסנן אוויר SPORTAGE,,,BOSCH,מסננים,,15.49,,GBP,1,,,,,,,,air_filter,,מקור: קטלוג מקוון לא רשמי (AUTODOC). לא לשימוש מסחרי.,1,,קיה:SPORTAGE:2016:2022
LX 4492,מסנן אוויר SPORTAGE,,,MAHLE,מסננים,,13.99,,GBP,1,,,,,,,,air_filter,,מקור: קטלוג מקוון לא רשמי (AUTODOC). לא לשימוש מסחרי.,1,,קיה:SPORTAGE:2015:2022
AHH359,מסנן מזגן TUCSON HEPA,,,PURFLUX,מסננים,,14.49,,GBP,1,,,,,,,,cabin_filter,,מקור: קטלוג מקוון לא רשמי (AUTODOC). לא לשימוש מסחרי.,1,,יונדאי:TUCSON:2016:2020
GCD240253,מסנן מזגן TUCSON פחם פעיל,,,goCORE,מסננים,,21.99,,GBP,1,,,,,,,,cabin_filter,,מקור: קטלוג מקוון לא רשמי (AUTODOC). לא לשימוש מסחרי.,1,,יונדאי:TUCSON:2016:2020
FA-K22S,מסנן אוויר i20,,,JAPANPARTS,מסננים,,13.49,,GBP,1,,,,,,,,air_filter,,מקור: קטלוג מקוון לא רשמי (AUTODOC). לא לשימוש מסחרי.,1,OEM:28113-1J000:Hyundai,יונדאי:i20:2014:2020
DFA1301,מסנן אוויר i20,,,DACO Germany,מסננים,,7.29,,GBP,1,,,,,,,,air_filter,,מקור: קטלוג מקוון לא רשמי (AUTODOC). לא לשימוש מסחרי.,1,,יונדאי:i20:2014:2020
FO-599S,מסנן שמן NIRO / i30 / SOUL / CARENS,,,JAPANPARTS,מסננים,,6.59,,GBP,1,,,,,,,,oil_filter,,מקור: קטלוג מקוון לא רשמי (AUTODOC). לא לשימוש מסחרי.,1,OEM:26300-35505:Hyundai-Kia,קיה:NIRO:2016:2022; יונדאי:i30:2016:2020; קיה:SOUL:2019:2026; קיה:CARENS:2013:2019
10-05-599,מסנן שמן NIRO / i30 / SOUL / SELTOS,,,ASHIKA,מסננים,,6.29,,GBP,1,,,,,,,,oil_filter,,מקור: קטלוג מקוון לא רשמי (AUTODOC). לא לשימוש מסחרי.,1,OEM:26300-35505:Hyundai-Kia,קיה:NIRO:2016:2022; יונדאי:i30:2016:2020; קיה:SOUL:2019:2026; קיה:SELTOS:2019:2026
0 986 628 654,מסנן מזגן NIRO פחם פעיל,,,BOSCH,מסננים,,16.49,,GBP,1,,,,,,,,cabin_filter,,מקור: קטלוג מקוון לא רשמי (AUTODOC). לא לשימוש מסחרי.,1,,קיה:NIRO:2016:2022
424I0406,מסנן מזגן NIRO,,,RIDEX,מסננים,,7.59,,GBP,1,,,,,,,,cabin_filter,,מקור: קטלוג מקוון לא רשמי (AUTODOC). לא לשימוש מסחרי.,1,,קיה:NIRO:2016:2022
23.461.00,מסנן שמן i30,,,UFI,מסננים,,5.29,,GBP,1,,,,,,,,oil_filter,,מקור: קטלוג מקוון לא רשמי (AUTODOC). לא לשימוש מסחרי.,1,,יונדאי:i30:2016:2020
SKIF-0170617,מסנן מזגן i30 / CEED,,,STARK,מסננים,,10.99,,GBP,1,,,,,,,,cabin_filter,,מקור: קטלוג מקוון לא רשמי (AUTODOC). לא לשימוש מסחרי.,1,,יונדאי:i30:2016:2020; קיה:CEED:2018:2026
E3902LI,מסנן מזגן i30 / CEED,,,HENGST FILTER,מסננים,,10.99,,GBP,1,,,,,,,,cabin_filter,,מקור: קטלוג מקוון לא רשמי (AUTODOC). לא לשימוש מסחרי.,1,,יונדאי:i30:2016:2020; קיה:CEED:2018:2026
OC 1183,מסנן שמן CX-5 / MAZDA 3 / CX-30 / MAZDA 6,,,MAHLE,מסננים,,8.99,,GBP,1,,,,,,,,oil_filter,,מקור: קטלוג מקוון לא רשמי (AUTODOC). לא לשימוש מסחרי.,1,,מאזדה:CX-5:2017:2026; מאזדה:MAZDA 3:2013:2019; מאזדה:CX-30:2019:2026; מאזדה:MAZDA 3:2019:2026; מאזדה:CX-3:2015:2026; מאזדה:MAZDA 6:2012:2026; מאזדה:MAZDA 2:2014:2026
20-03-343,מסנן אוויר CX-5,,,ASHIKA,מסננים,,12.99,,GBP,1,,,,,,,,air_filter,,מקור: קטלוג מקוון לא רשמי (AUTODOC). לא לשימוש מסחרי.,1,OEM:PE07-13-3A0A:Mazda,מאזדה:CX-5:2017:2026
FA-343S,מסנן אוויר CX-5,,,JAPANPARTS,מסננים,,17.99,,GBP,1,,,,,,,,air_filter,,מקור: קטלוג מקוון לא רשמי (AUTODOC). לא לשימוש מסחרי.,1,OEM:PE07-13-3A0A:Mazda,מאזדה:CX-5:2017:2026
C 27 019,מסנן אוויר CX-5,,,MANN-FILTER,מסננים,,19.99,,GBP,1,,,,,,,,air_filter,,מקור: קטלוג מקוון לא רשמי (AUTODOC). לא לשימוש מסחרי.,1,,מאזדה:CX-5:2017:2026
15320/4,מסנן שמן C-HR / CAMRY,,,MEAT & DORIA,מסננים,,5.99,,GBP,1,,,,,,,,oil_filter,,מקור: קטלוג מקוון לא רשמי (AUTODOC). לא לשימוש מסחרי.,1,OEM:90080-91045:Toyota,טויוטה:C-HR:2016:2026; טויוטה:CAMRY:2018:2026
FA-2017S,מסנן אוויר C-HR / COROLLA,,,JAPANPARTS,מסננים,,14.49,,GBP,1,,,,,,,,air_filter,,מקור: קטלוג מקוון לא רשמי (AUTODOC). לא לשימוש מסחרי.,1,OEM:17801-0T060:Toyota,טויוטה:C-HR:2016:2026; טויוטה:RAV4:2018:2026; טויוטה:COROLLA:2019:2026
20-02-2017,מסנן אוויר C-HR / COROLLA,,,ASHIKA,מסננים,,9.59,,GBP,1,,,,,,,,air_filter,,מקור: קטלוג מקוון לא רשמי (AUTODOC). לא לשימוש מסחרי.,1,OEM:17801-0T060:Toyota,טויוטה:C-HR:2016:2026; טויוטה:RAV4:2018:2026; טויוטה:COROLLA:2019:2026
CA12289,מסנן אוויר C-HR,,,FRAM,מסננים,,19.99,,GBP,1,,,,,,,,air_filter,,מקור: קטלוג מקוון לא רשמי (AUTODOC). לא לשימוש מסחרי.,1,,טויוטה:C-HR:2016:2026
108988,מסנן אוויר SWIFT,,,FEBI BILSTEIN,מסננים,,10.49,,GBP,1,,,,,,,,air_filter,,מקור: קטלוג מקוון לא רשמי (AUTODOC). לא לשימוש מסחרי.,1,OEM:13780-69L00:Suzuki,סוזוקי:SWIFT:2010:2017
20-0K-K40,מסנן אוויר RIO / STONIC,,,ASHIKA,מסננים,,10.99,,GBP,1,,,,,,,,air_filter,,מקור: קטלוג מקוון לא רשמי (AUTODOC). לא לשימוש מסחרי.,1,OEM:28113-H8100:Kia,קיה:RIO:2017:2026; קיה:STONIC:2017:2026
184009,מסנן אוויר RIO / STONIC,,,FEBI BILSTEIN,מסננים,,7.99,,GBP,1,,,,,,,,air_filter,,מקור: קטלוג מקוון לא רשמי (AUTODOC). לא לשימוש מסחרי.,1,,קיה:RIO:2017:2026; קיה:STONIC:2017:2026
A3033,מסנן אוויר RIO / STONIC,,,PURFLUX,מסננים,,8.59,,GBP,1,,,,,,,,air_filter,,מקור: קטלוג מקוון לא רשמי (AUTODOC). לא לשימוש מסחרי.,1,,קיה:RIO:2017:2026; קיה:STONIC:2017:2026
F516001,מסנן מזגן RIO פחם פעיל / STONIC / SOUL / SELTOS,,,KAMOKA,מסננים,,7.59,,GBP,1,,,,,,,,cabin_filter,,מקור: קטלוג מקוון לא רשמי (AUTODOC). לא לשימוש מסחרי.,1,OEM:97133-D1000:Kia,קיה:RIO:2017:2026; קיה:STONIC:2017:2026; קיה:SOUL:2019:2026; קיה:SELTOS:2019:2026
6080129,מסנן מזגן RIO / STONIC / SOUL / SELTOS,,,KAMOKA,מסננים,,10.49,,GBP,1,,,,,,,,cabin_filter,,מקור: קטלוג מקוון לא רשמי (AUTODOC). לא לשימוש מסחרי.,1,,קיה:RIO:2017:2026; קיה:STONIC:2017:2026; קיה:SOUL:2019:2026; קיה:SELTOS:2019:2026
ADT32116,מסנן שמן 208 / AYGO,,,BLUE PRINT,מסננים,,4.99,,GBP,1,,,,,,,,oil_filter,,מקור: קטלוג מקוון לא רשמי (AUTODOC). לא לשימוש מסחרי.,1,OEM:1109.AL:Peugeot,פיג'ו:208:2012:2019; טויוטה:AYGO:2014:2022
1109.AL,מסנן שמן 208 מקורי,,,CITROEN/PEUGEOT,מסננים,,10.49,,GBP,1,,,,,,,,oil_filter,,מקור: קטלוג מקוון לא רשמי (AUTODOC). לא לשימוש מסחרי.,1,,פיג'ו:208:2012:2019
350203062640,מסנן מזגן 208,,,MAGNETI MARELLI,מסננים,,6.29,,GBP,1,,,,,,,,cabin_filter,,מקור: קטלוג מקוון לא רשמי (AUTODOC). לא לשימוש מסחרי.,1,,פיג'ו:208:2012:2019
CUK 21 000-2,מסנן מזגן 208 פחם פעיל (זוג),,,MANN-FILTER,מסננים,,16.49,,GBP,1,,,,,,,,cabin_filter,,מקור: קטלוג מקוון לא רשמי (AUTODOC). לא לשימוש מסחרי.,1,,פיג'ו:208:2012:2019
FA-149S,מסנן אוויר QASHQAI,,,JAPANPARTS,מסננים,,10.49,,GBP,1,,,,,,,,air_filter,,מקור: קטלוג מקוון לא רשמי (AUTODOC). לא לשימוש מסחרי.,1,OEM:16546-4BC1A:Nissan,ניסאן:QASHQAI:2013:2021
109122,מסנן אוויר QASHQAI,,,FEBI BILSTEIN,מסננים,,8.59,,GBP,1,,,,,,,,air_filter,,מקור: קטלוג מקוון לא רשמי (AUTODOC). לא לשימוש מסחרי.,1,OEM:16546-4BA1A:Nissan,ניסאן:QASHQAI:2013:2021
8A0461P,מסנן אוויר QASHQAI,,,RIDEX PLUS,מסננים,,15.49,,GBP,1,,,,,,,,air_filter,,מקור: קטלוג מקוון לא רשמי (AUTODOC). לא לשימוש מסחרי.,1,,ניסאן:QASHQAI:2013:2021
A3067,מסנן אוויר RAV4 / COROLLA,,,PURFLUX,מסננים,,12.99,,GBP,1,,,,,,,,air_filter,,מקור: קטלוג מקוון לא רשמי (AUTODOC). לא לשימוש מסחרי.,1,,טויוטה:RAV4:2018:2026; טויוטה:COROLLA:2019:2026
DCF385K,מסנן מזגן YARIS פחם פעיל / COROLLA,,,DENSO,מסננים,,12.99,,GBP,1,,,,,,,,cabin_filter,,מקור: קטלוג מקוון לא רשמי (AUTODOC). לא לשימוש מסחרי.,1,OEM:87139-YZZ30:Toyota,טויוטה:YARIS:2012:2020; טויוטה:COROLLA:2013:2019
424I0231,מסנן מזגן YARIS / COROLLA / RAV4 / AURIS,,,RIDEX,מסננים,,6.99,,GBP,1,,,,,,,,cabin_filter,,מקור: קטלוג מקוון לא רשמי (AUTODOC). לא לשימוש מסחרי.,1,,טויוטה:YARIS:2012:2020; טויוטה:COROLLA:2013:2019; טויוטה:RAV4:2013:2018; טויוטה:AURIS:2012:2019; טויוטה:PRIUS:2015:2022
32609,מסנן מזגן CIVIC,,,FEBI BILSTEIN,מסננים,,7.99,,GBP,1,,,,,,,,cabin_filter,,מקור: קטלוג מקוון לא רשמי (AUTODOC). לא לשימוש מסחרי.,1,OEM:80291-TF3-E01:Honda,הונדה:CIVIC:2016:2022
424I0132,מסנן מזגן CIVIC,,,RIDEX,מסננים,,6.59,,GBP,1,,,,,,,,cabin_filter,,מקור: קטלוג מקוון לא רשמי (AUTODOC). לא לשימוש מסחרי.,1,,הונדה:CIVIC:2016:2022
100468,מסנן אוויר OCTAVIA,,,FEBI BILSTEIN,מסננים,,10.99,,GBP,1,,,,,,,,air_filter,,מקור: קטלוג מקוון לא רשמי (AUTODOC). לא לשימוש מסחרי.,1,OEM:5Q0 129 620 B:Skoda,סקודה:OCTAVIA:2013:2020
48507,מסנן אוויר OCTAVIA לאקלים קר,,,FEBI BILSTEIN,מסננים,,14.49,,GBP,1,,,,,,,,air_filter,,מקור: קטלוג מקוון לא רשמי (AUTODOC). לא לשימוש מסחרי.,1,OEM:5Q0 129 620 C:Skoda,סקודה:OCTAVIA:2013:2020
E1090L,מסנן אוויר OCTAVIA,,,HENGST FILTER,מסננים,,13.99,,GBP,1,,,,,,,,air_filter,,מקור: קטלוג מקוון לא רשמי (AUTODOC). לא לשימוש מסחרי.,1,,סקודה:OCTAVIA:2013:2020
34555,מסנן מזגן SPORTAGE,,,FEBI BILSTEIN,מסננים,,5.99,,GBP,1,,,,,,,,cabin_filter,,מקור: קטלוג מקוון לא רשמי (AUTODOC). לא לשימוש מסחרי.,1,OEM:97133-2E260:Kia,קיה:SPORTAGE:2015:2022
6080111,מסנן מזגן SPORTAGE פחם פעיל / RIO / SELTOS,,,KAMOKA,מסננים,,7.59,,GBP,1,,,,,,,,cabin_filter,,מקור: קטלוג מקוון לא רשמי (AUTODOC). לא לשימוש מסחרי.,1,,קיה:SPORTAGE:2015:2022; קיה:RIO:2017:2026; קיה:SELTOS:2019:2026
FP 24 004,מסנן מזגן SPORTAGE פחם פעיל / NIRO,,,MANN-FILTER,מסננים,,19.49,,GBP,1,,,,,,,,cabin_filter,,מקור: קטלוג מקוון לא רשמי (AUTODOC). לא לשימוש מסחרי.,1,,קיה:SPORTAGE:2015:2022; קיה:NIRO:2016:2022
09.9772.1X,"דיסק בלם קדמי GOLF 312 מ""מ מחורר",,,BREMBO,בלמים,,97.49,,GBP,1,,,,,,,,brake_disc_front,,מקור: קטלוג מקוון לא רשמי (AUTODOC). לא לשימוש מסחרי.,1,,פולקסווגן:GOLF:2012:2017
FA-H38S,מסנן אוויר NIRO,,,JAPANPARTS,מסננים,,14.49,,GBP,1,,,,,,,,air_filter,,מקור: קטלוג מקוון לא רשמי (AUTODOC). לא לשימוש מסחרי.,1,OEM:28113-G2100:Kia,קיה:NIRO:2016:2022
20-0H-H38,מסנן אוויר NIRO,,,ASHIKA,מסננים,,9.29,,GBP,1,,,,,,,,air_filter,,מקור: קטלוג מקוון לא רשמי (AUTODOC). לא לשימוש מסחרי.,1,OEM:28113-G2100:Kia,קיה:NIRO:2016:2022
26-2784,מסנן אוויר NIRO,,,MAXGEAR,מסננים,,13.49,,GBP,1,,,,,,,,air_filter,,מקור: קטלוג מקוון לא רשמי (AUTODOC). לא לשימוש מסחרי.,1,OEM:28113-G2100:Kia,קיה:NIRO:2016:2022
20-0H-H39,מסנן אוויר i30 / CEED / SOUL,,,ASHIKA,מסננים,,10.49,,GBP,1,,,,,,,,air_filter,,מקור: קטלוג מקוון לא רשמי (AUTODOC). לא לשימוש מסחרי.,1,OEM:28113-F2000:Hyundai,יונדאי:i30:2016:2020; קיה:CEED:2018:2026; קיה:SOUL:2019:2026
E1533L,מסנן אוויר i30 / CEED / SOUL / SELTOS,,,HENGST FILTER,מסננים,,14.49,,GBP,1,,,,,,,,air_filter,,מקור: קטלוג מקוון לא רשמי (AUTODOC). לא לשימוש מסחרי.,1,,יונדאי:i30:2016:2020; קיה:CEED:2018:2026; קיה:SOUL:2019:2026; קיה:SELTOS:2019:2026
E3903LI,מסנן מזגן CX-5,,,HENGST FILTER,מסננים,,12.99,,GBP,1,,,,,,,,cabin_filter,,מקור: קטלוג מקוון לא רשמי (AUTODOC). לא לשימוש מסחרי.,1,,מאזדה:CX-5:2017:2026
FP 24 009,מסנן מזגן CX-5 פחם פעיל / MAZDA 3 / MAZDA 6,,,MANN-FILTER,מסננים,,19.99,,GBP,1,,,,,,,,cabin_filter,,מקור: קטלוג מקוון לא רשמי (AUTODOC). לא לשימוש מסחרי.,1,,מאזדה:CX-5:2017:2026; מאזדה:MAZDA 3:2013:2019; מאזדה:MAZDA 6:2012:2026
48497,מסנן אוויר 208,,,FEBI BILSTEIN,מסננים,,6.99,,GBP,1,,,,,,,,air_filter,,מקור: קטלוג מקוון לא רשמי (AUTODOC). לא לשימוש מסחרי.,1,OEM:96 747 255 80:Peugeot,פיג'ו:208:2012:2019
CAF101069P,מסנן אוויר 208,,,CHAMPION,מסננים,,8.29,,GBP,1,,,,,,,,air_filter,,מקור: קטלוג מקוון לא רשמי (AUTODOC). לא לשימוש מסחרי.,1,,פיג'ו:208:2012:2019
153071762403,מסנן אוויר 208,,,MAGNETI MARELLI,מסננים,,8.29,,GBP,1,,,,,,,,air_filter,,מקור: קטלוג מקוון לא רשמי (AUTODOC). לא לשימוש מסחרי.,1,,פיג'ו:208:2012:2019
ADG043221,"דיסק בלם קדמי TUCSON / SPORTAGE 305 מ""מ",,,BLUE PRINT,בלמים,,40.99,,GBP,1,,,,,,,,brake_disc_front,,מקור: קטלוג מקוון לא רשמי (AUTODOC). לא לשימוש מסחרי.,1,,יונדאי:TUCSON:2016:2020; קיה:SPORTAGE:2015:2022
0 986 479 E42,"דיסק בלם קדמי TUCSON 305 מ""מ",,,BOSCH,בלמים,,46.49,,GBP,1,,,,,,,,brake_disc_front,,מקור: קטלוג מקוון לא רשמי (AUTODOC). לא לשימוש מסחרי.,1,,יונדאי:TUCSON:2016:2020
108575,"דיסק בלם קדמי TUCSON / SPORTAGE 305 מ""מ",,,FEBI BILSTEIN,בלמים,,45.99,,GBP,1,,,,,,,,brake_disc_front,,מקור: קטלוג מקוון לא רשמי (AUTODOC). לא לשימוש מסחרי.,1,,יונדאי:TUCSON:2016:2020; קיה:SPORTAGE:2015:2022
24.0126-0184.1,"דיסק בלם קדמי COROLLA 277 מ""מ",,,ATE,בלמים,,50.99,,GBP,1,,,,,,,,brake_disc_front,,מקור: קטלוג מקוון לא רשמי (AUTODOC). לא לשימוש מסחרי.,1,,טויוטה:COROLLA:2013:2019
ADT343240,"דיסק בלם קדמי COROLLA 277 מ""מ",,,BLUE PRINT,בלמים,,33.99,,GBP,1,,,,,,,,brake_disc_front,,מקור: קטלוג מקוון לא רשמי (AUTODOC). לא לשימוש מסחרי.,1,,טויוטה:COROLLA:2013:2019
09.E126.11,"דיסק בלם קדמי RAV4 328 מ""מ",,,BREMBO,בלמים,,65.49,,GBP,1,,,,,,,,brake_disc_front,,מקור: קטלוג מקוון לא רשמי (AUTODOC). לא לשימוש מסחרי.,1,,טויוטה:RAV4:2018:2026
108464,"דיסק בלם קדמי RAV4 328 מ""מ",,,FEBI BILSTEIN,בלמים,,61.99,,GBP,1,,,,,,,,brake_disc_front,,מקור: קטלוג מקוון לא רשמי (AUTODOC). לא לשימוש מסחרי.,1,,טויוטה:RAV4:2018:2026
09.N264.11,"דיסק בלם קדמי OUTLANDER 294 מ""מ",,,BREMBO,בלמים,,51.49,,GBP,1,,,,,,,,brake_disc_front,,מקור: קטלוג מקוון לא רשמי (AUTODOC). לא לשימוש מסחרי.,1,,מיצובישי:OUTLANDER:2012:2021
09.N264.1X,"דיסק בלם קדמי OUTLANDER 294 מ""מ מחורר",,,BREMBO,בלמים,,74.49,,GBP,1,,,,,,,,brake_disc_front,,מקור: קטלוג מקוון לא רשמי (AUTODOC). לא לשימוש מסחרי.,1,,מיצובישי:OUTLANDER:2012:2021
24.0126-0170.1,"דיסק בלם קדמי OUTLANDER 294 מ""מ",,,ATE,בלמים,,57.99,,GBP,1,,,,,,,,brake_disc_front,,מקור: קטלוג מקוון לא רשמי (AUTODOC). לא לשימוש מסחרי.,1,,מיצובישי:OUTLANDER:2012:2021
108623,"דיסק בלם קדמי RIO 256 מ""מ",,,FEBI BILSTEIN,בלמים,,32.49,,GBP,1,,,,,,,,brake_disc_front,,מקור: קטלוג מקוון לא רשמי (AUTODOC). לא לשימוש מסחרי.,1,,קיה:RIO:2017:2026
09.D227.11,"דיסק בלם קדמי RIO / i20 256 מ""מ",,,BREMBO,בלמים,,46.49,,GBP,1,,,,,,,,brake_disc_front,,מקור: קטלוג מקוון לא רשמי (AUTODOC). לא לשימוש מסחרי.,1,,קיה:RIO:2017:2026; יונדאי:i20:2014:2020
09.D417.11,"דיסק בלם קדמי C-HR 299 מ""מ",,,BREMBO,בלמים,,72.49,,GBP,1,,,,,,,,brake_disc_front,,מקור: קטלוג מקוון לא רשמי (AUTODOC). לא לשימוש מסחרי.,1,,טויוטה:C-HR:2016:2026
DDF2852C,"דיסק בלם קדמי C-HR 299 מ""מ",,,FERODO,בלמים,,70.99,,GBP,1,,,,,,,,brake_disc_front,,מקור: קטלוג מקוון לא רשמי (AUTODOC). לא לשימוש מסחרי.,1,,טויוטה:C-HR:2016:2026
370.4403.20,"דיסק בלם קדמי CX-5 297 מ""מ",,,ZIMMERMANN,בלמים,,64.49,,GBP,1,,,,,,,,brake_disc_front,,מקור: קטלוג מקוון לא רשמי (AUTODOC). לא לשימוש מסחרי.,1,,מאזדה:CX-5:2017:2026; מאזדה:CX-5:2017:2026:PY-VPS
24.0128-0323.1,"דיסק בלם קדמי CX-5 297 מ""מ",,,ATE,בלמים,,65.49,,GBP,1,,,,,,,,brake_disc_front,,מקור: קטלוג מקוון לא רשמי (AUTODOC). לא לשימוש מסחרי.,1,,מאזדה:CX-5:2017:2026; מאזדה:CX-5:2017:2026:PY-VPS
09.D628.11,"דיסק בלם קדמי CX-5 297 מ""מ",,,BREMBO,בלמים,,60.49,,GBP,1,,,,,,,,brake_disc_front,,מקור: קטלוג מקוון לא רשמי (AUTODOC). לא לשימוש מסחרי.,1,,מאזדה:CX-5:2017:2026; מאזדה:CX-5:2017:2026:PY-VPS
09.D428.11,"דיסק בלם קדמי SPORTAGE 305 מ""מ / CEED",,,BREMBO,בלמים,,91.99,,GBP,1,,,,,,,,brake_disc_front,,מקור: קטלוג מקוון לא רשמי (AUTODOC). לא לשימוש מסחרי.,1,,קיה:SPORTAGE:2015:2022; קיה:CEED:2018:2026; קיה:SPORTAGE:2015:2022:G4KJ
ADG043228,"דיסק בלם קדמי NIRO 280 מ""מ",,,BLUE PRINT,בלמים,,37.99,,GBP,1,,,,,,,,brake_disc_front,,מקור: קטלוג מקוון לא רשמי (AUTODOC). לא לשימוש מסחרי.,1,,קיה:NIRO:2016:2022
09.D427.11,"דיסק בלם קדמי NIRO 280 מ""מ",,,BREMBO,בלמים,,51.49,,GBP,1,,,,,,,,brake_disc_front,,מקור: קטלוג מקוון לא רשמי (AUTODOC). לא לשימוש מסחרי.,1,,קיה:NIRO:2016:2022
18629,"דיסק בלם קדמי NIRO 280 מ""מ",,,A.B.S.,בלמים,,39.49,,GBP,1,,,,,,,,brake_disc_front,,מקור: קטלוג מקוון לא רשמי (AUTODOC). לא לשימוש מסחרי.,1,,קיה:NIRO:2016:2022
55675NC,"דיסק בלם קדמי 3 280 מ""מ",,,PAGID,בלמים,,29.99,,GBP,1,,,,,,,,brake_disc_front,,מקור: קטלוג מקוון לא רשמי (AUTODOC). לא לשימוש מסחרי.,1,,מאזדה:MAZDA 3:2013:2019
92267503,"דיסק בלם קדמי 3 280 מ""מ",,,TEXTAR,בלמים,,51.49,,GBP,1,,,,,,,,brake_disc_front,,מקור: קטלוג מקוון לא רשמי (AUTODOC). לא לשימוש מסחרי.,1,,מאזדה:MAZDA 3:2013:2019
09.D607.11,"דיסק בלם קדמי PICANTO 256 מ""מ",,,BREMBO,בלמים,,46.99,,GBP,1,,,,,,,,brake_disc_front,,מקור: קטלוג מקוון לא רשמי (AUTODOC). לא לשימוש מסחרי.,1,,קיה:PICANTO:2017:2026
ADG043234,"דיסק בלם קדמי PICANTO 256 מ""מ",,,BLUE PRINT,בלמים,,38.49,,GBP,1,,,,,,,,brake_disc_front,,מקור: קטלוג מקוון לא רשמי (AUTODOC). לא לשימוש מסחרי.,1,,קיה:PICANTO:2017:2026
SKSP-1990085,מצת C-HR / MAZDA 3 / RAV4 / CX-3,,,STARK,הצתה,,6.99,,GBP,1,,,,,,,,spark_plug,,מקור: קטלוג מקוון לא רשמי (AUTODOC). לא לשימוש מסחרי.,1,,טויוטה:C-HR:2016:2026; מאזדה:MAZDA 3:2019:2026; טויוטה:RAV4:2013:2018; מאזדה:CX-3:2015:2026; מאזדה:MAZDA 2:2014:2026
686S0086P,מצת C-HR / MAZDA 3 / RAV4 / CX-3,,,RIDEX PLUS,הצתה,,13.99,,GBP,1,,,,,,,,spark_plug,,מקור: קטלוג מקוון לא רשמי (AUTODOC). לא לשימוש מסחרי.,1,,טויוטה:C-HR:2016:2026; מאזדה:MAZDA 3:2019:2026; טויוטה:RAV4:2013:2018; מאזדה:CX-3:2015:2026; מאזדה:MAZDA 2:2014:2026
7090559,מצת RAV4,,,KAMOKA,הצתה,,12.99,,GBP,1,,,,,,,,spark_plug,,מקור: קטלוג מקוון לא רשמי (AUTODOC). לא לשימוש מסחרי.,1,,טויוטה:RAV4:2018:2026
96210,מצת RAV4 / CAMRY,,,NGK,הצתה,,18.99,,GBP,1,,,,,,,,spark_plug,,מקור: קטלוג מקוון לא רשמי (AUTODOC). לא לשימוש מסחרי.,1,,טויוטה:RAV4:2018:2026; טויוטה:CAMRY:2018:2026
GCF860135,מצת RAV4 / PRIUS / CAMRY,,,goCORE,הצתה,,17.99,,GBP,1,,,,,,,,spark_plug,,מקור: קטלוג מקוון לא רשמי (AUTODOC). לא לשימוש מסחרי.,1,,טויוטה:RAV4:2018:2026; טויוטה:PRIUS:2015:2022; טויוטה:CAMRY:2018:2026
AI5682,מצת CX-5 / CX-3 / MAZDA 2,,,AUTOLITE,הצתה,,8.29,,GBP,1,,,,,,,,spark_plug,,מקור: קטלוג מקוון לא רשמי (AUTODOC). לא לשימוש מסחרי.,1,,מאזדה:CX-5:2017:2026; מאזדה:CX-3:2015:2026; מאזדה:MAZDA 2:2014:2026
8EH 188 705-161,מצת CX-5 / COROLLA / YARIS / RAV4,,,HELLA,הצתה,,6.59,,GBP,1,,,,,,,,spark_plug,,מקור: קטלוג מקוון לא רשמי (AUTODOC). לא לשימוש מסחרי.,1,,מאזדה:CX-5:2017:2026; טויוטה:COROLLA:2013:2019; טויוטה:YARIS:2012:2020; טויוטה:RAV4:2013:2018; מאזדה:CX-3:2015:2026; מאזדה:MAZDA 6:2012:2026; מאזדה:MAZDA 2:2014:2026
8EH 188 706-321,מצת SPORTAGE,,,HELLA,הצתה,,8.99,,GBP,1,,,,,,,,spark_plug,,מקור: קטלוג מקוון לא רשמי (AUTODOC). לא לשימוש מסחרי.,1,,קיה:SPORTAGE:2015:2022
GCF860093,מצת SPORTAGE / PICANTO,,,goCORE,הצתה,,14.99,,GBP,1,,,,,,,,spark_plug,,מקור: קטלוג מקוון לא רשמי (AUTODOC). לא לשימוש מסחרי.,1,,קיה:SPORTAGE:2015:2022; קיה:PICANTO:2017:2026
ADM52266,מסנן אוויר 3 / MAZDA 2,,,BLUE PRINT,מסננים,,6.29,,GBP,1,,,,,,,,air_filter,,מקור: קטלוג מקוון לא רשמי (AUTODOC). לא לשימוש מסחרי.,1,,מאזדה:MAZDA 3:2013:2019; מאזדה:MAZDA 2:2014:2026
LX 4142,מסנן אוויר 3,,,MAHLE,מסננים,,12.49,,GBP,1,,,,,,,,air_filter,,מקור: קטלוג מקוון לא רשמי (AUTODOC). לא לשימוש מסחרי.,1,,מאזדה:MAZDA 3:2013:2019
F 026 400 457,מסנן אוויר 3,,,BOSCH,מסננים,,10.49,,GBP,1,,,,,,,,air_filter,,מקור: קטלוג מקוון לא רשמי (AUTODOC). לא לשימוש מסחרי.,1,,מאזדה:MAZDA 3:2013:2019
DF-081,מגב C-HR,,,DENSO,מגבים,,35.49,,GBP,1,,,,,,,,wiper_blade,,מקור: קטלוג מקוון לא רשמי (AUTODOC). לא לשימוש מסחרי.,1,,טויוטה:C-HR::
298W0319,מגב C-HR,,,RIDEX,מגבים,,5.59,,GBP,1,,,,,,,,wiper_blade,,מקור: קטלוג מקוון לא רשמי (AUTODOC). לא לשימוש מסחרי.,1,,טויוטה:C-HR::
276000,מגב C-HR,,,HEYNER,מגבים,,9.59,,GBP,1,,,,,,,,wiper_blade,,מקור: קטלוג מקוון לא רשמי (AUTODOC). לא לשימוש מסחרי.,1,,טויוטה:C-HR::
DF-099,מגב CX-5 / MAZDA 6,,,DENSO,מגבים,,26.99,,GBP,1,,,,,,,,wiper_blade,,מקור: קטלוג מקוון לא רשמי (AUTODOC). לא לשימוש מסחרי.,1,,מאזדה:CX-5::; מאזדה:MAZDA 6::
3 397 007 047,מגב CX-5 / MAZDA 6,,,BOSCH,מגבים,,23.99,,GBP,1,,,,,,,,wiper_blade,,מקור: קטלוג מקוון לא רשמי (AUTODOC). לא לשימוש מסחרי.,1,,מאזדה:CX-5::; מאזדה:MAZDA 6::
034000,מגב CX-5 / PICANTO,,,HEYNER,מגבים,,12.99,,GBP,1,,,,,,,,wiper_blade,,מקור: קטלוג מקוון לא רשמי (AUTODOC). לא לשימוש מסחרי.,1,,מאזדה:CX-5::; קיה:PICANTO::
575009,מגב NIRO / RAV4 / AURIS / SORENTO,,,VALEO,מגבים,,9.99,,GBP,1,,,,,,,,wiper_blade,,מקור: קטלוג מקוון לא רשמי (AUTODOC). לא לשימוש מסחרי.,1,,קיה:NIRO::; טויוטה:RAV4::; טויוטה:AURIS::; קיה:SORENTO::; קיה:CEED::; מאזדה:CX-30::; מאזדה:MAZDA 3::; קיה:STONIC::; קיה:RIO::; טויוטה:PRIUS::
575002,מגב NIRO,,,VALEO,מגבים,,8.59,,GBP,1,,,,,,,,wiper_blade,,מקור: קטלוג מקוון לא רשמי (AUTODOC). לא לשימוש מסחרי.,1,,קיה:NIRO::
0 242 135 529,מצת 3 / CX-30 / MX-5,,,BOSCH,הצתה,,14.49,,GBP,1,,,,,,,,spark_plug,,מקור: קטלוג מקוון לא רשמי (AUTODOC). לא לשימוש מסחרי.,1,,מאזדה:MAZDA 3:2013:2019; מאזדה:CX-30:2019:2026; מאזדה:MX-5:2015:2026
686S0138,מצת NIRO / STONIC,,,RIDEX,הצתה,,5.29,,GBP,1,,,,,,,,spark_plug,,מקור: קטלוג מקוון לא רשמי (AUTODOC). לא לשימוש מסחרי.,1,,קיה:NIRO:2016:2022; קיה:STONIC:2017:2026
Z545,מצת PICANTO,,,BERU,הצתה,,9.59,,GBP,1,,,,,,,,spark_plug,,מקור: קטלוג מקוון לא רשמי (AUTODOC). לא לשימוש מסחרי.,1,,קיה:PICANTO:2017:2026
8DB 355 021-421,רפידות בלם קדמיות 3,,,HELLA,בלמים,,24.49,,GBP,1,,,,,,,,brake_pads_front,,מקור: קטלוג מקוון לא רשמי (AUTODOC). לא לשימוש מסחרי.,1,,מאזדה:MAZDA 3:2013:2019
GCD020561,רפידות בלם קדמיות 3 / CX-30,,,goCORE,בלמים,,75.49,,GBP,1,,,,,,,,brake_pads_front,,מקור: קטלוג מקוון לא רשמי (AUTODOC). לא לשימוש מסחרי.,1,,מאזדה:MAZDA 3:2013:2019; מאזדה:CX-30:2019:2026
2587501,רפידות בלם קדמיות 3 / CX-3,,,TEXTAR,בלמים,,40.99,,GBP,1,,,,,,,,brake_pads_front,,מקור: קטלוג מקוון לא רשמי (AUTODOC). לא לשימוש מסחרי.,1,,מאזדה:MAZDA 3:2013:2019; מאזדה:CX-3:2015:2026
1569.02,רפידות בלם קדמיות 3,,,REMSA,בלמים,,27.49,,GBP,1,,,,,,,,brake_pads_front,,מקור: קטלוג מקוון לא רשמי (AUTODOC). לא לשימוש מסחרי.,1,,מאזדה:MAZDA 3:2013:2019
P 83 171,רפידות בלם קדמיות C-HR,,,BREMBO,בלמים,,54.99,,GBP,1,,,,,,,,brake_pads_front,,מקור: קטלוג מקוון לא רשמי (AUTODOC). לא לשימוש מסחרי.,1,,טויוטה:C-HR:2016:2026
402B1455,רפידות בלם קדמיות C-HR,,,RIDEX,בלמים,,17.49,,GBP,1,,,,,,,,brake_pads_front,,מקור: קטלוג מקוון לא רשמי (AUTODOC). לא לשימוש מסחרי.,1,,טויוטה:C-HR:2016:2026
402B1013,רפידות בלם קדמיות RAV4,,,RIDEX,בלמים,,20.49,,GBP,1,,,,,,,,brake_pads_front,,מקור: קטלוג מקוון לא רשמי (AUTODOC). לא לשימוש מסחרי.,1,,טויוטה:RAV4:2018:2026; טויוטה:RAV4:2013:2018
402B1013P,רפידות בלם קדמיות RAV4,,,RIDEX PLUS,בלמים,,52.99,,GBP,1,,,,,,,,brake_pads_front,,מקור: קטלוג מקוון לא רשמי (AUTODOC). לא לשימוש מסחרי.,1,,טויוטה:RAV4:2018:2026; טויוטה:RAV4:2013:2018
2445201,רפידות בלם קדמיות RAV4,,,TEXTAR,בלמים,,54.49,,GBP,1,,,,,,,,brake_pads_front,,מקור: קטלוג מקוון לא רשמי (AUTODOC). לא לשימוש מסחרי.,1,,טויוטה:RAV4:2018:2026
577980,מגב RAV4 / CEED / CX-30 / MAZDA 3,,,VALEO,מגבים,,23.99,,GBP,1,,,,,,,,wiper_blade,,מקור: קטלוג מקוון לא רשמי (AUTODOC). לא לשימוש מסחרי.,1,,טויוטה:RAV4::; קיה:CEED::; מאזדה:CX-30::; מאזדה:MAZDA 3::
578571,מגב RAV4,,,VALEO,מגבים,,8.99,,GBP,1,,,,,,,,wiper_blade,,מקור: קטלוג מקוון לא רשמי (AUTODOC). לא לשימוש מסחרי.,1,,טויוטה:RAV4::
3 397 010 270,מגב PICANTO,,,BOSCH,מגבים,,16.99,,GBP,1,,,,,,,,wiper_blade,,מקור: קטלוג מקוון לא רשמי (AUTODOC). לא לשימוש מסחרי.,1,,קיה:PICANTO::
3 397 007 504,מגב PICANTO,,,BOSCH,מגבים,,21.49,,GBP,1,,,,,,,,wiper_blade,,מקור: קטלוג מקוון לא רשמי (AUTODOC). לא לשימוש מסחרי.,1,,קיה:PICANTO::
424I0021,מסנן מזגן COROLLA / YARIS / RAV4 / AURIS,,,RIDEX,מסננים,,4.99,,GBP,1,,,,,,,,cabin_filter,,מקור: קטלוג מקוון לא רשמי (AUTODOC). לא לשימוש מסחרי.,1,,טויוטה:COROLLA:2013:2019; טויוטה:YARIS:2012:2020; טויוטה:RAV4:2013:2018; טויוטה:AURIS:2012:2019; טויוטה:PRIUS:2015:2022
424I0021P,מסנן מזגן COROLLA / YARIS / RAV4 / AURIS,,,RIDEX PLUS,מסננים,,6.99,,GBP,1,,,,,,,,cabin_filter,,מקור: קטלוג מקוון לא רשמי (AUTODOC). לא לשימוש מסחרי.,1,,טויוטה:COROLLA:2013:2019; טויוטה:YARIS:2012:2020; טויוטה:RAV4:2013:2018; טויוטה:AURIS:2012:2019; טויוטה:PRIUS:2015:2022
424I0501P,מסנן מזגן COROLLA / YARIS / RAV4,,,RIDEX PLUS,מסננים,,14.49,,GBP,1,,,,,,,,cabin_filter,,מקור: קטלוג מקוון לא רשמי (AUTODOC). לא לשימוש מסחרי.,1,,טויוטה:COROLLA:2013:2019; טויוטה:YARIS:2012:2020; טויוטה:RAV4:2013:2018
424I0231P,מסנן מזגן COROLLA / YARIS / RAV4 / AURIS,,,RIDEX PLUS,מסננים,,11.99,,GBP,1,,,,,,,,cabin_filter,,מקור: קטלוג מקוון לא רשמי (AUTODOC). לא לשימוש מסחרי.,1,,טויוטה:COROLLA:2013:2019; טויוטה:YARIS:2012:2020; טויוטה:RAV4:2013:2018; טויוטה:AURIS:2012:2019; טויוטה:PRIUS:2015:2022
1 987 432 190,מסנן מזגן COROLLA,,,BOSCH,מסננים,,11.49,,GBP,1,,,,,,,,cabin_filter,,מקור: קטלוג מקוון לא רשמי (AUTODOC). לא לשימוש מסחרי.,1,,טויוטה:COROLLA:2013:2019
CU 1919,מסנן מזגן COROLLA / YARIS / RAV4 / PRIUS,,,MANN-FILTER,מסננים,,11.49,,GBP,1,,,,,,,,cabin_filter,,מקור: קטלוג מקוון לא רשמי (AUTODOC). לא לשימוש מסחרי.,1,,טויוטה:COROLLA:2013:2019; טויוטה:YARIS:2012:2020; טויוטה:RAV4:2013:2018; טויוטה:PRIUS:2015:2022
CUK 1919,מסנן מזגן COROLLA / YARIS / RAV4 / PRIUS,,,MANN-FILTER,מסננים,,19.99,,GBP,1,,,,,,,,cabin_filter,,מקור: קטלוג מקוון לא רשמי (AUTODOC). לא לשימוש מסחרי.,1,,טויוטה:COROLLA:2013:2019; טויוטה:YARIS:2012:2020; טויוטה:RAV4:2013:2018; טויוטה:PRIUS:2015:2022
ADT32514,מסנן מזגן COROLLA / YARIS / RAV4,,,BLUE PRINT,מסננים,,4.99,,GBP,1,,,,,,,,cabin_filter,,מקור: קטלוג מקוון לא רשמי (AUTODOC). לא לשימוש מסחרי.,1,,טויוטה:COROLLA:2013:2019; טויוטה:YARIS:2012:2020; טויוטה:RAV4:2013:2018
27465,מסנן מזגן COROLLA / YARIS / RAV4,,,FEBI BILSTEIN,מסננים,,6.29,,GBP,1,,,,,,,,cabin_filter,,מקור: קטלוג מקוון לא רשמי (AUTODOC). לא לשימוש מסחרי.,1,,טויוטה:COROLLA:2013:2019; טויוטה:YARIS:2012:2020; טויוטה:RAV4:2013:2018
0 986 628 623,מסנן מזגן COROLLA,,,BOSCH,מסננים,,33.99,,GBP,1,,,,,,,,cabin_filter,,מקור: קטלוג מקוון לא רשמי (AUTODOC). לא לשימוש מסחרי.,1,,טויוטה:COROLLA:2013:2019
184431,מסנן מזגן COROLLA / YARIS / RAV4 / AURIS,,,FEBI BILSTEIN,מסננים,,6.99,,GBP,1,,,,,,,,cabin_filter,,מקור: קטלוג מקוון לא רשמי (AUTODOC). לא לשימוש מסחרי.,1,,טויוטה:COROLLA:2013:2019; טויוטה:YARIS:2012:2020; טויוטה:RAV4:2013:2018; טויוטה:AURIS:2012:2019
ADT32522,מסנן מזגן COROLLA / YARIS / RAV4 / AURIS,,,BLUE PRINT,מסננים,,7.29,,GBP,1,,,,,,,,cabin_filter,,מקור: קטלוג מקוון לא רשמי (AUTODOC). לא לשימוש מסחרי.,1,,טויוטה:COROLLA:2013:2019; טויוטה:YARIS:2012:2020; טויוטה:RAV4:2013:2018; טויוטה:AURIS:2012:2019
LA 395,מסנן מזגן COROLLA / YARIS / RAV4,,,MAHLE,מסננים,,9.29,,GBP,1,,,,,,,,cabin_filter,,מקור: קטלוג מקוון לא רשמי (AUTODOC). לא לשימוש מסחרי.,1,,טויוטה:COROLLA:2013:2019; טויוטה:YARIS:2012:2020; טויוטה:RAV4:2013:2018
1 987 435 557,מסנן מזגן COROLLA,,,BOSCH,מסננים,,15.49,,GBP,1,,,,,,,,cabin_filter,,מקור: קטלוג מקוון לא רשמי (AUTODOC). לא לשימוש מסחרי.,1,,טויוטה:COROLLA:2013:2019
715620,מסנן מזגן COROLLA / RAV4,,,VALEO,מסננים,,7.29,,GBP,1,,,,,,,,cabin_filter,,מקור: קטלוג מקוון לא רשמי (AUTODOC). לא לשימוש מסחרי.,1,,טויוטה:COROLLA:2013:2019; טויוטה:RAV4:2013:2018
6080072,מסנן מזגן COROLLA,,,KAMOKA,מסננים,,11.99,,GBP,1,,,,,,,,cabin_filter,,מקור: קטלוג מקוון לא רשמי (AUTODOC). לא לשימוש מסחרי.,1,,טויוטה:COROLLA:2013:2019
8A0190P,מסנן אוויר COROLLA,,,RIDEX PLUS,מסננים,,9.99,,GBP,1,,,,,,,,air_filter,,מקור: קטלוג מקוון לא רשמי (AUTODOC). לא לשימוש מסחרי.,1,,טויוטה:COROLLA:2013:2019
C 24 005,מסנן אוויר COROLLA / RAV4,,,MANN-FILTER,מסננים,,10.99,,GBP,1,,,,,,,,air_filter,,מקור: קטלוג מקוון לא רשמי (AUTODOC). לא לשימוש מסחרי.,1,,טויוטה:COROLLA:2013:2019; טויוטה:RAV4:2013:2018
F 026 400 114,מסנן אוויר COROLLA,,,BOSCH,מסננים,,10.49,,GBP,1,,,,,,,,air_filter,,מקור: קטלוג מקוון לא רשמי (AUTODOC). לא לשימוש מסחרי.,1,,טויוטה:COROLLA:2013:2019
184179,מסנן אוויר COROLLA / RAV4,,,FEBI BILSTEIN,מסננים,,5.99,,GBP,1,,,,,,,,air_filter,,מקור: קטלוג מקוון לא רשמי (AUTODOC). לא לשימוש מסחרי.,1,,טויוטה:COROLLA:2013:2019; טויוטה:RAV4:2013:2018
ADT322100,מסנן אוויר COROLLA / RAV4,,,BLUE PRINT,מסננים,,5.99,,GBP,1,,,,,,,,air_filter,,מקור: קטלוג מקוון לא רשמי (AUTODOC). לא לשימוש מסחרי.,1,,טויוטה:COROLLA:2013:2019; טויוטה:RAV4:2013:2018
AP 160/1,מסנן אוויר COROLLA / RAV4,,,FILTRON,מסננים,,8.59,,GBP,1,,,,,,,,air_filter,,מקור: קטלוג מקוון לא רשמי (AUTODOC). לא לשימוש מסחרי.,1,,טויוטה:COROLLA:2013:2019; טויוטה:RAV4:2013:2018
30-12 321 0008,מסנן אוויר COROLLA,,,MEYLE,מסננים,,9.99,,GBP,1,,,,,,,,air_filter,,מקור: קטלוג מקוון לא רשמי (AUTODOC). לא לשימוש מסחרי.,1,,טויוטה:COROLLA:2013:2019
LX 2792,מסנן אוויר COROLLA / RAV4,,,MAHLE,מסננים,,12.49,,GBP,1,,,,,,,,air_filter,,מקור: קטלוג מקוון לא רשמי (AUTODOC). לא לשימוש מסחרי.,1,,טויוטה:COROLLA:2013:2019; טויוטה:RAV4:2013:2018
FA-261S,מסנן אוויר COROLLA / RAV4,,,JAPANPARTS,מסננים,,10.99,,GBP,1,,,,,,,,air_filter,,מקור: קטלוג מקוון לא רשמי (AUTODOC). לא לשימוש מסחרי.,1,,טויוטה:COROLLA:2013:2019; טויוטה:RAV4:2013:2018
E895L,מסנן אוויר COROLLA / RAV4,,,HENGST FILTER,מסננים,,11.49,,GBP,1,,,,,,,,air_filter,,מקור: קטלוג מקוון לא רשמי (AUTODOC). לא לשימוש מסחרי.,1,,טויוטה:COROLLA:2013:2019; טויוטה:RAV4:2013:2018
QFA0525,מסנן אוויר COROLLA / RAV4,,,QUINTON HAZELL,מסננים,,9.59,,GBP,1,,,,,,,,air_filter,,מקור: קטלוג מקוון לא רשמי (AUTODOC). לא לשימוש מסחרי.,1,,טויוטה:COROLLA:2013:2019; טויוטה:RAV4:2013:2018
CAF100940P,מסנן אוויר COROLLA / RAV4,,,CHAMPION,מסננים,,7.29,,GBP,1,,,,,,,,air_filter,,מקור: קטלוג מקוון לא רשמי (AUTODOC). לא לשימוש מסחרי.,1,,טויוטה:COROLLA:2013:2019; טויוטה:RAV4:2013:2018
A1262,מסנן אוויר COROLLA / RAV4,,,PURFLUX,מסננים,,10.49,,GBP,1,,,,,,,,air_filter,,מקור: קטלוג מקוון לא רשמי (AUTODOC). לא לשימוש מסחרי.,1,,טויוטה:COROLLA:2013:2019; טויוטה:RAV4:2013:2018
20-02-261,מסנן אוויר COROLLA / RAV4,,,ASHIKA,מסננים,,7.99,,GBP,1,,,,,,,,air_filter,,מקור: קטלוג מקוון לא רשמי (AUTODOC). לא לשימוש מסחרי.,1,,טויוטה:COROLLA:2013:2019; טויוטה:RAV4:2013:2018
30.554.00,מסנן אוויר COROLLA / RAV4,,,UFI,מסננים,,8.99,,GBP,1,,,,,,,,air_filter,,מקור: קטלוג מקוון לא רשמי (AUTODOC). לא לשימוש מסחרי.,1,,טויוטה:COROLLA:2013:2019; טויוטה:RAV4:2013:2018
7O0089,מסנן שמן COROLLA / YARIS / RAV4,,,RIDEX,מסננים,,3.59,,GBP,1,,,,,,,,oil_filter,,מקור: קטלוג מקוון לא רשמי (AUTODOC). לא לשימוש מסחרי.,1,,טויוטה:COROLLA:2013:2019; טויוטה:YARIS:2012:2020; טויוטה:RAV4:2013:2018
7O0146,מסנן שמן COROLLA / YARIS,,,RIDEX,מסננים,,4.59,,GBP,1,,,,,,,,oil_filter,,מקור: קטלוג מקוון לא רשמי (AUTODOC). לא לשימוש מסחרי.,1,,טויוטה:COROLLA:2013:2019; טויוטה:YARIS:2012:2020
7O0089P,מסנן שמן COROLLA / YARIS / RAV4,,,RIDEX PLUS,מסננים,,5.99,,GBP,1,,,,,,,,oil_filter,,מקור: קטלוג מקוון לא רשמי (AUTODOC). לא לשימוש מסחרי.,1,,טויוטה:COROLLA:2013:2019; טויוטה:YARIS:2012:2020; טויוטה:RAV4:2013:2018
HU 6006 z,מסנן שמן COROLLA / YARIS,,,MANN-FILTER,מסננים,,8.99,,GBP,1,,,,,,,,oil_filter,,מקור: קטלוג מקוון לא רשמי (AUTODOC). לא לשימוש מסחרי.,1,,טויוטה:COROLLA:2013:2019; טויוטה:YARIS:2012:2020
F 026 407 091,מסנן שמן COROLLA / YARIS,,,BOSCH,מסננים,,9.59,,GBP,1,,,,,,,,oil_filter,,מקור: קטלוג מקוון לא רשמי (AUTODOC). לא לשימוש מסחרי.,1,,טויוטה:COROLLA:2013:2019; טויוטה:YARIS:2012:2020
184419,מסנן שמן COROLLA / YARIS / C-HR / RAV4,,,FEBI BILSTEIN,מסננים,,4.29,,GBP,1,,,,,,,,oil_filter,,מקור: קטלוג מקוון לא רשמי (AUTODOC). לא לשימוש מסחרי.,1,,טויוטה:COROLLA:2013:2019; טויוטה:YARIS:2012:2020; טויוטה:C-HR:2016:2026; טויוטה:RAV4:2013:2018; טויוטה:PRIUS:2015:2022
ADD62109,מסנן שמן COROLLA / YARIS / C-HR / RAV4,,,BLUE PRINT,מסננים,,4.29,,GBP,1,,,,,,,,oil_filter,,מקור: קטלוג מקוון לא רשמי (AUTODOC). לא לשימוש מסחרי.,1,,טויוטה:COROLLA:2013:2019; טויוטה:YARIS:2012:2020; טויוטה:C-HR:2016:2026; טויוטה:RAV4:2013:2018; טויוטה:PRIUS:2015:2022
E210H D228,מסנן שמן COROLLA / C-HR / RAV4 / PRIUS,,,HENGST FILTER,מסננים,,4.99,,GBP,1,,,,,,,,oil_filter,,מקור: קטלוג מקוון לא רשמי (AUTODOC). לא לשימוש מסחרי.,1,,טויוטה:COROLLA:2013:2019; טויוטה:C-HR:2016:2026; טויוטה:RAV4:2013:2018; טויוטה:PRIUS:2015:2022
OX 416D1,מסנן שמן COROLLA / RAV4,,,MAHLE,מסננים,,7.29,,GBP,1,,,,,,,,oil_filter,,מקור: קטלוג מקוון לא רשמי (AUTODOC). לא לשימוש מסחרי.,1,,טויוטה:COROLLA:2013:2019; טויוטה:RAV4:2013:2018
L419,מסנן שמן COROLLA / RAV4,,,PURFLUX,מסננים,,6.59,,GBP,1,,,,,,,,oil_filter,,מקור: קטלוג מקוון לא רשמי (AUTODOC). לא לשימוש מסחרי.,1,,טויוטה:COROLLA:2013:2019; טויוטה:RAV4:2013:2018
586581,מסנן שמן COROLLA / YARIS / RAV4,,,VALEO,מסננים,,4.99,,GBP,1,,,,,,,,oil_filter,,מקור: קטלוג מקוון לא רשמי (AUTODOC). לא לשימוש מסחרי.,1,,טויוטה:COROLLA:2013:2019; טויוטה:YARIS:2012:2020; טויוטה:RAV4:2013:2018
E210H D226,מסנן שמן COROLLA / YARIS,,,HENGST FILTER,מסננים,,6.59,,GBP,1,,,,,,,,oil_filter,,מקור: קטלוג מקוון לא רשמי (AUTODOC). לא לשימוש מסחרי.,1,,טויוטה:COROLLA:2013:2019; טויוטה:YARIS:2012:2020
OX 416D2,מסנן שמן YARIS,,,MAHLE,מסננים,,7.29,,GBP,1,,,,,,,,oil_filter,,מקור: קטלוג מקוון לא רשמי (AUTODOC). לא לשימוש מסחרי.,1,,טויוטה:YARIS:2012:2020
586583,מסנן שמן YARIS,,,VALEO,מסננים,,4.99,,GBP,1,,,,,,,,oil_filter,,מקור: קטלוג מקוון לא רשמי (AUTODOC). לא לשימוש מסחרי.,1,,טויוטה:YARIS:2012:2020
QFL0004,מסנן שמן YARIS,,,QUINTON HAZELL,מסננים,,5.99,,GBP,1,,,,,,,,oil_filter,,מקור: קטלוג מקוון לא רשמי (AUTODOC). לא לשימוש מסחרי.,1,,טויוטה:YARIS:2012:2020
F 026 407 397,מסנן שמן YARIS,,,BOSCH,מסננים,,6.59,,GBP,1,,,,,,,,oil_filter,,מקור: קטלוג מקוון לא רשמי (AUTODOC). לא לשימוש מסחרי.,1,,טויוטה:YARIS:2012:2020
30-14 322 0010,מסנן שמן YARIS,,,MEYLE,מסננים,,6.99,,GBP,1,,,,,,,,oil_filter,,מקור: קטלוג מקוון לא רשמי (AUTODOC). לא לשימוש מסחרי.,1,,טויוטה:YARIS:2012:2020
CO0114,מסנן שמן YARIS,,,Castrol filters,מסננים,,6.59,,GBP,1,,,,,,,,oil_filter,,מקור: קטלוג מקוון לא רשמי (AUTODOC). לא לשימוש מסחרי.,1,,טויוטה:YARIS:2012:2020
26-0889,מסנן שמן YARIS,,,MAXGEAR,מסננים,,8.59,,GBP,1,,,,,,,,oil_filter,,מקור: קטלוג מקוון לא רשמי (AUTODOC). לא לשימוש מסחרי.,1,,טויוטה:YARIS:2012:2020
OE 685/3,מסנן שמן YARIS,,,FILTRON,מסננים,,4.99,,GBP,1,,,,,,,,oil_filter,,מקור: קטלוג מקוון לא רשמי (AUTODOC). לא לשימוש מסחרי.,1,,טויוטה:YARIS:2012:2020
A70-0500,מסנן שמן YARIS,,,ACKOJA,מסננים,,7.59,,GBP,1,,,,,,,,oil_filter,,מקור: קטלוג מקוון לא רשמי (AUTODOC). לא לשימוש מסחרי.,1,,טויוטה:YARIS:2012:2020
C 2513,מסנן אוויר YARIS,,,MANN-FILTER,מסננים,,9.59,,GBP,1,,,,,,,,air_filter,,מקור: קטלוג מקוון לא רשמי (AUTODOC). לא לשימוש מסחרי.,1,,טויוטה:YARIS:2012:2020
1 457 433 972,מסנן אוויר YARIS,,,BOSCH,מסננים,,10.99,,GBP,1,,,,,,,,air_filter,,מקור: קטלוג מקוון לא רשמי (AUTODOC). לא לשימוש מסחרי.,1,,טויוטה:YARIS:2012:2020
27271,מסנן אוויר YARIS,,,FEBI BILSTEIN,מסננים,,5.99,,GBP,1,,,,,,,,air_filter,,מקור: קטלוג מקוון לא רשמי (AUTODOC). לא לשימוש מסחרי.,1,,טויוטה:YARIS:2012:2020
ADT32262,מסנן אוויר YARIS,,,BLUE PRINT,מסננים,,6.29,,GBP,1,,,,,,,,air_filter,,מקור: קטלוג מקוון לא רשמי (AUTODOC). לא לשימוש מסחרי.,1,,טויוטה:YARIS:2012:2020
LX 1002,מסנן אוויר YARIS,,,MAHLE,מסננים,,10.99,,GBP,1,,,,,,,,air_filter,,מקור: קטלוג מקוון לא רשמי (AUTODOC). לא לשימוש מסחרי.,1,,טויוטה:YARIS:2012:2020
CAF100811P,מסנן אוויר YARIS,,,CHAMPION,מסננים,,7.99,,GBP,1,,,,,,,,air_filter,,מקור: קטלוג מקוון לא רשמי (AUTODOC). לא לשימוש מסחרי.,1,,טויוטה:YARIS:2012:2020
30-12 321 0015,מסנן אוויר YARIS,,,MEYLE,מסננים,,8.99,,GBP,1,,,,,,,,air_filter,,מקור: קטלוג מקוון לא רשמי (AUTODOC). לא לשימוש מסחרי.,1,,טויוטה:YARIS:2012:2020
E641L,מסנן אוויר YARIS,,,HENGST FILTER,מסננים,,9.29,,GBP,1,,,,,,,,air_filter,,מקור: קטלוג מקוון לא רשמי (AUTODOC). לא לשימוש מסחרי.,1,,טויוטה:YARIS:2012:2020
A1107,מסנן אוויר YARIS,,,PURFLUX,מסננים,,10.99,,GBP,1,,,,,,,,air_filter,,מקור: קטלוג מקוון לא רשמי (AUTODOC). לא לשימוש מסחרי.,1,,טויוטה:YARIS:2012:2020
CA0135,מסנן אוויר YARIS,,,Castrol filters,מסננים,,10.49,,GBP,1,,,,,,,,air_filter,,מקור: קטלוג מקוון לא רשמי (AUTODOC). לא לשימוש מסחרי.,1,,טויוטה:YARIS:2012:2020
30.176.00,מסנן אוויר YARIS,,,UFI,מסננים,,7.29,,GBP,1,,,,,,,,air_filter,,מקור: קטלוג מקוון לא רשמי (AUTODOC). לא לשימוש מסחרי.,1,,טויוטה:YARIS:2012:2020
J1322077,מסנן אוויר YARIS,,,HERTH+BUSS JAKOPARTS,מסננים,,11.99,,GBP,1,,,,,,,,air_filter,,מקור: קטלוג מקוון לא רשמי (AUTODOC). לא לשימוש מסחרי.,1,,טויוטה:YARIS:2012:2020
FA-286S,מסנן אוויר YARIS,,,JAPANPARTS,מסננים,,10.99,,GBP,1,,,,,,,,air_filter,,מקור: קטלוג מקוון לא רשמי (AUTODOC). לא לשימוש מסחרי.,1,,טויוטה:YARIS:2012:2020
AP 142/2,מסנן אוויר YARIS,,,FILTRON,מסננים,,7.99,,GBP,1,,,,,,,,air_filter,,מקור: קטלוג מקוון לא רשמי (AUTODOC). לא לשימוש מסחרי.,1,,טויוטה:YARIS:2012:2020
82B0076P,דיסק בלם קדמי YARIS,,,RIDEX PLUS,בלמים,,32.49,,GBP,1,,,,,,,,brake_disc_front,,מקור: קטלוג מקוון לא רשמי (AUTODOC). לא לשימוש מסחרי.,1,,טויוטה:YARIS:2012:2020
09.A913.11,דיסק בלם קדמי YARIS,,,BREMBO,בלמים,,42.99,,GBP,1,,,,,,,,brake_disc_front,,מקור: קטלוג מקוון לא רשמי (AUTODOC). לא לשימוש מסחרי.,1,,טויוטה:YARIS:2012:2020
24.0122-0240.1,דיסק בלם קדמי YARIS,,,ATE,בלמים,,44.99,,GBP,1,,,,,,,,brake_disc_front,,מקור: קטלוג מקוון לא רשמי (AUTODOC). לא לשימוש מסחרי.,1,,טויוטה:YARIS:2012:2020
108380,דיסק בלם קדמי YARIS,,,FEBI BILSTEIN,בלמים,,29.49,,GBP,1,,,,,,,,brake_disc_front,,מקור: קטלוג מקוון לא רשמי (AUTODOC). לא לשימוש מסחרי.,1,,טויוטה:YARIS:2012:2020
09.A913.14,דיסק בלם קדמי YARIS,,,BREMBO,בלמים,,37.49,,GBP,1,,,,,,,,brake_disc_front,,מקור: קטלוג מקוון לא רשמי (AUTODOC). לא לשימוש מסחרי.,1,,טויוטה:YARIS:2012:2020
ADT343205,דיסק בלם קדמי YARIS,,,BLUE PRINT,בלמים,,28.99,,GBP,1,,,,,,,,brake_disc_front,,מקור: קטלוג מקוון לא רשמי (AUTODOC). לא לשימוש מסחרי.,1,,טויוטה:YARIS:2012:2020
0 986 479 C06,דיסק בלם קדמי YARIS,,,BOSCH,בלמים,,28.99,,GBP,1,,,,,,,,brake_disc_front,,מקור: קטלוג מקוון לא רשמי (AUTODOC). לא לשימוש מסחרי.,1,,טויוטה:YARIS:2012:2020
DF4842,דיסק בלם קדמי YARIS,,,TRW,בלמים,,33.99,,GBP,1,,,,,,,,brake_disc_front,,מקור: קטלוג מקוון לא רשמי (AUTODOC). לא לשימוש מסחרי.,1,,טויוטה:YARIS:2012:2020
ADT343269,דיסק בלם קדמי YARIS,,,BLUE PRINT,בלמים,,28.99,,GBP,1,,,,,,,,brake_disc_front,,מקור: קטלוג מקוון לא רשמי (AUTODOC). לא לשימוש מסחרי.,1,,טויוטה:YARIS:2012:2020
562421JC,דיסק בלם קדמי YARIS,,,JURID,בלמים,,27.49,,GBP,1,,,,,,,,brake_disc_front,,מקור: קטלוג מקוון לא רשמי (AUTODOC). לא לשימוש מסחרי.,1,,טויוטה:YARIS:2012:2020
686S0086,מצת COROLLA / YARIS / C-HR / MAZDA 3,,,RIDEX,הצתה,,6.29,,GBP,1,,,,,,,,spark_plug,,מקור: קטלוג מקוון לא רשמי (AUTODOC). לא לשימוש מסחרי.,1,,טויוטה:COROLLA:2013:2019; טויוטה:YARIS:2012:2020; טויוטה:C-HR:2016:2026; מאזדה:MAZDA 3:2019:2026; טויוטה:RAV4:2013:2018; מאזדה:CX-3:2015:2026; מאזדה:MAZDA 2:2014:2026
SC16HR11,מצת COROLLA,,,DENSO,הצתה,,17.49,,GBP,1,,,,,,,,spark_plug,,מקור: קטלוג מקוון לא רשמי (AUTODOC). לא לשימוש מסחרי.,1,,טויוטה:COROLLA:2013:2019
IXEH22TT,מצת COROLLA / CX-5 / CX-3 / MAZDA 6,,,DENSO,הצתה,,16.49,,GBP,1,,,,,,,,spark_plug,,מקור: קטלוג מקוון לא רשמי (AUTODOC). לא לשימוש מסחרי.,1,,טויוטה:COROLLA:2013:2019; מאזדה:CX-5:2017:2026; מאזדה:CX-3:2015:2026; מאזדה:MAZDA 6:2012:2026; מאזדה:MAZDA 2:2014:2026
IXEH20TT,מצת COROLLA / C-HR / RAV4 / PRIUS,,,DENSO,הצתה,,16.49,,GBP,1,,,,,,,,spark_plug,,מקור: קטלוג מקוון לא רשמי (AUTODOC). לא לשימוש מסחרי.,1,,טויוטה:COROLLA:2013:2019; טויוטה:C-HR:2016:2026; טויוטה:RAV4:2018:2026; טויוטה:PRIUS:2015:2022; טויוטה:CAMRY:2018:2026
0 242 129 529,מצת COROLLA / YARIS,,,BOSCH,הצתה,,14.49,,GBP,1,,,,,,,,spark_plug,,מקור: קטלוג מקוון לא רשמי (AUTODOC). לא לשימוש מסחרי.,1,,טויוטה:COROLLA:2013:2019; טויוטה:YARIS:2012:2020
5989,מצת COROLLA / YARIS / RAV4,,,NGK,הצתה,,19.99,,GBP,1,,,,,,,,spark_plug,,מקור: קטלוג מקוון לא רשמי (AUTODOC). לא לשימוש מסחרי.,1,,טויוטה:COROLLA:2013:2019; טויוטה:YARIS:2012:2020; טויוטה:RAV4:2013:2018
1654,מצת COROLLA / YARIS / CX-3 / MAZDA 2,,,NGK,הצתה,,24.99,,GBP,1,,,,,,,,spark_plug,,מקור: קטלוג מקוון לא רשמי (AUTODOC). לא לשימוש מסחרי.,1,,טויוטה:COROLLA:2013:2019; טויוטה:YARIS:2012:2020; מאזדה:CX-3:2015:2026; מאזדה:MAZDA 2:2014:2026
CCH9412,מצת COROLLA / YARIS / RAV4 / AURIS,,,CHAMPION,הצתה,,10.49,,GBP,1,,,,,,,,spark_plug,,מקור: קטלוג מקוון לא רשמי (AUTODOC). לא לשימוש מסחרי.,1,,טויוטה:COROLLA:2013:2019; טויוטה:YARIS:2012:2020; טויוטה:RAV4:2013:2018; טויוטה:AURIS:2012:2019
6283,מצת COROLLA / YARIS / CX-3 / MAZDA 2,,,NGK,הצתה,,29.99,,GBP,1,,,,,,,,spark_plug,,מקור: קטלוג מקוון לא רשמי (AUTODOC). לא לשימוש מסחרי.,1,,טויוטה:COROLLA:2013:2019; טויוטה:YARIS:2012:2020; מאזדה:CX-3:2015:2026; מאזדה:MAZDA 2:2014:2026; מאזדה:MX-5:2015:2026
7100010,מצת COROLLA / YARIS / RAV4,,,KAMOKA,הצתה,,13.49,,GBP,1,,,,,,,,spark_plug,,מקור: קטלוג מקוון לא רשמי (AUTODOC). לא לשימוש מסחרי.,1,,טויוטה:COROLLA:2013:2019; טויוטה:YARIS:2012:2020; טויוטה:RAV4:2013:2018
8EH 188 706-161,מצת COROLLA / YARIS / RAV4,,,HELLA,הצתה,,10.49,,GBP,1,,,,,,,,spark_plug,,מקור: קטלוג מקוון לא רשמי (AUTODOC). לא לשימוש מסחרי.,1,,טויוטה:COROLLA:2013:2019; טויוטה:YARIS:2012:2020; טויוטה:RAV4:2013:2018
062611000067,מצת COROLLA / YARIS / RAV4,,,MAGNETI MARELLI,הצתה,,11.99,,GBP,1,,,,,,,,spark_plug,,מקור: קטלוג מקוון לא רשמי (AUTODOC). לא לשימוש מסחרי.,1,,טויוטה:COROLLA:2013:2019; טויוטה:YARIS:2012:2020; טויוטה:RAV4:2013:2018
Z538,מצת COROLLA / YARIS / RAV4,,,BERU,הצתה,,13.49,,GBP,1,,,,,,,,spark_plug,,מקור: קטלוג מקוון לא רשמי (AUTODOC). לא לשימוש מסחרי.,1,,טויוטה:COROLLA:2013:2019; טויוטה:YARIS:2012:2020; טויוטה:RAV4:2013:2018
062711000055,מצת COROLLA / YARIS,,,MAGNETI MARELLI,הצתה,,8.99,,GBP,1,,,,,,,,spark_plug,,מקור: קטלוג מקוון לא רשמי (AUTODOC). לא לשימוש מסחרי.,1,,טויוטה:COROLLA:2013:2019; טויוטה:YARIS:2012:2020
GCF860172,מצת COROLLA / C-HR / MAZDA 3 / RAV4,,,goCORE,הצתה,,16.49,,GBP,1,,,,,,,,spark_plug,,מקור: קטלוג מקוון לא רשמי (AUTODOC). לא לשימוש מסחרי.,1,,טויוטה:COROLLA:2013:2019; טויוטה:C-HR:2016:2026; מאזדה:MAZDA 3:2019:2026; טויוטה:RAV4:2013:2018; מאזדה:CX-3:2015:2026; מאזדה:MAZDA 2:2014:2026
Z536,מצת COROLLA / YARIS,,,BERU,הצתה,,10.49,,GBP,1,,,,,,,,spark_plug,,מקור: קטלוג מקוון לא רשמי (AUTODOC). לא לשימוש מסחרי.,1,,טויוטה:COROLLA:2013:2019; טויוטה:YARIS:2012:2020
82B0735P,דיסק בלם קדמי COROLLA,,,RIDEX PLUS,בלמים,,32.99,,GBP,1,,,,,,,,brake_disc_front,,מקור: קטלוג מקוון לא רשמי (AUTODOC). לא לשימוש מסחרי.,1,,טויוטה:COROLLA:2013:2019; טויוטה:COROLLA:2013:2019:2ZR-FAE
DDF2653C,דיסק בלם קדמי COROLLA,,,FERODO,בלמים,,37.49,,GBP,1,,,,,,,,brake_disc_front,,מקור: קטלוג מקוון לא רשמי (AUTODOC). לא לשימוש מסחרי.,1,,טויוטה:COROLLA:2013:2019; טויוטה:COROLLA:2013:2019:2ZR-FAE
0 986 479 A62,דיסק בלם קדמי COROLLA,,,BOSCH,בלמים,,34.49,,GBP,1,,,,,,,,brake_disc_front,,מקור: קטלוג מקוון לא רשמי (AUTODOC). לא לשימוש מסחרי.,1,,טויוטה:COROLLA:2013:2019; טויוטה:COROLLA:2013:2019:2ZR-FAE
09.C648.11,דיסק בלם קדמי COROLLA,,,BREMBO,בלמים,,50.99,,GBP,1,,,,,,,,brake_disc_front,,מקור: קטלוג מקוון לא רשמי (AUTODOC). לא לשימוש מסחרי.,1,,טויוטה:COROLLA:2013:2019; טויוטה:COROLLA:2013:2019:2ZR-FAE
108406,דיסק בלם קדמי COROLLA,,,FEBI BILSTEIN,בלמים,,38.49,,GBP,1,,,,,,,,brake_disc_front,,מקור: קטלוג מקוון לא רשמי (AUTODOC). לא לשימוש מסחרי.,1,,טויוטה:COROLLA:2013:2019; טויוטה:COROLLA:2013:2019:2ZR-FAE
BG4711C,דיסק בלם קדמי COROLLA,,,DELPHI,בלמים,,37.49,,GBP,1,,,,,,,,brake_disc_front,,מקור: קטלוג מקוון לא רשמי (AUTODOC). לא לשימוש מסחרי.,1,,טויוטה:COROLLA:2013:2019
P 83 085,רפידות בלם קדמיות YARIS,,,BREMBO,בלמים,,36.49,,GBP,1,,,,,,,,brake_pads_front,,מקור: קטלוג מקוון לא רשמי (AUTODOC). לא לשימוש מסחרי.,1,,טויוטה:YARIS:2012:2020
572576J,רפידות בלם קדמיות YARIS,,,JURID,בלמים,,25.49,,GBP,1,,,,,,,,brake_pads_front,,מקור: קטלוג מקוון לא רשמי (AUTODOC). לא לשימוש מסחרי.,1,,טויוטה:YARIS:2012:2020
301076,רפידות בלם קדמיות YARIS,,,VALEO,בלמים,,17.49,,GBP,1,,,,,,,,brake_pads_front,,מקור: קטלוג מקוון לא רשמי (AUTODOC). לא לשימוש מסחרי.,1,,טויוטה:YARIS:2012:2020
8EH 188 704-221,מצת YARIS,,,HELLA,הצתה,,4.29,,GBP,1,,,,,,,,spark_plug,,מקור: קטלוג מקוון לא רשמי (AUTODOC). לא לשימוש מסחרי.,1,,טויוטה:YARIS:2012:2020
1708,מצת YARIS,,,BRISK,הצתה,,17.99,,GBP,1,,,,,,,,spark_plug,,מקור: קטלוג מקוון לא רשמי (AUTODOC). לא לשימוש מסחרי.,1,,טויוטה:YARIS:2012:2020
402B0685,רפידות בלם קדמיות COROLLA,,,RIDEX,בלמים,,16.49,,GBP,1,,,,,,,,brake_pads_front,,מקור: קטלוג מקוון לא רשמי (AUTODOC). לא לשימוש מסחרי.,1,,טויוטה:COROLLA:2013:2019; טויוטה:COROLLA:2013:2019:2ZR-FAE
402B0861,רפידות בלם קדמיות COROLLA,,,RIDEX,בלמים,,20.99,,GBP,1,,,,,,,,brake_pads_front,,מקור: קטלוג מקוון לא רשמי (AUTODOC). לא לשימוש מסחרי.,1,,טויוטה:COROLLA:2013:2019; טויוטה:COROLLA:2013:2019:2ZR-FAE
0 986 494 676,רפידות בלם קדמיות COROLLA,,,BOSCH,בלמים,,32.49,,GBP,1,,,,,,,,brake_pads_front,,מקור: קטלוג מקוון לא רשמי (AUTODOC). לא לשימוש מסחרי.,1,,טויוטה:COROLLA:2013:2019; טויוטה:COROLLA:2013:2019:2ZR-FAE
P 83 150,רפידות בלם קדמיות COROLLA,,,BREMBO,בלמים,,38.99,,GBP,1,,,,,,,,brake_pads_front,,מקור: קטלוג מקוון לא רשמי (AUTODOC). לא לשימוש מסחרי.,1,,טויוטה:COROLLA:2013:2019; טויוטה:COROLLA:2013:2019:2ZR-FAE
P 83 082,רפידות בלם קדמיות COROLLA,,,BREMBO,בלמים,,30.99,,GBP,1,,,,,,,,brake_pads_front,,מקור: קטלוג מקוון לא רשמי (AUTODOC). לא לשימוש מסחרי.,1,,טויוטה:COROLLA:2013:2019; טויוטה:COROLLA:2013:2019:2ZR-FAE
184051,מסנן אוויר MAZDA 3 / MAZDA 2,,,FEBI BILSTEIN,מסננים,,6.59,,GBP,1,,,,,,,,air_filter,,מקור: קטלוג מקוון לא רשמי (AUTODOC). לא לשימוש מסחרי.,1,,מאזדה:MAZDA 3:2013:2019; מאזדה:MAZDA 2:2014:2026
06098,מסנן אוויר MAZDA 3 / CX-30 / SORENTO / CAMRY,,,PILOT,מסננים,,7.59,,GBP,1,,,,,,,,air_filter,,מקור: קטלוג מקוון לא רשמי (AUTODOC). לא לשימוש מסחרי.,1,,מאזדה:MAZDA 3:2013:2019; מאזדה:CX-30:2019:2026; מאזדה:MAZDA 3:2019:2026; קיה:SORENTO:2015:2020; טויוטה:CAMRY:2018:2026
424I0606P,מסנן מזגן MAZDA 3 / CX-5 / MAZDA 6,,,RIDEX PLUS,מסננים,,15.99,,GBP,1,,,,,,,,cabin_filter,,מקור: קטלוג מקוון לא רשמי (AUTODOC). לא לשימוש מסחרי.,1,,מאזדה:MAZDA 3:2013:2019; מאזדה:CX-5:2017:2026; מאזדה:MAZDA 6:2012:2026
ADM52531,מסנן מזגן MAZDA 3 / CX-5 / MAZDA 6,,,BLUE PRINT,מסננים,,9.29,,GBP,1,,,,,,,,cabin_filter,,מקור: קטלוג מקוון לא רשמי (AUTODOC). לא לשימוש מסחרי.,1,,מאזדה:MAZDA 3:2013:2019; מאזדה:CX-5:2017:2026; מאזדה:MAZDA 6:2012:2026
ADBP250067,מסנן מזגן MAZDA 3,,,BLUE PRINT,מסננים,,9.29,,GBP,1,,,,,,,,cabin_filter,,מקור: קטלוג מקוון לא רשמי (AUTODOC). לא לשימוש מסחרי.,1,,מאזדה:MAZDA 3:2013:2019
8ZC 366 121-111,מסנן מזגן MAZDA 3,,,HELLA,מסננים,,13.99,,GBP,1,,,,,,,,cabin_filter,,מקור: קטלוג מקוון לא רשמי (AUTODOC). לא לשימוש מסחרי.,1,,מאזדה:MAZDA 3:2013:2019
424I0606,מסנן מזגן MAZDA 3,,,RIDEX,מסננים,,10.99,,GBP,1,,,,,,,,cabin_filter,,מקור: קטלוג מקוון לא רשמי (AUTODOC). לא לשימוש מסחרי.,1,,מאזדה:MAZDA 3:2013:2019
0543-002,מסנן מזגן MAZDA 3,,,FEBEST,מסננים,,6.99,,GBP,1,,,,,,,,cabin_filter,,מקור: קטלוג מקוון לא רשמי (AUTODOC). לא לשימוש מסחרי.,1,,מאזדה:MAZDA 3:2013:2019
SKIF-0170605,מסנן מזגן MAZDA 3,,,STARK,מסננים,,11.99,,GBP,1,,,,,,,,cabin_filter,,מקור: קטלוג מקוון לא רשמי (AUTODOC). לא לשימוש מסחרי.,1,,מאזדה:MAZDA 3:2013:2019
424I0385,מסנן מזגן CX-5 / MAZDA 6,,,RIDEX,מסננים,,8.99,,GBP,1,,,,,,,,cabin_filter,,מקור: קטלוג מקוון לא רשמי (AUTODOC). לא לשימוש מסחרי.,1,,מאזדה:CX-5:2017:2026; מאזדה:MAZDA 6:2012:2026
424I0139,מסנן מזגן CX-5 / MAZDA 6,,,RIDEX,מסננים,,7.99,,GBP,1,,,,,,,,cabin_filter,,מקור: קטלוג מקוון לא רשמי (AUTODOC). לא לשימוש מסחרי.,1,,מאזדה:CX-5:2017:2026; מאזדה:MAZDA 6:2012:2026
424I0385P,מסנן מזגן CX-5 / MAZDA 6,,,RIDEX PLUS,מסננים,,10.99,,GBP,1,,,,,,,,cabin_filter,,מקור: קטלוג מקוון לא רשמי (AUTODOC). לא לשימוש מסחרי.,1,,מאזדה:CX-5:2017:2026; מאזדה:MAZDA 6:2012:2026
424I0139P,מסנן מזגן CX-5,,,RIDEX PLUS,מסננים,,12.49,,GBP,1,,,,,,,,cabin_filter,,מקור: קטלוג מקוון לא רשמי (AUTODOC). לא לשימוש מסחרי.,1,,מאזדה:CX-5:2017:2026
DVF5070,מסנן מזגן CX-5,,,K&N Filters,מסננים,,22.99,,GBP,1,,,,,,,,cabin_filter,,מקור: קטלוג מקוון לא רשמי (AUTODOC). לא לשימוש מסחרי.,1,,מאזדה:CX-5:2017:2026
7O0026,מסנן שמן MAZDA 3 / CX-5 / RIO / CX-30,,,RIDEX,מסננים,,4.29,,GBP,1,,,,,,,,oil_filter,,מקור: קטלוג מקוון לא רשמי (AUTODOC). לא לשימוש מסחרי.,1,,מאזדה:MAZDA 3:2013:2019; מאזדה:CX-5:2017:2026; קיה:RIO:2017:2026; מאזדה:CX-30:2019:2026; קיה:CEED:2018:2026; מאזדה:MAZDA 3:2019:2026; מאזדה:CX-3:2015:2026; מאזדה:MAZDA 6:2012:2026; מאזדה:MAZDA 2:2014:2026; קיה:STONIC:2017:2026; מאזדה:MX-5:2015:2026
7O0026P,מסנן שמן MAZDA 3 / CX-5 / RIO / CX-30,,,RIDEX PLUS,מסננים,,5.59,,GBP,1,,,,,,,,oil_filter,,מקור: קטלוג מקוון לא רשמי (AUTODOC). לא לשימוש מסחרי.,1,,מאזדה:MAZDA 3:2013:2019; מאזדה:CX-5:2017:2026; קיה:RIO:2017:2026; מאזדה:CX-30:2019:2026; קיה:CEED:2018:2026; מאזדה:MAZDA 3:2019:2026; מאזדה:CX-3:2015:2026; מאזדה:MAZDA 6:2012:2026; מאזדה:MAZDA 2:2014:2026; קיה:STONIC:2017:2026; מאזדה:MX-5:2015:2026
F 026 407 160,מסנן שמן MAZDA 3 / MAZDA 6,,,BOSCH,מסננים,,11.49,,GBP,1,,,,,,,,oil_filter,,מקור: קטלוג מקוון לא רשמי (AUTODOC). לא לשימוש מסחרי.,1,,מאזדה:MAZDA 3:2013:2019; מאזדה:MAZDA 6:2012:2026
193872,מסנן שמן MAZDA 3 / CX-5 / CX-30 / MAZDA 6,,,FEBI BILSTEIN,מסננים,,4.59,,GBP,1,,,,,,,,oil_filter,,מקור: קטלוג מקוון לא רשמי (AUTODOC). לא לשימוש מסחרי.,1,,מאזדה:MAZDA 3:2013:2019; מאזדה:CX-5:2017:2026; מאזדה:CX-30:2019:2026; מאזדה:MAZDA 3:2019:2026; מאזדה:CX-3:2015:2026; מאזדה:MAZDA 6:2012:2026; מאזדה:MAZDA 2:2014:2026
ADM52106,מסנן שמן MAZDA 3 / CX-5 / CX-30 / MAZDA 6,,,BLUE PRINT,מסננים,,4.29,,GBP,1,,,,,,,,oil_filter,,מקור: קטלוג מקוון לא רשמי (AUTODOC). לא לשימוש מסחרי.,1,,מאזדה:MAZDA 3:2013:2019; מאזדה:CX-5:2017:2026; מאזדה:CX-30:2019:2026; מאזדה:MAZDA 3:2019:2026; מאזדה:CX-3:2015:2026; מאזדה:MAZDA 6:2012:2026; מאזדה:MAZDA 2:2014:2026; מאזדה:MX-5:2015:2026
8ZO 366 100-761,מסנן שמן MAZDA 3 / CX-30,,,HELLA,מסננים,,5.59,,GBP,1,,,,,,,,oil_filter,,מקור: קטלוג מקוון לא רשמי (AUTODOC). לא לשימוש מסחרי.,1,,מאזדה:MAZDA 3:2013:2019; מאזדה:CX-30:2019:2026; מאזדה:MAZDA 3:2019:2026
SKOF-0860025,מסנן שמן MAZDA 3 / CX-30,,,STARK,מסננים,,4.29,,GBP,1,,,,,,,,oil_filter,,מקור: קטלוג מקוון לא רשמי (AUTODOC). לא לשימוש מסחרי.,1,,מאזדה:MAZDA 3:2013:2019; מאזדה:CX-30:2019:2026; מאזדה:MAZDA 3:2019:2026
LX 4143,מסנן אוויר CX-5 / MAZDA 6,,,MAHLE,מסננים,,13.99,,GBP,1,,,,,,,,air_filter,,מקור: קטלוג מקוון לא רשמי (AUTODOC). לא לשימוש מסחרי.,1,,מאזדה:CX-5:2017:2026; מאזדה:MAZDA 6:2012:2026
CAF101239P,מסנן אוויר CX-5,,,CHAMPION,מסננים,,7.99,,GBP,1,,,,,,,,air_filter,,מקור: קטלוג מקוון לא רשמי (AUTODOC). לא לשימוש מסחרי.,1,,מאזדה:CX-5:2017:2026
184128,מסנן אוויר CX-5 / MAZDA 6,,,FEBI BILSTEIN,מסננים,,7.99,,GBP,1,,,,,,,,air_filter,,מקור: קטלוג מקוון לא רשמי (AUTODOC). לא לשימוש מסחרי.,1,,מאזדה:CX-5:2017:2026; מאזדה:MAZDA 6:2012:2026
ADM52264,מסנן אוויר CX-5 / MAZDA 6,,,BLUE PRINT,מסננים,,7.99,,GBP,1,,,,,,,,air_filter,,מקור: קטלוג מקוון לא רשמי (AUTODOC). לא לשימוש מסחרי.,1,,מאזדה:CX-5:2017:2026; מאזדה:MAZDA 6:2012:2026
E1117L,מסנן אוויר CX-5 / MAZDA 6,,,HENGST FILTER,מסננים,,10.99,,GBP,1,,,,,,,,air_filter,,מקור: קטלוג מקוון לא רשמי (AUTODOC). לא לשימוש מסחרי.,1,,מאזדה:CX-5:2017:2026; מאזדה:MAZDA 6:2012:2026
AP 113/6,מסנן אוויר CX-5,,,FILTRON,מסננים,,10.49,,GBP,1,,,,,,,,air_filter,,מקור: קטלוג מקוון לא רשמי (AUTODOC). לא לשימוש מסחרי.,1,,מאזדה:CX-5:2017:2026
30.779.00,מסנן אוויר CX-5 / MAZDA 6,,,UFI,מסננים,,11.49,,GBP,1,,,,,,,,air_filter,,מקור: קטלוג מקוון לא רשמי (AUTODOC). לא לשימוש מסחרי.,1,,מאזדה:CX-5:2017:2026; מאזדה:MAZDA 6:2012:2026
A1564,מסנן אוויר CX-5 / MAZDA 6,,,PURFLUX,מסננים,,16.99,,GBP,1,,,,,,,,air_filter,,מקור: קטלוג מקוון לא רשמי (AUTODOC). לא לשימוש מסחרי.,1,,מאזדה:CX-5:2017:2026; מאזדה:MAZDA 6:2012:2026
QFA0979,מסנן אוויר CX-5,,,QUINTON HAZELL,מסננים,,14.49,,GBP,1,,,,,,,,air_filter,,מקור: קטלוג מקוון לא רשמי (AUTODOC). לא לשימוש מסחרי.,1,,מאזדה:CX-5:2017:2026
GCH0340,מסנן אוויר CX-5 / MAZDA 6,,,goCORE,מסננים,,19.99,,GBP,1,,,,,,,,air_filter,,מקור: קטלוג מקוון לא רשמי (AUTODOC). לא לשימוש מסחרי.,1,,מאזדה:CX-5:2017:2026; מאזדה:MAZDA 6:2012:2026
DFA2200,מסנן אוויר CX-5,,,DACO Germany,מסננים,,10.49,,GBP,1,,,,,,,,air_filter,,מקור: קטלוג מקוון לא רשמי (AUTODOC). לא לשימוש מסחרי.,1,,מאזדה:CX-5:2017:2026
FA1199,מסנן אוויר CX-5,,,BREMSI,מסננים,,11.99,,GBP,1,,,,,,,,air_filter,,מקור: קטלוג מקוון לא רשמי (AUTODOC). לא לשימוש מסחרי.,1,,מאזדה:CX-5:2017:2026
W 6018,מסנן שמן CX-5 / CX-30 / MAZDA 2,,,MANN-FILTER,מסננים,,11.49,,GBP,1,,,,,,,,oil_filter,,מקור: קטלוג מקוון לא רשמי (AUTODOC). לא לשימוש מסחרי.,1,,מאזדה:CX-5:2017:2026; מאזדה:CX-30:2019:2026; מאזדה:CX-3:2015:2026; מאזדה:MAZDA 2:2014:2026
COF100129S,מסנן שמן CX-5 / CX-3 / MAZDA 2,,,CHAMPION,מסננים,,4.29,,GBP,1,,,,,,,,oil_filter,,מקור: קטלוג מקוון לא רשמי (AUTODOC). לא לשימוש מסחרי.,1,,מאזדה:CX-5:2017:2026; מאזדה:CX-3:2015:2026; מאזדה:MAZDA 2:2014:2026
LS892,מסנן שמן CX-5 / CX-3 / MAZDA 6 / MAZDA 2,,,PURFLUX,מסננים,,6.29,,GBP,1,,,,,,,,oil_filter,,מקור: קטלוג מקוון לא רשמי (AUTODOC). לא לשימוש מסחרי.,1,,מאזדה:CX-5:2017:2026; מאזדה:CX-3:2015:2026; מאזדה:MAZDA 6:2012:2026; מאזדה:MAZDA 2:2014:2026; מאזדה:MX-5:2015:2026
FO-120S,מסנן שמן CX-5 / RIO / CX-3 / MAZDA 2,,,JAPANPARTS,מסננים,,7.29,,GBP,1,,,,,,,,oil_filter,,מקור: קטלוג מקוון לא רשמי (AUTODOC). לא לשימוש מסחרי.,1,,מאזדה:CX-5:2017:2026; קיה:RIO:2017:2026; מאזדה:CX-3:2015:2026; מאזדה:MAZDA 2:2014:2026; קיה:STONIC:2017:2026; מאזדה:MX-5:2015:2026
H328W,מסנן שמן CX-5 / CX-3 / MAZDA 6 / MAZDA 2,,,HENGST FILTER,מסננים,,10.99,,GBP,1,,,,,,,,oil_filter,,מקור: קטלוג מקוון לא רשמי (AUTODOC). לא לשימוש מסחרי.,1,,מאזדה:CX-5:2017:2026; מאזדה:CX-3:2015:2026; מאזדה:MAZDA 6:2012:2026; מאזדה:MAZDA 2:2014:2026; מאזדה:MX-5:2015:2026
586172,מסנן שמן CX-5 / CX-3 / MAZDA 6 / MAZDA 2,,,VALEO,מסננים,,5.99,,GBP,1,,,,,,,,oil_filter,,מקור: קטלוג מקוון לא רשמי (AUTODOC). לא לשימוש מסחרי.,1,,מאזדה:CX-5:2017:2026; מאזדה:CX-3:2015:2026; מאזדה:MAZDA 6:2012:2026; מאזדה:MAZDA 2:2014:2026
OP 595/1,מסנן שמן CX-5 / CX-3 / MAZDA 2 / MX-5,,,FILTRON,מסננים,,7.29,,GBP,1,,,,,,,,oil_filter,,מקור: קטלוג מקוון לא רשמי (AUTODOC). לא לשימוש מסחרי.,1,,מאזדה:CX-5:2017:2026; מאזדה:CX-3:2015:2026; מאזדה:MAZDA 2:2014:2026; מאזדה:MX-5:2015:2026
J1311018,מסנן שמן CX-5 / RIO / PICANTO / CX-30,,,HERTH+BUSS JAKOPARTS,מסננים,,5.99,,GBP,1,,,,,,,,oil_filter,,מקור: קטלוג מקוון לא רשמי (AUTODOC). לא לשימוש מסחרי.,1,,מאזדה:CX-5:2017:2026; קיה:RIO:2017:2026; קיה:PICANTO:2017:2026; מאזדה:CX-30:2019:2026; קיה:CEED:2018:2026; מאזדה:MAZDA 3:2019:2026; מאזדה:CX-3:2015:2026; מאזדה:MAZDA 6:2012:2026; מאזדה:MAZDA 2:2014:2026; קיה:STONIC:2017:2026; מאזדה:MX-5:2015:2026
10-01-120,מסנן שמן CX-5 / RIO / CX-3 / MAZDA 2,,,ASHIKA,מסננים,,5.99,,GBP,1,,,,,,,,oil_filter,,מקור: קטלוג מקוון לא רשמי (AUTODOC). לא לשימוש מסחרי.,1,,מאזדה:CX-5:2017:2026; קיה:RIO:2017:2026; מאזדה:CX-3:2015:2026; מאזדה:MAZDA 2:2014:2026; קיה:STONIC:2017:2026; מאזדה:MX-5:2015:2026
FT38092,מסנן שמן CX-5 / MAZDA 6,,,FAST,מסננים,,5.29,,GBP,1,,,,,,,,oil_filter,,מקור: קטלוג מקוון לא רשמי (AUTODOC). לא לשימוש מסחרי.,1,,מאזדה:CX-5:2017:2026; מאזדה:MAZDA 6:2012:2026
QFL0385,מסנן שמן CX-5 / CX-30 / MAZDA 6 / MAZDA 2,,,QUINTON HAZELL,מסננים,,4.59,,GBP,1,,,,,,,,oil_filter,,מקור: קטלוג מקוון לא רשמי (AUTODOC). לא לשימוש מסחרי.,1,,מאזדה:CX-5:2017:2026; מאזדה:CX-30:2019:2026; מאזדה:CX-3:2015:2026; מאזדה:MAZDA 6:2012:2026; מאזדה:MAZDA 2:2014:2026
GCG0024,מסנן שמן CX-5 / CX-30 / CEED / MAZDA 3,,,goCORE,מסננים,,8.99,,GBP,1,,,,,,,,oil_filter,,מקור: קטלוג מקוון לא רשמי (AUTODOC). לא לשימוש מסחרי.,1,,מאזדה:CX-5:2017:2026; מאזדה:CX-30:2019:2026; קיה:CEED:2018:2026; מאזדה:MAZDA 3:2019:2026; מאזדה:MAZDA 6:2012:2026
35-14 322 0007,מסנן שמן CX-5 / MX-5,,,MEYLE,מסננים,,11.99,,GBP,1,,,,,,,,oil_filter,,מקור: קטלוג מקוון לא רשמי (AUTODOC). לא לשימוש מסחרי.,1,,מאזדה:CX-5:2017:2026; מאזדה:MX-5:2015:2026
FT5406,מסנן שמן CX-5 / MX-5,,,COOPERSFIAAM FILTERS,מסננים,,11.49,,GBP,1,,,,,,,,oil_filter,,מקור: קטלוג מקוון לא רשמי (AUTODOC). לא לשימוש מסחרי.,1,,מאזדה:CX-5:2017:2026; מאזדה:MX-5:2015:2026
7O0025,מסנן שמן SPORTAGE / NIRO / SOUL,,,RIDEX,מסננים,,3.29,,GBP,1,,,,,,,,oil_filter,,מקור: קטלוג מקוון לא רשמי (AUTODOC). לא לשימוש מסחרי.,1,,קיה:SPORTAGE:2015:2022; קיה:NIRO:2016:2022; קיה:SOUL:2019:2026
7O0228,מסנן שמן SPORTAGE,,,RIDEX,מסננים,,5.29,,GBP,1,,,,,,,,oil_filter,,מקור: קטלוג מקוון לא רשמי (AUTODOC). לא לשימוש מסחרי.,1,,קיה:SPORTAGE:2015:2022
7O0228P,מסנן שמן SPORTAGE,,,RIDEX PLUS,מסננים,,7.59,,GBP,1,,,,,,,,oil_filter,,מקור: קטלוג מקוון לא רשמי (AUTODOC). לא לשימוש מסחרי.,1,,קיה:SPORTAGE:2015:2022
SKOF-0860024,מסנן שמן SPORTAGE / NIRO / SOUL,,,STARK,מסננים,,3.29,,GBP,1,,,,,,,,oil_filter,,מקור: קטלוג מקוון לא רשמי (AUTODOC). לא לשימוש מסחרי.,1,,קיה:SPORTAGE:2015:2022; קיה:NIRO:2016:2022; קיה:SOUL:2019:2026
W 8017,מסנן שמן SPORTAGE,,,MANN-FILTER,מסננים,,7.99,,GBP,1,,,,,,,,oil_filter,,מקור: קטלוג מקוון לא רשמי (AUTODOC). לא לשימוש מסחרי.,1,,קיה:SPORTAGE:2015:2022
H13W01,מסנן שמן SPORTAGE / NIRO / SOUL / SELTOS,,,HENGST FILTER,מסננים,,6.29,,GBP,1,,,,,,,,oil_filter,,מקור: קטלוג מקוון לא רשמי (AUTODOC). לא לשימוש מסחרי.,1,,קיה:SPORTAGE:2015:2022; קיה:NIRO:2016:2022; קיה:SOUL:2019:2026; קיה:SELTOS:2019:2026
184130,מסנן שמן SPORTAGE,,,FEBI BILSTEIN,מסננים,,5.29,,GBP,1,,,,,,,,oil_filter,,מקור: קטלוג מקוון לא רשמי (AUTODOC). לא לשימוש מסחרי.,1,,קיה:SPORTAGE:2015:2022
ADG02144,מסנן שמן SPORTAGE,,,BLUE PRINT,מסננים,,5.99,,GBP,1,,,,,,,,oil_filter,,מקור: קטלוג מקוון לא רשמי (AUTODOC). לא לשימוש מסחרי.,1,,קיה:SPORTAGE:2015:2022
LS489A,מסנן שמן SPORTAGE / CEED / SOUL / CARENS,,,PURFLUX,מסננים,,7.99,,GBP,1,,,,,,,,oil_filter,,מקור: קטלוג מקוון לא רשמי (AUTODOC). לא לשימוש מסחרי.,1,,קיה:SPORTAGE:2015:2022; קיה:CEED:2018:2026; קיה:SOUL:2019:2026; קיה:CARENS:2013:2019; קיה:SELTOS:2019:2026; מאזדה:MX-5:2015:2026
J1317003,מסנן שמן SPORTAGE / NIRO / SOUL,,,HERTH+BUSS JAKOPARTS,מסננים,,5.99,,GBP,1,,,,,,,,oil_filter,,מקור: קטלוג מקוון לא רשמי (AUTODOC). לא לשימוש מסחרי.,1,,קיה:SPORTAGE:2015:2022; קיה:NIRO:2016:2022; קיה:SOUL:2019:2026
GCG0023,מסנן שמן SPORTAGE / NIRO / CEED / SOUL,,,goCORE,מסננים,,7.29,,GBP,1,,,,,,,,oil_filter,,מקור: קטלוג מקוון לא רשמי (AUTODOC). לא לשימוש מסחרי.,1,,קיה:SPORTAGE:2015:2022; קיה:NIRO:2016:2022; קיה:CEED:2018:2026; קיה:SOUL:2019:2026
DFO1304,מסנן שמן SPORTAGE,,,DACO Germany,מסננים,,5.99,,GBP,1,,,,,,,,oil_filter,,מקור: קטלוג מקוון לא רשמי (AUTODOC). לא לשימוש מסחרי.,1,,קיה:SPORTAGE:2015:2022
FO-498S,מסנן שמן SPORTAGE / SORENTO / CARENS,,,JAPANPARTS,מסננים,,8.59,,GBP,1,,,,,,,,oil_filter,,מקור: קטלוג מקוון לא רשמי (AUTODOC). לא לשימוש מסחרי.,1,,קיה:SPORTAGE:2015:2022; קיה:SORENTO:2015:2020; קיה:CARENS:2013:2019
QFL0370,מסנן שמן SPORTAGE,,,QUINTON HAZELL,מסננים,,8.59,,GBP,1,,,,,,,,oil_filter,,מקור: קטלוג מקוון לא רשמי (AUTODOC). לא לשימוש מסחרי.,1,,קיה:SPORTAGE:2015:2022
184040,מסנן אוויר SPORTAGE,,,FEBI BILSTEIN,מסננים,,11.99,,GBP,1,,,,,,,,air_filter,,מקור: קטלוג מקוון לא רשמי (AUTODOC). לא לשימוש מסחרי.,1,,קיה:SPORTAGE:2015:2022
ADG022154,מסנן אוויר SPORTAGE,,,BLUE PRINT,מסננים,,11.49,,GBP,1,,,,,,,,air_filter,,מקור: קטלוג מקוון לא רשמי (AUTODOC). לא לשימוש מסחרי.,1,,קיה:SPORTAGE:2015:2022
J1320561,מסנן אוויר SPORTAGE,,,HERTH+BUSS JAKOPARTS,מסננים,,14.49,,GBP,1,,,,,,,,air_filter,,מקור: קטלוג מקוון לא רשמי (AUTODOC). לא לשימוש מסחרי.,1,,קיה:SPORTAGE:2015:2022
33-5046,מסנן אוויר SPORTAGE,,,K&N Filters,מסננים,,80.49,,GBP,1,,,,,,,,air_filter,,מקור: קטלוג מקוון לא רשמי (AUTODOC). לא לשימוש מסחרי.,1,,קיה:SPORTAGE:2015:2022
26-1585,מסנן אוויר SPORTAGE,,,MAXGEAR,מסננים,,18.99,,GBP,1,,,,,,,,air_filter,,מקור: קטלוג מקוון לא רשמי (AUTODOC). לא לשימוש מסחרי.,1,,קיה:SPORTAGE:2015:2022
60488,מסנן אוויר SPORTAGE,,,MAPCO,מסננים,,13.99,,GBP,1,,,,,,,,air_filter,,מקור: קטלוג מקוון לא רשמי (AUTODOC). לא לשימוש מסחרי.,1,,קיה:SPORTAGE:2015:2022
PA7958,מסנן אוויר SPORTAGE,,,COOPERSFIAAM FILTERS,מסננים,,14.49,,GBP,1,,,,,,,,air_filter,,מקור: קטלוג מקוון לא רשמי (AUTODOC). לא לשימוש מסחרי.,1,,קיה:SPORTAGE:2015:2022
BFA2608,מסנן אוויר SPORTAGE,,,BORG & BECK,מסננים,,10.99,,GBP,1,,,,,,,,air_filter,,מקור: קטלוג מקוון לא רשמי (AUTODOC). לא לשימוש מסחרי.,1,,קיה:SPORTAGE:2015:2022
FA-K36S,מסנן אוויר SPORTAGE,,,JAPANPARTS,מסננים,,17.99,,GBP,1,,,,,,,,air_filter,,מקור: קטלוג מקוון לא רשמי (AUTODOC). לא לשימוש מסחרי.,1,,קיה:SPORTAGE:2015:2022
A1866,מסנן אוויר SPORTAGE,,,PURFLUX,מסננים,,10.99,,GBP,1,,,,,,,,air_filter,,מקור: קטלוג מקוון לא רשמי (AUTODOC). לא לשימוש מסחרי.,1,,קיה:SPORTAGE:2015:2022
QFA1135,מסנן אוויר SPORTAGE,,,QUINTON HAZELL,מסננים,,15.99,,GBP,1,,,,,,,,air_filter,,מקור: קטלוג מקוון לא רשמי (AUTODOC). לא לשימוש מסחרי.,1,,קיה:SPORTAGE:2015:2022
LVFA1669,מסנן אוויר SPORTAGE,,,MOTAQUIP,מסננים,,24.99,,GBP,1,,,,,,,,air_filter,,מקור: קטלוג מקוון לא רשמי (AUTODOC). לא לשימוש מסחרי.,1,,קיה:SPORTAGE:2015:2022
A53-9618,מסנן אוויר SPORTAGE,,,ACKOJA,מסננים,,17.49,,GBP,1,,,,,,,,air_filter,,מקור: קטלוג מקוון לא רשמי (AUTODOC). לא לשימוש מסחרי.,1,,קיה:SPORTAGE:2015:2022
715740,מסנן מזגן SPORTAGE,,,VALEO,מסננים,,6.59,,GBP,1,,,,,,,,cabin_filter,,מקור: קטלוג מקוון לא רשמי (AUTODOC). לא לשימוש מסחרי.,1,,קיה:SPORTAGE:2015:2022
ADG02551,מסנן מזגן SPORTAGE,,,BLUE PRINT,מסננים,,5.99,,GBP,1,,,,,,,,cabin_filter,,מקור: קטלוג מקוון לא רשמי (AUTODOC). לא לשימוש מסחרי.,1,,קיה:SPORTAGE:2015:2022
6080099,מסנן מזגן SPORTAGE,,,KAMOKA,מסננים,,10.49,,GBP,1,,,,,,,,cabin_filter,,מקור: קטלוג מקוון לא רשמי (AUTODOC). לא לשימוש מסחרי.,1,,קיה:SPORTAGE:2015:2022
424I0468,מסנן מזגן C-HR / RAV4 / COROLLA / CAMRY,,,RIDEX,מסננים,,6.99,,GBP,1,,,,,,,,cabin_filter,,מקור: קטלוג מקוון לא רשמי (AUTODOC). לא לשימוש מסחרי.,1,,טויוטה:C-HR:2016:2026; טויוטה:RAV4:2018:2026; טויוטה:COROLLA:2019:2026; טויוטה:CAMRY:2018:2026
424I0303,מסנן מזגן C-HR / RAV4 / COROLLA / CAMRY,,,RIDEX,מסננים,,6.29,,GBP,1,,,,,,,,cabin_filter,,מקור: קטלוג מקוון לא רשמי (AUTODOC). לא לשימוש מסחרי.,1,,טויוטה:C-HR:2016:2026; טויוטה:RAV4:2018:2026; טויוטה:COROLLA:2019:2026; טויוטה:CAMRY:2018:2026
424I0630P,מסנן מזגן C-HR / RAV4 / COROLLA,,,RIDEX PLUS,מסננים,,27.99,,GBP,1,,,,,,,,cabin_filter,,מקור: קטלוג מקוון לא רשמי (AUTODOC). לא לשימוש מסחרי.,1,,טויוטה:C-HR:2016:2026; טויוטה:RAV4:2018:2026; טויוטה:COROLLA:2019:2026
424I0867,מסנן מזגן C-HR,,,RIDEX,מסננים,,5.99,,GBP,1,,,,,,,,cabin_filter,,מקור: קטלוג מקוון לא רשמי (AUTODOC). לא לשימוש מסחרי.,1,,טויוטה:C-HR:2016:2026
ADT32552,מסנן מזגן C-HR / RAV4 / COROLLA / CAMRY,,,BLUE PRINT,מסננים,,7.99,,GBP,1,,,,,,,,cabin_filter,,מקור: קטלוג מקוון לא רשמי (AUTODOC). לא לשימוש מסחרי.,1,,טויוטה:C-HR:2016:2026; טויוטה:RAV4:2018:2026; טויוטה:COROLLA:2019:2026; טויוטה:CAMRY:2018:2026
184181,מסנן מזגן C-HR / RAV4 / COROLLA / CAMRY,,,FEBI BILSTEIN,מסננים,,8.29,,GBP,1,,,,,,,,cabin_filter,,מקור: קטלוג מקוון לא רשמי (AUTODOC). לא לשימוש מסחרי.,1,,טויוטה:C-HR:2016:2026; טויוטה:RAV4:2018:2026; טויוטה:COROLLA:2019:2026; טויוטה:CAMRY:2018:2026
E4959LC,מסנן מזגן C-HR / RAV4 / COROLLA / CAMRY,,,HENGST FILTER,מסננים,,10.49,,GBP,1,,,,,,,,cabin_filter,,מקור: קטלוג מקוון לא רשמי (AUTODOC). לא לשימוש מסחרי.,1,,טויוטה:C-HR:2016:2026; טויוטה:RAV4:2018:2026; טויוטה:COROLLA:2019:2026; טויוטה:CAMRY:2018:2026
CU 22 032,מסנן מזגן C-HR / RAV4 / COROLLA,,,MANN-FILTER,מסננים,,16.99,,GBP,1,,,,,,,,cabin_filter,,מקור: קטלוג מקוון לא רשמי (AUTODOC). לא לשימוש מסחרי.,1,,טויוטה:C-HR:2016:2026; טויוטה:RAV4:2018:2026; טויוטה:COROLLA:2019:2026
ADT32554,מסנן מזגן C-HR / RAV4 / COROLLA,,,BLUE PRINT,מסננים,,7.99,,GBP,1,,,,,,,,cabin_filter,,מקור: קטלוג מקוון לא רשמי (AUTODOC). לא לשימוש מסחרי.,1,,טויוטה:C-HR:2016:2026; טויוטה:RAV4:2018:2026; טויוטה:COROLLA:2019:2026
CC0083C,מסנן מזגן C-HR / RAV4 / COROLLA,,,Castrol filters,מסננים,,16.99,,GBP,1,,,,,,,,cabin_filter,,מקור: קטלוג מקוון לא רשמי (AUTODOC). לא לשימוש מסחרי.,1,,טויוטה:C-HR:2016:2026; טויוטה:RAV4:2018:2026; טויוטה:COROLLA:2019:2026
715551,מסנן מזגן C-HR / RAV4 / COROLLA / CAMRY,,,VALEO,מסננים,,7.59,,GBP,1,,,,,,,,cabin_filter,,מקור: קטלוג מקוון לא רשמי (AUTODOC). לא לשימוש מסחרי.,1,,טויוטה:C-HR:2016:2026; טויוטה:RAV4:2018:2026; טויוטה:COROLLA:2019:2026; טויוטה:CAMRY:2018:2026
8A0462P,מסנן אוויר C-HR / PRIUS,,,RIDEX PLUS,מסננים,,11.99,,GBP,1,,,,,,,,air_filter,,מקור: קטלוג מקוון לא רשמי (AUTODOC). לא לשימוש מסחרי.,1,,טויוטה:C-HR:2016:2026; טויוטה:PRIUS:2015:2022
C 17 008,מסנן אוויר C-HR / PRIUS,,,MANN-FILTER,מסננים,,19.99,,GBP,1,,,,,,,,air_filter,,מקור: קטלוג מקוון לא רשמי (AUTODOC). לא לשימוש מסחרי.,1,,טויוטה:C-HR:2016:2026; טויוטה:PRIUS:2015:2022
ADT322115,מסנן אוויר C-HR / PRIUS,,,BLUE PRINT,מסננים,,5.99,,GBP,1,,,,,,,,air_filter,,מקור: קטלוג מקוון לא רשמי (AUTODOC). לא לשימוש מסחרי.,1,,טויוטה:C-HR:2016:2026; טויוטה:PRIUS:2015:2022
585429,מסנן אוויר C-HR / PRIUS,,,VALEO,מסננים,,6.59,,GBP,1,,,,,,,,air_filter,,מקור: קטלוג מקוון לא רשמי (AUTODOC). לא לשימוש מסחרי.,1,,טויוטה:C-HR:2016:2026; טויוטה:PRIUS:2015:2022
CAF101301P,מסנן אוויר C-HR / PRIUS,,,CHAMPION,מסננים,,7.59,,GBP,1,,,,,,,,air_filter,,מקור: קטלוג מקוון לא רשמי (AUTODOC). לא לשימוש מסחרי.,1,,טויוטה:C-HR:2016:2026; טויוטה:PRIUS:2015:2022
A1613,מסנן אוויר C-HR / PRIUS,,,PURFLUX,מסננים,,12.99,,GBP,1,,,,,,,,air_filter,,מקור: קטלוג מקוון לא רשמי (AUTODOC). לא לשימוש מסחרי.,1,,טויוטה:C-HR:2016:2026; טויוטה:PRIUS:2015:2022
40-12 321 0002,מסנן אוויר C-HR / PRIUS,,,MEYLE,מסננים,,13.99,,GBP,1,,,,,,,,air_filter,,מקור: קטלוג מקוון לא רשמי (AUTODOC). לא לשימוש מסחרי.,1,,טויוטה:C-HR:2016:2026; טויוטה:PRIUS:2015:2022
V22-0777,מסנן אוויר C-HR / PRIUS,,,VAICO,מסננים,,10.99,,GBP,1,,,,,,,,air_filter,,מקור: קטלוג מקוון לא רשמי (AUTODOC). לא לשימוש מסחרי.,1,,טויוטה:C-HR:2016:2026; טויוטה:PRIUS:2015:2022
J1322123,מסנן אוויר C-HR / PRIUS,,,HERTH+BUSS JAKOPARTS,מסננים,,7.29,,GBP,1,,,,,,,,air_filter,,מקור: קטלוג מקוון לא רשמי (AUTODOC). לא לשימוש מסחרי.,1,,טויוטה:C-HR:2016:2026; טויוטה:PRIUS:2015:2022
153071762396,מסנן אוויר C-HR / PRIUS,,,MAGNETI MARELLI,מסננים,,6.59,,GBP,1,,,,,,,,air_filter,,מקור: קטלוג מקוון לא רשמי (AUTODOC). לא לשימוש מסחרי.,1,,טויוטה:C-HR:2016:2026; טויוטה:PRIUS:2015:2022
LVFA1539,מסנן אוויר C-HR / PRIUS,,,MOTAQUIP,מסננים,,14.99,,GBP,1,,,,,,,,air_filter,,מקור: קטלוג מקוון לא רשמי (AUTODOC). לא לשימוש מסחרי.,1,,טויוטה:C-HR:2016:2026; טויוטה:PRIUS:2015:2022
OP-FAF10311,מסנן אוויר C-HR,,,OPTIMAL,מסננים,,22.99,,GBP,1,,,,,,,,air_filter,,מקור: קטלוג מקוון לא רשמי (AUTODOC). לא לשימוש מסחרי.,1,,טויוטה:C-HR:2016:2026
ADT32109,מסנן שמן C-HR / RAV4 / COROLLA / CAMRY,,,BLUE PRINT,מסננים,,5.29,,GBP,1,,,,,,,,oil_filter,,מקור: קטלוג מקוון לא רשמי (AUTODOC). לא לשימוש מסחרי.,1,,טויוטה:C-HR:2016:2026; טויוטה:RAV4:2018:2026; טויוטה:COROLLA:2019:2026; טויוטה:CAMRY:2018:2026
LS743,מסנן שמן C-HR / COROLLA,,,PURFLUX,מסננים,,6.59,,GBP,1,,,,,,,,oil_filter,,מקור: קטלוג מקוון לא רשמי (AUTODOC). לא לשימוש מסחרי.,1,,טויוטה:C-HR:2016:2026; טויוטה:COROLLA:2019:2026
402B0887,רפידות בלם קדמיות MAZDA 3 / CX-30,,,RIDEX,בלמים,,16.99,,GBP,1,,,,,,,,brake_pads_front,,מקור: קטלוג מקוון לא רשמי (AUTODOC). לא לשימוש מסחרי.,1,,מאזדה:MAZDA 3:2013:2019; מאזדה:CX-30:2019:2026; מאזדה:CX-3:2015:2026
402B0887P,רפידות בלם קדמיות MAZDA 3 / CX-30,,,RIDEX PLUS,בלמים,,26.49,,GBP,1,,,,,,,,brake_pads_front,,מקור: קטלוג מקוון לא רשמי (AUTODOC). לא לשימוש מסחרי.,1,,מאזדה:MAZDA 3:2013:2019; מאזדה:CX-30:2019:2026; מאזדה:CX-3:2015:2026
0 986 494 804,רפידות בלם קדמיות MAZDA 3 / CX-30,,,BOSCH,בלמים,,27.49,,GBP,1,,,,,,,,brake_pads_front,,מקור: קטלוג מקוון לא רשמי (AUTODOC). לא לשימוש מסחרי.,1,,מאזדה:MAZDA 3:2013:2019; מאזדה:CX-30:2019:2026
82B2568,דיסק בלם קדמי CX-5,,,RIDEX,בלמים,,27.99,,GBP,1,,,,,,,,brake_disc_front,,מקור: קטלוג מקוון לא רשמי (AUTODOC). לא לשימוש מסחרי.,1,,מאזדה:CX-5:2017:2026; מאזדה:CX-5:2017:2026:PY-VPS
82B2568P,דיסק בלם קדמי CX-5,,,RIDEX PLUS,בלמים,,62.49,,GBP,1,,,,,,,,brake_disc_front,,מקור: קטלוג מקוון לא רשמי (AUTODOC). לא לשימוש מסחרי.,1,,מאזדה:CX-5:2017:2026; מאזדה:CX-5:2017:2026:PY-VPS
DDF2849C,דיסק בלם קדמי CX-5,,,FERODO,בלמים,,41.99,,GBP,1,,,,,,,,brake_disc_front,,מקור: קטלוג מקוון לא רשמי (AUTODOC). לא לשימוש מסחרי.,1,,מאזדה:CX-5:2017:2026
108417,דיסק בלם קדמי CX-5 / MAZDA 6,,,FEBI BILSTEIN,בלמים,,60.49,,GBP,1,,,,,,,,brake_disc_front,,מקור: קטלוג מקוון לא רשמי (AUTODOC). לא לשימוש מסחרי.,1,,מאזדה:CX-5:2017:2026; מאזדה:MAZDA 6:2012:2026; מאזדה:CX-5:2017:2026:PY-VPS
ADM543123,דיסק בלם קדמי CX-5 / MAZDA 6,,,BLUE PRINT,בלמים,,44.99,,GBP,1,,,,,,,,brake_disc_front,,מקור: קטלוג מקוון לא רשמי (AUTODOC). לא לשימוש מסחרי.,1,,מאזדה:CX-5:2017:2026; מאזדה:MAZDA 6:2012:2026; מאזדה:CX-5:2017:2026:PY-VPS
BG4562C,דיסק בלם קדמי CX-5 / MAZDA 6,,,DELPHI,בלמים,,41.49,,GBP,1,,,,,,,,brake_disc_front,,מקור: קטלוג מקוון לא רשמי (AUTODOC). לא לשימוש מסחרי.,1,,מאזדה:CX-5:2017:2026; מאזדה:MAZDA 6:2012:2026
370.4403.52,דיסק בלם קדמי CX-5,,,ZIMMERMANN,בלמים,,97.49,,GBP,1,,,,,,,,brake_disc_front,,מקור: קטלוג מקוון לא רשמי (AUTODOC). לא לשימוש מסחרי.,1,,מאזדה:CX-5:2017:2026; מאזדה:CX-5:2017:2026:PY-VPS
402B0532,רפידות בלם קדמיות CX-5,,,RIDEX,בלמים,,15.49,,GBP,1,,,,,,,,brake_pads_front,,מקור: קטלוג מקוון לא רשמי (AUTODOC). לא לשימוש מסחרי.,1,,מאזדה:CX-5:2017:2026; מאזדה:CX-5:2017:2026:PY-VPS
P 49 045,רפידות בלם קדמיות CX-5,,,BREMBO,בלמים,,50.49,,GBP,1,,,,,,,,brake_pads_front,,מקור: קטלוג מקוון לא רשמי (AUTODOC). לא לשימוש מסחרי.,1,,מאזדה:CX-5:2017:2026; מאזדה:CX-5:2017:2026:PY-VPS
FDB4357,רפידות בלם קדמיות CX-5,,,FERODO,בלמים,,23.99,,GBP,1,,,,,,,,brake_pads_front,,מקור: קטלוג מקוון לא רשמי (AUTODOC). לא לשימוש מסחרי.,1,,מאזדה:CX-5:2017:2026
SKBP-0011096,רפידות בלם קדמיות CX-5,,,STARK,בלמים,,15.49,,GBP,1,,,,,,,,brake_pads_front,,מקור: קטלוג מקוון לא רשמי (AUTODOC). לא לשימוש מסחרי.,1,,מאזדה:CX-5:2017:2026; מאזדה:CX-5:2017:2026:PY-VPS
P 49 045X,רפידות בלם קדמיות CX-5,,,BREMBO,בלמים,,71.99,,GBP,1,,,,,,,,brake_pads_front,,מקור: קטלוג מקוון לא רשמי (AUTODOC). לא לשימוש מסחרי.,1,,מאזדה:CX-5:2017:2026; מאזדה:CX-5:2017:2026:PY-VPS
94124,מצת CX-5 / CX-3 / MAZDA 6 / MAZDA 2,,,NGK,הצתה,,26.99,,GBP,1,,,,,,,,spark_plug,,מקור: קטלוג מקוון לא רשמי (AUTODOC). לא לשימוש מסחרי.,1,,מאזדה:CX-5:2017:2026; מאזדה:CX-3:2015:2026; מאזדה:MAZDA 6:2012:2026; מאזדה:MAZDA 2:2014:2026
ZC20HPR11,מצת CX-5 / CX-3 / MAZDA 6 / MAZDA 2,,,DENSO,הצתה,,15.49,,GBP,1,,,,,,,,spark_plug,,מקור: קטלוג מקוון לא רשמי (AUTODOC). לא לשימוש מסחרי.,1,,מאזדה:CX-5:2017:2026; מאזדה:CX-3:2015:2026; מאזדה:MAZDA 6:2012:2026; מאזדה:MAZDA 2:2014:2026
OE253,מצת CX-5 / CX-30 / MAZDA 3 / MAZDA 6,,,CHAMPION,הצתה,,11.49,,GBP,1,,,,,,,,spark_plug,,מקור: קטלוג מקוון לא רשמי (AUTODOC). לא לשימוש מסחרי.,1,,מאזדה:CX-5:2017:2026; מאזדה:CX-30:2019:2026; מאזדה:MAZDA 3:2019:2026; מאזדה:CX-3:2015:2026; מאזדה:MAZDA 6:2012:2026; מאזדה:MAZDA 2:2014:2026
Z370,מצת CX-5 / CX-3 / MAZDA 6 / MAZDA 2,,,BERU,הצתה,,13.99,,GBP,1,,,,,,,,spark_plug,,מקור: קטלוג מקוון לא רשמי (AUTODOC). לא לשימוש מסחרי.,1,,מאזדה:CX-5:2017:2026; מאזדה:CX-3:2015:2026; מאזדה:MAZDA 6:2012:2026; מאזדה:MAZDA 2:2014:2026
7100036,מצת CX-5 / CX-3 / MAZDA 6 / MAZDA 2,,,KAMOKA,הצתה,,12.49,,GBP,1,,,,,,,,spark_plug,,מקור: קטלוג מקוון לא רשמי (AUTODOC). לא לשימוש מסחרי.,1,,מאזדה:CX-5:2017:2026; מאזדה:CX-3:2015:2026; מאזדה:MAZDA 6:2012:2026; מאזדה:MAZDA 2:2014:2026; מאזדה:MX-5:2015:2026
601 750,מצת CX-5,,,TOPRAN,הצתה,,15.49,,GBP,1,,,,,,,,spark_plug,,מקור: קטלוג מקוון לא רשמי (AUTODOC). לא לשימוש מסחרי.,1,,מאזדה:CX-5:2017:2026
BG4952C,דיסק בלם קדמי C-HR,,,DELPHI,בלמים,,43.99,,GBP,1,,,,,,,,brake_disc_front,,מקור: קטלוג מקוון לא רשמי (AUTODOC). לא לשימוש מסחרי.,1,,טויוטה:C-HR:2016:2026
ADBP430119,דיסק בלם קדמי C-HR / CAMRY,,,BLUE PRINT,בלמים,,48.99,,GBP,1,,,,,,,,brake_disc_front,,מקור: קטלוג מקוון לא רשמי (AUTODOC). לא לשימוש מסחרי.,1,,טויוטה:C-HR:2016:2026; טויוטה:CAMRY:2018:2026
DF6986S,דיסק בלם קדמי C-HR,,,TRW,בלמים,,55.99,,GBP,1,,,,,,,,brake_disc_front,,מקור: קטלוג מקוון לא רשמי (AUTODOC). לא לשימוש מסחרי.,1,,טויוטה:C-HR:2016:2026
FC16HR-C9,מצת C-HR,,,DENSO,הצתה,,27.99,,GBP,1,,,,,,,,spark_plug,,מקור: קטלוג מקוון לא רשמי (AUTODOC). לא לשימוש מסחרי.,1,,טויוטה:C-HR:2016:2026
24.0125-0213.1,דיסק בלם קדמי SPORTAGE / CEED,,,ATE,בלמים,,80.49,,GBP,1,,,,,,,,brake_disc_front,,מקור: קטלוג מקוון לא רשמי (AUTODOC). לא לשימוש מסחרי.,1,,קיה:SPORTAGE:2015:2022; קיה:CEED:2018:2026
DDF2680C,דיסק בלם קדמי SPORTAGE / CEED / SELTOS,,,FERODO,בלמים,,40.99,,GBP,1,,,,,,,,brake_disc_front,,מקור: קטלוג מקוון לא רשמי (AUTODOC). לא לשימוש מסחרי.,1,,קיה:SPORTAGE:2015:2022; קיה:CEED:2018:2026; קיה:SELTOS:2019:2026
BG4931C,דיסק בלם קדמי SPORTAGE / CEED / SELTOS,,,DELPHI,בלמים,,41.49,,GBP,1,,,,,,,,brake_disc_front,,מקור: קטלוג מקוון לא רשמי (AUTODOC). לא לשימוש מסחרי.,1,,קיה:SPORTAGE:2015:2022; קיה:CEED:2018:2026; קיה:SPORTAGE:2015:2022:G4KJ; קיה:SELTOS:2019:2026
09.D428.1X,דיסק בלם קדמי SPORTAGE / CEED,,,BREMBO,בלמים,,97.49,,GBP,1,,,,,,,,brake_disc_front,,מקור: קטלוג מקוון לא רשמי (AUTODOC). לא לשימוש מסחרי.,1,,קיה:SPORTAGE:2015:2022; קיה:CEED:2018:2026; קיה:SPORTAGE:2015:2022:G4KJ
563231JC,דיסק בלם קדמי SPORTAGE / CEED,,,JURID,בלמים,,36.49,,GBP,1,,,,,,,,brake_disc_front,,מקור: קטלוג מקוון לא רשמי (AUTODOC). לא לשימוש מסחרי.,1,,קיה:SPORTAGE:2015:2022; קיה:CEED:2018:2026; קיה:SPORTAGE:2015:2022:G4KJ
FDB5039,רפידות בלם קדמיות SPORTAGE,,,FERODO,בלמים,,34.99,,GBP,1,,,,,,,,brake_pads_front,,מקור: קטלוג מקוון לא רשמי (AUTODOC). לא לשימוש מסחרי.,1,,קיה:SPORTAGE:2015:2022; קיה:SPORTAGE:2015:2022:G4KJ
93815,מצת SPORTAGE,,,NGK,הצתה,,16.49,,GBP,1,,,,,,,,spark_plug,,מקור: קטלוג מקוון לא רשמי (AUTODOC). לא לשימוש מסחרי.,1,,קיה:SPORTAGE:2015:2022
CCH9023,מצת SPORTAGE,,,CHAMPION,הצתה,,8.59,,GBP,1,,,,,,,,spark_plug,,מקור: קטלוג מקוון לא רשמי (AUTODOC). לא לשימוש מסחרי.,1,,קיה:SPORTAGE:2015:2022
VXUH20I,מצת SPORTAGE / RIO / CEED,,,DENSO,הצתה,,17.49,,GBP,1,,,,,,,,spark_plug,,מקור: קטלוג מקוון לא רשמי (AUTODOC). לא לשימוש מסחרי.,1,,קיה:SPORTAGE:2015:2022; קיה:RIO:2017:2026; קיה:CEED:2018:2026
8EH 188 706-311,מצת SPORTAGE,,,HELLA,הצתה,,9.99,,GBP,1,,,,,,,,spark_plug,,מקור: קטלוג מקוון לא רשמי (AUTODOC). לא לשימוש מסחרי.,1,,קיה:SPORTAGE:2015:2022
062611000062,מצת SPORTAGE,,,MAGNETI MARELLI,הצתה,,10.49,,GBP,1,,,,,,,,spark_plug,,מקור: קטלוג מקוון לא רשמי (AUTODOC). לא לשימוש מסחרי.,1,,קיה:SPORTAGE:2015:2022
Z544,מצת SPORTAGE,,,BERU,הצתה,,10.49,,GBP,1,,,,,,,,spark_plug,,מקור: קטלוג מקוון לא רשמי (AUTODOC). לא לשימוש מסחרי.,1,,קיה:SPORTAGE:2015:2022
062610000063,מצת SPORTAGE,,,MAGNETI MARELLI,הצתה,,12.99,,GBP,1,,,,,,,,spark_plug,,מקור: קטלוג מקוון לא רשמי (AUTODOC). לא לשימוש מסחרי.,1,,קיה:SPORTAGE:2015:2022
5481FB0029443,מצת SPORTAGE,,,Frankberg,הצתה,,48.99,,GBP,1,,,,,,,,spark_plug,,מקור: קטלוג מקוון לא רשמי (AUTODOC). לא לשימוש מסחרי.,1,,קיה:SPORTAGE:2015:2022
7100033,מצת SPORTAGE,,,KAMOKA,הצתה,,9.59,,GBP,1,,,,,,,,spark_plug,,מקור: קטלוג מקוון לא רשמי (AUTODOC). לא לשימוש מסחרי.,1,,קיה:SPORTAGE:2015:2022
8EH 188 705-621,מצת SPORTAGE,,,HELLA,הצתה,,19.99,,GBP,1,,,,,,,,spark_plug,,מקור: קטלוג מקוון לא רשמי (AUTODOC). לא לשימוש מסחרי.,1,,קיה:SPORTAGE:2015:2022
W 7023,מסנן שמן RIO / PICANTO / CEED / STONIC,,,MANN-FILTER,מסננים,,6.99,,GBP,1,,,,,,,,oil_filter,,מקור: קטלוג מקוון לא רשמי (AUTODOC). לא לשימוש מסחרי.,1,,קיה:RIO:2017:2026; קיה:PICANTO:2017:2026; קיה:CEED:2018:2026; קיה:STONIC:2017:2026
184441,מסנן שמן RIO / PICANTO / CEED,,,FEBI BILSTEIN,מסננים,,4.29,,GBP,1,,,,,,,,oil_filter,,מקור: קטלוג מקוון לא רשמי (AUTODOC). לא לשימוש מסחרי.,1,,קיה:RIO:2017:2026; קיה:PICANTO:2017:2026; קיה:CEED:2018:2026
ADG02109,מסנן שמן RIO / PICANTO / CEED / STONIC,,,BLUE PRINT,מסננים,,5.29,,GBP,1,,,,,,,,oil_filter,,מקור: קטלוג מקוון לא רשמי (AUTODOC). לא לשימוש מסחרי.,1,,קיה:RIO:2017:2026; קיה:PICANTO:2017:2026; קיה:CEED:2018:2026; קיה:STONIC:2017:2026
H97W06,מסנן שמן RIO / CEED / STONIC,,,HENGST FILTER,מסננים,,5.29,,GBP,1,,,,,,,,oil_filter,,מקור: קטלוג מקוון לא רשמי (AUTODOC). לא לשימוש מסחרי.,1,,קיה:RIO:2017:2026; קיה:CEED:2018:2026; קיה:STONIC:2017:2026
586022,מסנן שמן RIO / CEED / STONIC,,,VALEO,מסננים,,5.99,,GBP,1,,,,,,,,oil_filter,,מקור: קטלוג מקוון לא רשמי (AUTODOC). לא לשימוש מסחרי.,1,,קיה:RIO:2017:2026; קיה:CEED:2018:2026; קיה:STONIC:2017:2026
23.452.00,מסנן שמן RIO / CEED / STONIC,,,UFI,מסננים,,4.59,,GBP,1,,,,,,,,oil_filter,,מקור: קטלוג מקוון לא רשמי (AUTODOC). לא לשימוש מסחרי.,1,,קיה:RIO:2017:2026; קיה:CEED:2018:2026; קיה:STONIC:2017:2026
COF100679S,מסנן שמן RIO / PICANTO / CEED / STONIC,,,CHAMPION,מסננים,,4.59,,GBP,1,,,,,,,,oil_filter,,מקור: קטלוג מקוון לא רשמי (AUTODOC). לא לשימוש מסחרי.,1,,קיה:RIO:2017:2026; קיה:PICANTO:2017:2026; קיה:CEED:2018:2026; קיה:STONIC:2017:2026
CO0156,מסנן שמן RIO / PICANTO / CEED / STONIC,,,Castrol filters,מסננים,,6.29,,GBP,1,,,,,,,,oil_filter,,מקור: קטלוג מקוון לא רשמי (AUTODOC). לא לשימוש מסחרי.,1,,קיה:RIO:2017:2026; קיה:PICANTO:2017:2026; קיה:CEED:2018:2026; קיה:STONIC:2017:2026
LS301,מסנן שמן RIO / STONIC,,,PURFLUX,מסננים,,6.29,,GBP,1,,,,,,,,oil_filter,,מקור: קטלוג מקוון לא רשמי (AUTODOC). לא לשימוש מסחרי.,1,,קיה:RIO:2017:2026; קיה:STONIC:2017:2026
FT5368,מסנן שמן RIO,,,COOPERSFIAAM FILTERS,מסננים,,12.49,,GBP,1,,,,,,,,oil_filter,,מקור: קטלוג מקוון לא רשמי (AUTODOC). לא לשימוש מסחרי.,1,,קיה:RIO:2017:2026
OP 595/2,מסנן שמן RIO / CEED,,,FILTRON,מסננים,,5.99,,GBP,1,,,,,,,,oil_filter,,מקור: קטלוג מקוון לא רשמי (AUTODOC). לא לשימוש מסחרי.,1,,קיה:RIO:2017:2026; קיה:CEED:2018:2026
424I0638,מסנן מזגן RIO / STONIC / SOUL / SELTOS,,,RIDEX,מסננים,,7.59,,GBP,1,,,,,,,,cabin_filter,,מקור: קטלוג מקוון לא רשמי (AUTODOC). לא לשימוש מסחרי.,1,,קיה:RIO:2017:2026; קיה:STONIC:2017:2026; קיה:SOUL:2019:2026; קיה:SELTOS:2019:2026
424I0741,מסנן מזגן RIO / STONIC / SOUL,,,RIDEX,מסננים,,5.99,,GBP,1,,,,,,,,cabin_filter,,מקור: קטלוג מקוון לא רשמי (AUTODOC). לא לשימוש מסחרי.,1,,קיה:RIO:2017:2026; קיה:STONIC:2017:2026; קיה:SOUL:2019:2026
CUK 23 019/1,מסנן מזגן RIO / STONIC / SOUL / SELTOS,,,MANN-FILTER,מסננים,,15.49,,GBP,1,,,,,,,,cabin_filter,,מקור: קטלוג מקוון לא רשמי (AUTODOC). לא לשימוש מסחרי.,1,,קיה:RIO:2017:2026; קיה:STONIC:2017:2026; קיה:SOUL:2019:2026; קיה:SELTOS:2019:2026
ADG02594,מסנן מזגן RIO / SELTOS,,,BLUE PRINT,מסננים,,7.29,,GBP,1,,,,,,,,cabin_filter,,מקור: קטלוג מקוון לא רשמי (AUTODOC). לא לשימוש מסחרי.,1,,קיה:RIO:2017:2026; קיה:SELTOS:2019:2026
184134,מסנן מזגן RIO / STONIC / SOUL,,,FEBI BILSTEIN,מסננים,,8.59,,GBP,1,,,,,,,,cabin_filter,,מקור: קטלוג מקוון לא רשמי (AUTODOC). לא לשימוש מסחרי.,1,,קיה:RIO:2017:2026; קיה:STONIC:2017:2026; קיה:SOUL:2019:2026
CU 23 019,מסנן מזגן RIO / STONIC / SOUL / SELTOS,,,MANN-FILTER,מסננים,,12.99,,GBP,1,,,,,,,,cabin_filter,,מקור: קטלוג מקוון לא רשמי (AUTODOC). לא לשימוש מסחרי.,1,,קיה:RIO:2017:2026; קיה:STONIC:2017:2026; קיה:SOUL:2019:2026; קיה:SELTOS:2019:2026
37-12 320 0023,מסנן מזגן RIO / STONIC,,,MEYLE,מסננים,,12.49,,GBP,1,,,,,,,,cabin_filter,,מקור: קטלוג מקוון לא רשמי (AUTODOC). לא לשימוש מסחרי.,1,,קיה:RIO:2017:2026; קיה:STONIC:2017:2026
184182,מסנן מזגן RIO,,,FEBI BILSTEIN,מסננים,,7.59,,GBP,1,,,,,,,,cabin_filter,,מקור: קטלוג מקוון לא רשמי (AUTODOC). לא לשימוש מסחרי.,1,,קיה:RIO:2017:2026
F420801,מסנן מזגן RIO / SELTOS,,,KAMOKA,מסננים,,6.99,,GBP,1,,,,,,,,cabin_filter,,מקור: קטלוג מקוון לא רשמי (AUTODOC). לא לשימוש מסחרי.,1,,קיה:RIO:2017:2026; קיה:SELTOS:2019:2026
CC0146,מסנן מזגן RIO / STONIC / SOUL,,,Castrol filters,מסננים,,7.99,,GBP,1,,,,,,,,cabin_filter,,מקור: קטלוג מקוון לא רשמי (AUTODOC). לא לשימוש מסחרי.,1,,קיה:RIO:2017:2026; קיה:STONIC:2017:2026; קיה:SOUL:2019:2026
37-12 326 0023/PD,מסנן מזגן RIO / STONIC,,,MEYLE,מסננים,,26.99,,GBP,1,,,,,,,,cabin_filter,,מקור: קטלוג מקוון לא רשמי (AUTODOC). לא לשימוש מסחרי.,1,,קיה:RIO:2017:2026; קיה:STONIC:2017:2026
ADG02592,מסנן מזגן RIO / STONIC / SOUL / SELTOS,,,BLUE PRINT,מסננים,,7.59,,GBP,1,,,,,,,,cabin_filter,,מקור: קטלוג מקוון לא רשמי (AUTODOC). לא לשימוש מסחרי.,1,,קיה:RIO:2017:2026; קיה:STONIC:2017:2026; קיה:SOUL:2019:2026; קיה:SELTOS:2019:2026
715910,מסנן מזגן RIO / STONIC / SOUL,,,VALEO,מסננים,,6.29,,GBP,1,,,,,,,,cabin_filter,,מקור: קטלוג מקוון לא רשמי (AUTODOC). לא לשימוש מסחרי.,1,,קיה:RIO:2017:2026; קיה:STONIC:2017:2026; קיה:SOUL:2019:2026
82B0359,דיסק בלם קדמי RIO,,,RIDEX,בלמים,,17.99,,GBP,1,,,,,,,,brake_disc_front,,מקור: קטלוג מקוון לא רשמי (AUTODOC). לא לשימוש מסחרי.,1,,קיה:RIO:2017:2026
82B0359P,דיסק בלם קדמי RIO,,,RIDEX PLUS,בלמים,,28.49,,GBP,1,,,,,,,,brake_disc_front,,מקור: קטלוג מקוון לא רשמי (AUTODOC). לא לשימוש מסחרי.,1,,קיה:RIO:2017:2026
82B3839,דיסק בלם קדמי RIO,,,RIDEX,בלמים,,20.99,,GBP,1,,,,,,,,brake_disc_front,,מקור: קטלוג מקוון לא רשמי (AUTODOC). לא לשימוש מסחרי.,1,,קיה:RIO:2017:2026
8A0903,מסנן אוויר RIO / STONIC,,,RIDEX,מסננים,,6.99,,GBP,1,,,,,,,,air_filter,,מקור: קטלוג מקוון לא רשמי (AUTODOC). לא לשימוש מסחרי.,1,,קיה:RIO:2017:2026; קיה:STONIC:2017:2026
F252101,מסנן אוויר RIO / STONIC,,,KAMOKA,מסננים,,7.99,,GBP,1,,,,,,,,air_filter,,מקור: קטלוג מקוון לא רשמי (AUTODOC). לא לשימוש מסחרי.,1,,קיה:RIO:2017:2026; קיה:STONIC:2017:2026
30.E63.00,מסנן אוויר RIO / STONIC,,,UFI,מסננים,,7.99,,GBP,1,,,,,,,,air_filter,,מקור: קטלוג מקוון לא רשמי (AUTODOC). לא לשימוש מסחרי.,1,,קיה:RIO:2017:2026; קיה:STONIC:2017:2026
CAF101214P,מסנן אוויר RIO / STONIC,,,CHAMPION,מסננים,,7.59,,GBP,1,,,,,,,,air_filter,,מקור: קטלוג מקוון לא רשמי (AUTODOC). לא לשימוש מסחרי.,1,,קיה:RIO:2017:2026; קיה:STONIC:2017:2026
ADG022165,מסנן אוויר RIO / STONIC,,,BLUE PRINT,מסננים,,8.99,,GBP,1,,,,,,,,air_filter,,מקור: קטלוג מקוון לא רשמי (AUTODOC). לא לשימוש מסחרי.,1,,קיה:RIO:2017:2026; קיה:STONIC:2017:2026
E1598L,מסנן אוויר RIO / STONIC,,,HENGST FILTER,מסננים,,11.99,,GBP,1,,,,,,,,air_filter,,מקור: קטלוג מקוון לא רשמי (AUTODOC). לא לשימוש מסחרי.,1,,קיה:RIO:2017:2026; קיה:STONIC:2017:2026
28-12 321 0016,מסנן אוויר RIO / STONIC,,,MEYLE,מסננים,,14.49,,GBP,1,,,,,,,,air_filter,,מקור: קטלוג מקוון לא רשמי (AUTODOC). לא לשימוש מסחרי.,1,,קיה:RIO:2017:2026; קיה:STONIC:2017:2026
LX 4040,מסנן אוויר RIO / STONIC,,,MAHLE,מסננים,,14.99,,GBP,1,,,,,,,,air_filter,,מקור: קטלוג מקוון לא רשמי (AUTODOC). לא לשימוש מסחרי.,1,,קיה:RIO:2017:2026; קיה:STONIC:2017:2026
AP 197/7,מסנן אוויר RIO / STONIC,,,FILTRON,מסננים,,8.99,,GBP,1,,,,,,,,air_filter,,מקור: קטלוג מקוון לא רשמי (AUTODOC). לא לשימוש מסחרי.,1,,קיה:RIO:2017:2026; קיה:STONIC:2017:2026
250051510,מסנן אוויר RIO / STONIC,,,AUTOMEGA,מסננים,,9.29,,GBP,1,,,,,,,,air_filter,,מקור: קטלוג מקוון לא רשמי (AUTODOC). לא לשימוש מסחרי.,1,,קיה:RIO:2017:2026; קיה:STONIC:2017:2026
DFA1304,מסנן אוויר RIO / STONIC,,,DACO Germany,מסננים,,10.49,,GBP,1,,,,,,,,air_filter,,מקור: קטלוג מקוון לא רשמי (AUTODOC). לא לשימוש מסחרי.,1,,קיה:RIO:2017:2026; קיה:STONIC:2017:2026
FA1102,מסנן אוויר RIO,,,BREMSI,מסננים,,10.99,,GBP,1,,,,,,,,air_filter,,מקור: קטלוג מקוון לא רשמי (AUTODOC). לא לשימוש מסחרי.,1,,קיה:RIO:2017:2026
512081,מסנן אוויר RIO,,,VALEO,מסננים,,7.99,,GBP,1,,,,,,,,air_filter,,מקור: קטלוג מקוון לא רשמי (AUTODOC). לא לשימוש מסחרי.,1,,קיה:RIO:2017:2026
97098,מצת RIO / PICANTO / CEED / STONIC,,,NGK,הצתה,,13.99,,GBP,1,,,,,,,,spark_plug,,מקור: קטלוג מקוון לא רשמי (AUTODOC). לא לשימוש מסחרי.,1,,קיה:RIO:2017:2026; קיה:PICANTO:2017:2026; קיה:CEED:2018:2026; קיה:STONIC:2017:2026
OE197/T10,מצת RIO / PICANTO / CEED / STONIC,,,CHAMPION,הצתה,,3.29,,GBP,1,,,,,,,,spark_plug,,מקור: קטלוג מקוון לא רשמי (AUTODOC). לא לשימוש מסחרי.,1,,קיה:RIO:2017:2026; קיה:PICANTO:2017:2026; קיה:CEED:2018:2026; קיה:STONIC:2017:2026
ZXU20HPR11,מצת RIO / PICANTO / CEED,,,DENSO,הצתה,,12.99,,GBP,1,,,,,,,,spark_plug,,מקור: קטלוג מקוון לא רשמי (AUTODOC). לא לשימוש מסחרי.,1,,קיה:RIO:2017:2026; קיה:PICANTO:2017:2026; קיה:CEED:2018:2026
IXUH22FTT,מצת RIO / NIRO / CEED / STONIC,,,DENSO,הצתה,,20.49,,GBP,1,,,,,,,,spark_plug,,מקור: קטלוג מקוון לא רשמי (AUTODOC). לא לשימוש מסחרי.,1,,קיה:RIO:2017:2026; קיה:NIRO:2016:2022; קיה:CEED:2018:2026; קיה:STONIC:2017:2026; קיה:SOUL:2019:2026
7100018,מצת RIO / PICANTO / STONIC,,,KAMOKA,הצתה,,9.99,,GBP,1,,,,,,,,spark_plug,,מקור: קטלוג מקוון לא רשמי (AUTODOC). לא לשימוש מסחרי.,1,,קיה:RIO:2017:2026; קיה:PICANTO:2017:2026; קיה:STONIC:2017:2026
402B0524P,רפידות בלם קדמיות RIO,,,RIDEX PLUS,בלמים,,24.49,,GBP,1,,,,,,,,brake_pads_front,,מקור: קטלוג מקוון לא רשמי (AUTODOC). לא לשימוש מסחרי.,1,,קיה:RIO:2017:2026
P 30 122,רפידות בלם קדמיות RIO,,,BREMBO,בלמים,,38.99,,GBP,1,,,,,,,,brake_pads_front,,מקור: קטלוג מקוון לא רשמי (AUTODOC). לא לשימוש מסחרי.,1,,קיה:RIO:2017:2026
P 18 025,רפידות בלם קדמיות RIO,,,BREMBO,בלמים,,33.49,,GBP,1,,,,,,,,brake_pads_front,,מקור: קטלוג מקוון לא רשמי (AUTODOC). לא לשימוש מסחרי.,1,,קיה:RIO:2017:2026
CA0313,מסנן אוויר PICANTO,,,Castrol filters,מסננים,,13.99,,GBP,1,,,,,,,,air_filter,,מקור: קטלוג מקוון לא רשמי (AUTODOC). לא לשימוש מסחרי.,1,,קיה:PICANTO:2017:2026
FA-K41S,מסנן אוויר PICANTO,,,JAPANPARTS,מסננים,,21.99,,GBP,1,,,,,,,,air_filter,,מקור: קטלוג מקוון לא רשמי (AUTODOC). לא לשימוש מסחרי.,1,,קיה:PICANTO:2017:2026
20-0K-K41,מסנן אוויר PICANTO,,,ASHIKA,מסננים,,10.99,,GBP,1,,,,,,,,air_filter,,מקור: קטלוג מקוון לא רשמי (AUTODOC). לא לשימוש מסחרי.,1,,קיה:PICANTO:2017:2026
FA0591,מסנן אוויר PICANTO,,,BREMSI,מסננים,,12.49,,GBP,1,,,,,,,,air_filter,,מקור: קטלוג מקוון לא רשמי (AUTODOC). לא לשימוש מסחרי.,1,,קיה:PICANTO:2017:2026
27.K08.00,מסנן אוויר PICANTO,,,UFI,מסננים,,9.99,,GBP,1,,,,,,,,air_filter,,מקור: קטלוג מקוון לא רשמי (AUTODOC). לא לשימוש מסחרי.,1,,קיה:PICANTO:2017:2026
8ZA 366 131-601,מסנן אוויר PICANTO,,,HELLA,מסננים,,11.49,,GBP,1,,,,,,,,air_filter,,מקור: קטלוג מקוון לא רשמי (AUTODOC). לא לשימוש מסחרי.,1,,קיה:PICANTO:2017:2026
60594,מסנן אוויר PICANTO,,,MAPCO,מסננים,,18.49,,GBP,1,,,,,,,,air_filter,,מקור: קטלוג מקוון לא רשמי (AUTODOC). לא לשימוש מסחרי.,1,,קיה:PICANTO:2017:2026
J1320342,מסנן אוויר PICANTO,,,HERTH+BUSS JAKOPARTS,מסננים,,16.99,,GBP,1,,,,,,,,air_filter,,מקור: קטלוג מקוון לא רשמי (AUTODOC). לא לשימוש מסחרי.,1,,קיה:PICANTO:2017:2026
82B1814,דיסק בלם קדמי PICANTO,,,RIDEX,בלמים,,21.99,,GBP,1,,,,,,,,brake_disc_front,,מקור: קטלוג מקוון לא רשמי (AUTODOC). לא לשימוש מסחרי.,1,,קיה:PICANTO:2017:2026
DDF2660C,דיסק בלם קדמי PICANTO,,,FERODO,בלמים,,34.49,,GBP,1,,,,,,,,brake_disc_front,,מקור: קטלוג מקוון לא רשמי (AUTODOC). לא לשימוש מסחרי.,1,,קיה:PICANTO:2017:2026
18646,דיסק בלם קדמי PICANTO,,,A.B.S.,בלמים,,32.49,,GBP,1,,,,,,,,brake_disc_front,,מקור: קטלוג מקוון לא רשמי (AUTODOC). לא לשימוש מסחרי.,1,,קיה:PICANTO:2017:2026
K2038VR,דיסק בלם קדמי PICANTO,,,SAMKO,בלמים,,33.49,,GBP,1,,,,,,,,brake_disc_front,,מקור: קטלוג מקוון לא רשמי (AUTODOC). לא לשימוש מסחרי.,1,,קיה:PICANTO:2017:2026
673405,דיסק בלם קדמי PICANTO,,,VALEO,בלמים,,49.99,,GBP,1,,,,,,,,brake_disc_front,,מקור: קטלוג מקוון לא רשמי (AUTODOC). לא לשימוש מסחרי.,1,,קיה:PICANTO:2017:2026
686S0122,מצת PICANTO / CEED / STONIC,,,RIDEX,הצתה,,2.99,,GBP,1,,,,,,,,spark_plug,,מקור: קטלוג מקוון לא רשמי (AUTODOC). לא לשימוש מסחרי.,1,,קיה:PICANTO:2017:2026; קיה:CEED:2018:2026; קיה:STONIC:2017:2026
0 242 129 521,מצת PICANTO,,,BOSCH,הצתה,,6.29,,GBP,1,,,,,,,,spark_plug,,מקור: קטלוג מקוון לא רשמי (AUTODOC). לא לשימוש מסחרי.,1,,קיה:PICANTO:2017:2026
OE250,מצת PICANTO / NIRO / CEED / STONIC,,,CHAMPION,הצתה,,14.49,,GBP,1,,,,,,,,spark_plug,,מקור: קטלוג מקוון לא רשמי (AUTODOC). לא לשימוש מסחרי.,1,,קיה:PICANTO:2017:2026; קיה:NIRO:2016:2022; קיה:CEED:2018:2026; קיה:STONIC:2017:2026
5481FB0030383,מצת PICANTO,,,Frankberg,הצתה,,98.49,,GBP,1,,,,,,,,spark_plug,,מקור: קטלוג מקוון לא רשמי (AUTODOC). לא לשימוש מסחרי.,1,,קיה:PICANTO:2017:2026
7O0012,מסנן שמן PICANTO,,,RIDEX,מסננים,,2.99,,GBP,1,,,,,,,,oil_filter,,מקור: קטלוג מקוון לא רשמי (AUTODOC). לא לשימוש מסחרי.,1,,קיה:PICANTO:2017:2026
424I0831,מסנן מזגן PICANTO,,,RIDEX,מסננים,,6.59,,GBP,1,,,,,,,,cabin_filter,,מקור: קטלוג מקוון לא רשמי (AUTODOC). לא לשימוש מסחרי.,1,,קיה:PICANTO:2017:2026
CU 18 009,מסנן מזגן PICANTO,,,MANN-FILTER,מסננים,,14.49,,GBP,1,,,,,,,,cabin_filter,,מקור: קטלוג מקוון לא רשמי (AUTODOC). לא לשימוש מסחרי.,1,,קיה:PICANTO:2017:2026
183974,מסנן מזגן PICANTO,,,FEBI BILSTEIN,מסננים,,8.99,,GBP,1,,,,,,,,cabin_filter,,מקור: קטלוג מקוון לא רשמי (AUTODOC). לא לשימוש מסחרי.,1,,קיה:PICANTO:2017:2026
CUK 18 009,מסנן מזגן PICANTO,,,MANN-FILTER,מסננים,,19.49,,GBP,1,,,,,,,,cabin_filter,,מקור: קטלוג מקוון לא רשמי (AUTODOC). לא לשימוש מסחרי.,1,,קיה:PICANTO:2017:2026
ADG02598,מסנן מזגן PICANTO,,,BLUE PRINT,מסננים,,9.29,,GBP,1,,,,,,,,cabin_filter,,מקור: קטלוג מקוון לא רשמי (AUTODOC). לא לשימוש מסחרי.,1,,קיה:PICANTO:2017:2026
6080144,מסנן מזגן PICANTO,,,KAMOKA,מסננים,,6.99,,GBP,1,,,,,,,,cabin_filter,,מקור: קטלוג מקוון לא רשמי (AUTODOC). לא לשימוש מסחרי.,1,,קיה:PICANTO:2017:2026
DVF5049,מסנן מזגן PICANTO,,,K&N Filters,מסננים,,22.99,,GBP,1,,,,,,,,cabin_filter,,מקור: קטלוג מקוון לא רשמי (AUTODOC). לא לשימוש מסחרי.,1,,קיה:PICANTO:2017:2026
E5951LI,מסנן מזגן PICANTO,,,HENGST FILTER,מסננים,,9.99,,GBP,1,,,,,,,,cabin_filter,,מקור: קטלוג מקוון לא רשמי (AUTODOC). לא לשימוש מסחרי.,1,,קיה:PICANTO:2017:2026
FC0420,מסנן מזגן PICANTO,,,BREMSI,מסננים,,8.59,,GBP,1,,,,,,,,cabin_filter,,מקור: קטלוג מקוון לא רשמי (AUTODOC). לא לשימוש מסחרי.,1,,קיה:PICANTO:2017:2026
LVCF688,מסנן מזגן PICANTO,,,MOTAQUIP,מסננים,,13.49,,GBP,1,,,,,,,,cabin_filter,,מקור: קטלוג מקוון לא רשמי (AUTODOC). לא לשימוש מסחרי.,1,,קיה:PICANTO:2017:2026
26-1950,מסנן מזגן PICANTO,,,MAXGEAR,מסננים,,8.99,,GBP,1,,,,,,,,cabin_filter,,מקור: קטלוג מקוון לא רשמי (AUTODOC). לא לשימוש מסחרי.,1,,קיה:PICANTO:2017:2026
DDF3056C,דיסק בלם קדמי NIRO,,,FERODO,בלמים,,33.99,,GBP,1,,,,,,,,brake_disc_front,,מקור: קטלוג מקוון לא רשמי (AUTODOC). לא לשימוש מסחרי.,1,,קיה:NIRO:2016:2022
108682,דיסק בלם קדמי NIRO,,,FEBI BILSTEIN,בלמים,,42.99,,GBP,1,,,,,,,,brake_disc_front,,מקור: קטלוג מקוון לא רשמי (AUTODOC). לא לשימוש מסחרי.,1,,קיה:NIRO:2016:2022
563700JC,דיסק בלם קדמי NIRO,,,JURID,בלמים,,32.49,,GBP,1,,,,,,,,brake_disc_front,,מקור: קטלוג מקוון לא רשמי (AUTODOC). לא לשימוש מסחרי.,1,,קיה:NIRO:2016:2022
8DD 355 132-641,דיסק בלם קדמי NIRO,,,HELLA,בלמים,,34.49,,GBP,1,,,,,,,,brake_disc_front,,מקור: קטלוג מקוון לא רשמי (AUTODOC). לא לשימוש מסחרי.,1,,קיה:NIRO:2016:2022
402B1053,רפידות בלם קדמיות NIRO,,,RIDEX,בלמים,,18.49,,GBP,1,,,,,,,,brake_pads_front,,מקור: קטלוג מקוון לא רשמי (AUTODOC). לא לשימוש מסחרי.,1,,קיה:NIRO:2016:2022
P 30 107,רפידות בלם קדמיות NIRO,,,BREMBO,בלמים,,43.49,,GBP,1,,,,,,,,brake_pads_front,,מקור: קטלוג מקוון לא רשמי (AUTODOC). לא לשימוש מסחרי.,1,,קיה:NIRO:2016:2022
93819,מצת NIRO,,,NGK,הצתה,,16.49,,GBP,1,,,,,,,,spark_plug,,מקור: קטלוג מקוון לא רשמי (AUTODOC). לא לשימוש מסחרי.,1,,קיה:NIRO:2016:2022
ADG022167,מסנן אוויר NIRO,,,BLUE PRINT,מסננים,,11.99,,GBP,1,,,,,,,,air_filter,,מקור: קטלוג מקוון לא רשמי (AUTODOC). לא לשימוש מסחרי.,1,,קיה:NIRO:2016:2022
184345,מסנן אוויר NIRO,,,FEBI BILSTEIN,מסננים,,13.99,,GBP,1,,,,,,,,air_filter,,מקור: קטלוג מקוון לא רשמי (AUTODOC). לא לשימוש מסחרי.,1,,קיה:NIRO:2016:2022
26-2318,מסנן אוויר NIRO,,,MAXGEAR,מסננים,,13.49,,GBP,1,,,,,,,,air_filter,,מקור: קטלוג מקוון לא רשמי (AUTODOC). לא לשימוש מסחרי.,1,,קיה:NIRO:2016:2022
LVFA1705,מסנן אוויר NIRO,,,MOTAQUIP,מסננים,,15.49,,GBP,1,,,,,,,,air_filter,,מקור: קטלוג מקוון לא רשמי (AUTODOC). לא לשימוש מסחרי.,1,,קיה:NIRO:2016:2022
BFA2641,מסנן אוויר NIRO,,,BORG & BECK,מסננים,,13.99,,GBP,1,,,,,,,,air_filter,,מקור: קטלוג מקוון לא רשמי (AUTODOC). לא לשימוש מסחרי.,1,,קיה:NIRO:2016:2022
W 811/80,מסנן שמן NIRO / SORENTO / SOUL / CARENS,,,MANN-FILTER,מסננים,,7.59,,GBP,1,,,,,,,,oil_filter,,מקור: קטלוג מקוון לא רשמי (AUTODOC). לא לשימוש מסחרי.,1,,קיה:NIRO:2016:2022; קיה:SORENTO:2015:2020; קיה:SOUL:2019:2026; קיה:CARENS:2013:2019
ADS72101,מסנן שמן NIRO / SORENTO / SOUL / CARENS,,,BLUE PRINT,מסננים,,4.59,,GBP,1,,,,,,,,oil_filter,,מקור: קטלוג מקוון לא רשמי (AUTODOC). לא לשימוש מסחרי.,1,,קיה:NIRO:2016:2022; קיה:SORENTO:2015:2020; קיה:SOUL:2019:2026; קיה:CARENS:2013:2019; קיה:SELTOS:2019:2026
193871,מסנן שמן NIRO / SORENTO / SOUL / CARENS,,,FEBI BILSTEIN,מסננים,,4.59,,GBP,1,,,,,,,,oil_filter,,מקור: קטלוג מקוון לא רשמי (AUTODOC). לא לשימוש מסחרי.,1,,קיה:NIRO:2016:2022; קיה:SORENTO:2015:2020; קיה:SOUL:2019:2026; קיה:CARENS:2013:2019
QFL0005,מסנן שמן NIRO / SOUL / CARENS,,,QUINTON HAZELL,מסננים,,6.29,,GBP,1,,,,,,,,oil_filter,,מקור: קטלוג מקוון לא רשמי (AUTODOC). לא לשימוש מסחרי.,1,,קיה:NIRO:2016:2022; קיה:SOUL:2019:2026; קיה:CARENS:2013:2019
586017,מסנן שמן NIRO / SOUL,,,VALEO,מסננים,,6.99,,GBP,1,,,,,,,,oil_filter,,מקור: קטלוג מקוון לא רשמי (AUTODOC). לא לשימוש מסחרי.,1,,קיה:NIRO:2016:2022; קיה:SOUL:2019:2026
SO-1004,מסנן שמן NIRO,,,K&N Filters,מסננים,,11.49,,GBP,1,,,,,,,,oil_filter,,מקור: קטלוג מקוון לא רשמי (AUTODOC). לא לשימוש מסחרי.,1,,קיה:NIRO:2016:2022
51064,מסנן שמן NIRO / CARENS,,,WIX FILTERS,מסננים,,10.49,,GBP,1,,,,,,,,oil_filter,,מקור: קטלוג מקוון לא רשמי (AUTODOC). לא לשימוש מסחרי.,1,,קיה:NIRO:2016:2022; קיה:CARENS:2013:2019
424I0119,מסנן מזגן NIRO,,,RIDEX,מסננים,,5.59,,GBP,1,,,,,,,,cabin_filter,,מקור: קטלוג מקוון לא רשמי (AUTODOC). לא לשימוש מסחרי.,1,,קיה:NIRO:2016:2022
CUK 24 013,מסנן מזגן NIRO,,,MANN-FILTER,מסננים,,18.99,,GBP,1,,,,,,,,cabin_filter,,מקור: קטלוג מקוון לא רשמי (AUTODOC). לא לשימוש מסחרי.,1,,קיה:NIRO:2016:2022
CUK 24 004,מסנן מזגן NIRO,,,MANN-FILTER,מסננים,,12.49,,GBP,1,,,,,,,,cabin_filter,,מקור: קטלוג מקוון לא רשמי (AUTODOC). לא לשימוש מסחרי.,1,,קיה:NIRO:2016:2022
CU 24 004,מסנן מזגן NIRO,,,MANN-FILTER,מסננים,,11.99,,GBP,1,,,,,,,,cabin_filter,,מקור: קטלוג מקוון לא רשמי (AUTODOC). לא לשימוש מסחרי.,1,,קיה:NIRO:2016:2022
LAK 464,מסנן מזגן NIRO,,,MAHLE,מסננים,,16.99,,GBP,1,,,,,,,,cabin_filter,,מקור: קטלוג מקוון לא רשמי (AUTODOC). לא לשימוש מסחרי.,1,,קיה:NIRO:2016:2022
K 1332,מסנן מזגן NIRO,,,FILTRON,מסננים,,6.99,,GBP,1,,,,,,,,cabin_filter,,מקור: קטלוג מקוון לא רשמי (AUTODOC). לא לשימוש מסחרי.,1,,קיה:NIRO:2016:2022
CCF0448,מסנן מזגן NIRO,,,CHAMPION,מסננים,,8.29,,GBP,1,,,,,,,,cabin_filter,,מקור: קטלוג מקוון לא רשמי (AUTODOC). לא לשימוש מסחרי.,1,,קיה:NIRO:2016:2022
7O0008,מסנן שמן RAV4 / COROLLA,,,RIDEX,מסננים,,4.29,,GBP,1,,,,,,,,oil_filter,,מקור: קטלוג מקוון לא רשמי (AUTODOC). לא לשימוש מסחרי.,1,,טויוטה:RAV4:2018:2026; טויוטה:COROLLA:2019:2026
7O0525,מסנן שמן RAV4,,,RIDEX,מסננים,,5.29,,GBP,1,,,,,,,,oil_filter,,מקור: קטלוג מקוון לא רשמי (AUTODOC). לא לשימוש מסחרי.,1,,טויוטה:RAV4:2018:2026
OC 534,מסנן שמן RAV4 / COROLLA / CAMRY,,,MAHLE,מסננים,,8.99,,GBP,1,,,,,,,,oil_filter,,מקור: קטלוג מקוון לא רשמי (AUTODOC). לא לשימוש מסחרי.,1,,טויוטה:RAV4:2018:2026; טויוטה:COROLLA:2019:2026; טויוטה:CAMRY:2018:2026
W 6031,מסנן שמן RAV4,,,MANN-FILTER,מסננים,,6.59,,GBP,1,,,,,,,,oil_filter,,מקור: קטלוג מקוון לא רשמי (AUTODOC). לא לשימוש מסחרי.,1,,טויוטה:RAV4:2018:2026
HP-1003,מסנן שמן RAV4,,,K&N Filters,מסננים,,13.49,,GBP,1,,,,,,,,oil_filter,,מקור: קטלוג מקוון לא רשמי (AUTODOC). לא לשימוש מסחרי.,1,,טויוטה:RAV4:2018:2026
H97W07,מסנן שמן RAV4 / COROLLA / PRIUS / CAMRY,,,HENGST FILTER,מסננים,,5.29,,GBP,1,,,,,,,,oil_filter,,מקור: קטלוג מקוון לא רשמי (AUTODOC). לא לשימוש מסחרי.,1,,טויוטה:RAV4:2018:2026; טויוטה:COROLLA:2019:2026; טויוטה:PRIUS:2015:2022; טויוטה:CAMRY:2018:2026
586042,מסנן שמן RAV4 / COROLLA,,,VALEO,מסננים,,5.29,,GBP,1,,,,,,,,oil_filter,,מקור: קטלוג מקוון לא רשמי (AUTODOC). לא לשימוש מסחרי.,1,,טויוטה:RAV4:2018:2026; טויוטה:COROLLA:2019:2026
23.263.00,מסנן שמן RAV4 / COROLLA,,,UFI,מסננים,,4.59,,GBP,1,,,,,,,,oil_filter,,מקור: קטלוג מקוון לא רשמי (AUTODOC). לא לשימוש מסחרי.,1,,טויוטה:RAV4:2018:2026; טויוטה:COROLLA:2019:2026
LS1156,מסנן שמן RAV4,,,PURFLUX,מסננים,,5.59,,GBP,1,,,,,,,,oil_filter,,מקור: קטלוג מקוון לא רשמי (AUTODOC). לא לשימוש מסחרי.,1,,טויוטה:RAV4:2018:2026
J1312010,מסנן שמן RAV4 / COROLLA / CAMRY,,,HERTH+BUSS JAKOPARTS,מסננים,,5.59,,GBP,1,,,,,,,,oil_filter,,מקור: קטלוג מקוון לא רשמי (AUTODOC). לא לשימוש מסחרי.,1,,טויוטה:RAV4:2018:2026; טויוטה:COROLLA:2019:2026; טויוטה:CAMRY:2018:2026
723 920,מסנן שמן RAV4,,,TOPRAN,מסננים,,9.59,,GBP,1,,,,,,,,oil_filter,,מקור: קטלוג מקוון לא רשמי (AUTODOC). לא לשימוש מסחרי.,1,,טויוטה:RAV4:2018:2026
OP 618/2,מסנן שמן RAV4,,,FILTRON,מסננים,,5.29,,GBP,1,,,,,,,,oil_filter,,מקור: קטלוג מקוון לא רשמי (AUTODOC). לא לשימוש מסחרי.,1,,טויוטה:RAV4:2018:2026
SO-1003,מסנן שמן RAV4,,,K&N Filters,מסננים,,11.49,,GBP,1,,,,,,,,oil_filter,,מקור: קטלוג מקוון לא רשמי (AUTODOC). לא לשימוש מסחרי.,1,,טויוטה:RAV4:2018:2026
FT6872,מסנן שמן RAV4,,,COOPERSFIAAM FILTERS,מסננים,,9.59,,GBP,1,,,,,,,,oil_filter,,מקור: קטלוג מקוון לא רשמי (AUTODOC). לא לשימוש מסחרי.,1,,טויוטה:RAV4:2018:2026
FL2638,מסנן שמן RAV4,,,BREMSI,מסננים,,6.29,,GBP,1,,,,,,,,oil_filter,,מקור: קטלוג מקוון לא רשמי (AUTODOC). לא לשימוש מסחרי.,1,,טויוטה:RAV4:2018:2026
184115,מסנן מזגן RAV4 / COROLLA,,,FEBI BILSTEIN,מסננים,,6.99,,GBP,1,,,,,,,,cabin_filter,,מקור: קטלוג מקוון לא רשמי (AUTODOC). לא לשימוש מסחרי.,1,,טויוטה:RAV4:2018:2026; טויוטה:COROLLA:2019:2026
AHC484,מסנן מזגן RAV4 / COROLLA / CAMRY,,,PURFLUX,מסננים,,16.49,,GBP,1,,,,,,,,cabin_filter,,מקור: קטלוג מקוון לא רשמי (AUTODOC). לא לשימוש מסחרי.,1,,טויוטה:RAV4:2018:2026; טויוטה:COROLLA:2019:2026; טויוטה:CAMRY:2018:2026
P 83 145,רפידות בלם קדמיות RAV4,,,BREMBO,בלמים,,55.49,,GBP,1,,,,,,,,brake_pads_front,,מקור: קטלוג מקוון לא רשמי (AUTODOC). לא לשימוש מסחרי.,1,,טויוטה:RAV4:2018:2026; טויוטה:RAV4:2013:2018
686S0371,מצת RAV4 / PRIUS / CAMRY,,,RIDEX,הצתה,,11.49,,GBP,1,,,,,,,,spark_plug,,מקור: קטלוג מקוון לא רשמי (AUTODOC). לא לשימוש מסחרי.,1,,טויוטה:RAV4:2018:2026; טויוטה:PRIUS:2015:2022; טויוטה:CAMRY:2018:2026
FC16HR-Q8,מצת RAV4 / CAMRY,,,DENSO,הצתה,,16.49,,GBP,1,,,,,,,,spark_plug,,מקור: קטלוג מקוון לא רשמי (AUTODOC). לא לשימוש מסחרי.,1,,טויוטה:RAV4:2018:2026; טויוטה:CAMRY:2018:2026
VFCH16,מצת RAV4 / PRIUS / CAMRY,,,DENSO,הצתה,,16.49,,GBP,1,,,,,,,,spark_plug,,מקור: קטלוג מקוון לא רשמי (AUTODOC). לא לשימוש מסחרי.,1,,טויוטה:RAV4:2018:2026; טויוטה:PRIUS:2015:2022; טויוטה:CAMRY:2018:2026
Z543,מצת RAV4 / CAMRY,,,BERU,הצתה,,13.49,,GBP,1,,,,,,,,spark_plug,,מקור: קטלוג מקוון לא רשמי (AUTODOC). לא לשימוש מסחרי.,1,,טויוטה:RAV4:2018:2026; טויוטה:CAMRY:2018:2026
FC20HR-Q8,מצת RAV4,,,DENSO,הצתה,,16.99,,GBP,1,,,,,,,,spark_plug,,מקור: קטלוג מקוון לא רשמי (AUTODOC). לא לשימוש מסחרי.,1,,טויוטה:RAV4:2018:2026
224019133R,מצת RAV4 / CAMRY,,,RENAULT,הצתה,,20.99,,GBP,1,,,,,,,,spark_plug,,מקור: קטלוג מקוון לא רשמי (AUTODOC). לא לשימוש מסחרי.,1,,טויוטה:RAV4:2018:2026; טויוטה:CAMRY:2018:2026
8EH 188 869-271,מצת RAV4 / CAMRY,,,HELLA,הצתה,,17.49,,GBP,1,,,,,,,,spark_plug,,מקור: קטלוג מקוון לא רשמי (AUTODOC). לא לשימוש מסחרי.,1,,טויוטה:RAV4:2018:2026; טויוטה:CAMRY:2018:2026
8A1121,מסנן אוויר RAV4 / COROLLA,,,RIDEX,מסננים,,7.29,,GBP,1,,,,,,,,air_filter,,מקור: קטלוג מקוון לא רשמי (AUTODOC). לא לשימוש מסחרי.,1,,טויוטה:RAV4:2018:2026; טויוטה:COROLLA:2019:2026
ADT322131,מסנן אוויר RAV4 / COROLLA,,,BLUE PRINT,מסננים,,9.99,,GBP,1,,,,,,,,air_filter,,מקור: קטלוג מקוון לא רשמי (AUTODOC). לא לשימוש מסחרי.,1,,טויוטה:RAV4:2018:2026; טויוטה:COROLLA:2019:2026
C 27 063,מסנן אוויר RAV4 / COROLLA,,,MANN-FILTER,מסננים,,13.99,,GBP,1,,,,,,,,air_filter,,מקור: קטלוג מקוון לא רשמי (AUTODOC). לא לשימוש מסחרי.,1,,טויוטה:RAV4:2018:2026; טויוטה:COROLLA:2019:2026
CAF101220P,מסנן אוויר RAV4 / COROLLA,,,CHAMPION,מסננים,,7.59,,GBP,1,,,,,,,,air_filter,,מקור: קטלוג מקוון לא רשמי (AUTODOC). לא לשימוש מסחרי.,1,,טויוטה:RAV4:2018:2026; טויוטה:COROLLA:2019:2026
LX 4529,מסנן אוויר RAV4 / COROLLA,,,MAHLE,מסננים,,18.99,,GBP,1,,,,,,,,air_filter,,מקור: קטלוג מקוון לא רשמי (AUTODOC). לא לשימוש מסחרי.,1,,טויוטה:RAV4:2018:2026; טויוטה:COROLLA:2019:2026
E1685L,מסנן אוויר RAV4,,,HENGST FILTER,מסננים,,12.99,,GBP,1,,,,,,,,air_filter,,מקור: קטלוג מקוון לא רשמי (AUTODOC). לא לשימוש מסחרי.,1,,טויוטה:RAV4:2018:2026
184066,מסנן אוויר RAV4 / COROLLA,,,FEBI BILSTEIN,מסננים,,10.49,,GBP,1,,,,,,,,air_filter,,מקור: קטלוג מקוון לא רשמי (AUTODOC). לא לשימוש מסחרי.,1,,טויוטה:RAV4:2018:2026; טויוטה:COROLLA:2019:2026
AP 178/4,מסנן אוויר RAV4 / COROLLA,,,FILTRON,מסננים,,14.49,,GBP,1,,,,,,,,air_filter,,מקור: קטלוג מקוון לא רשמי (AUTODOC). לא לשימוש מסחרי.,1,,טויוטה:RAV4:2018:2026; טויוטה:COROLLA:2019:2026
J1322132,מסנן אוויר RAV4 / COROLLA,,,HERTH+BUSS JAKOPARTS,מסננים,,18.99,,GBP,1,,,,,,,,air_filter,,מקור: קטלוג מקוון לא רשמי (AUTODOC). לא לשימוש מסחרי.,1,,טויוטה:RAV4:2018:2026; טויוטה:COROLLA:2019:2026
FAF-TY-122,מסנן אוויר RAV4 / COROLLA,,,NTY,מסננים,,7.59,,GBP,1,,,,,,,,air_filter,,מקור: קטלוג מקוון לא רשמי (AUTODOC). לא לשימוש מסחרי.,1,,טויוטה:RAV4:2018:2026; טויוטה:COROLLA:2019:2026
LVFA1689,מסנן אוויר RAV4 / COROLLA,,,MOTAQUIP,מסננים,,19.49,,GBP,1,,,,,,,,air_filter,,מקור: קטלוג מקוון לא רשמי (AUTODOC). לא לשימוש מסחרי.,1,,טויוטה:RAV4:2018:2026; טויוטה:COROLLA:2019:2026
512094,מסנן אוויר RAV4 / COROLLA,,,VALEO,מסננים,,9.99,,GBP,1,,,,,,,,air_filter,,מקור: קטלוג מקוון לא רשמי (AUTODOC). לא לשימוש מסחרי.,1,,טויוטה:RAV4:2018:2026; טויוטה:COROLLA:2019:2026
QFA1200,מסנן אוויר RAV4 / COROLLA,,,QUINTON HAZELL,מסננים,,15.49,,GBP,1,,,,,,,,air_filter,,מקור: קטלוג מקוון לא רשמי (AUTODOC). לא לשימוש מסחרי.,1,,טויוטה:RAV4:2018:2026; טויוטה:COROLLA:2019:2026
82B1266,דיסק בלם קדמי RAV4,,,RIDEX,בלמים,,33.99,,GBP,1,,,,,,,,brake_disc_front,,מקור: קטלוג מקוון לא רשמי (AUTODOC). לא לשימוש מסחרי.,1,,טויוטה:RAV4:2018:2026
82B1266P,דיסק בלם קדמי RAV4,,,RIDEX PLUS,בלמים,,42.99,,GBP,1,,,,,,,,brake_disc_front,,מקור: קטלוג מקוון לא רשמי (AUTODOC). לא לשימוש מסחרי.,1,,טויוטה:RAV4:2018:2026
SO-1008,מסנן שמן CX-30 / MAZDA 3,,,K&N Filters,מסננים,,13.49,,GBP,1,,,,,,,,oil_filter,,מקור: קטלוג מקוון לא רשמי (AUTODOC). לא לשימוש מסחרי.,1,,מאזדה:CX-30:2019:2026; מאזדה:MAZDA 3:2019:2026
15131,מסנן שמן CX-30 / MAZDA 3,,,MEAT & DORIA,מסננים,,7.59,,GBP,1,,,,,,,,oil_filter,,מקור: קטלוג מקוון לא רשמי (AUTODOC). לא לשימוש מסחרי.,1,,מאזדה:CX-30:2019:2026; מאזדה:MAZDA 3:2019:2026
625 369,מסנן שמן CX-30,,,TOPRAN,מסננים,,7.99,,GBP,1,,,,,,,,oil_filter,,מקור: קטלוג מקוון לא רשמי (AUTODOC). לא לשימוש מסחרי.,1,,מאזדה:CX-30:2019:2026
OP-FOF40211,מסנן שמן CX-30,,,OPTIMAL,מסננים,,19.99,,GBP,1,,,,,,,,oil_filter,,מקור: קטלוג מקוון לא רשמי (AUTODOC). לא לשימוש מסחרי.,1,,מאזדה:CX-30:2019:2026
180008,דיסק בלם קדמי CX-30,,,FEBI BILSTEIN,בלמים,,51.49,,GBP,1,,,,,,,,brake_disc_front,,מקור: קטלוג מקוון לא רשמי (AUTODOC). לא לשימוש מסחרי.,1,,מאזדה:CX-30:2019:2026
8DD 355 133-681,דיסק בלם קדמי CX-30 / MAZDA 3,,,HELLA,בלמים,,55.49,,GBP,1,,,,,,,,brake_disc_front,,מקור: קטלוג מקוון לא רשמי (AUTODOC). לא לשימוש מסחרי.,1,,מאזדה:CX-30:2019:2026; מאזדה:MAZDA 3:2019:2026
92326203,דיסק בלם קדמי CX-30 / MAZDA 3,,,TEXTAR,בלמים,,55.99,,GBP,1,,,,,,,,brake_disc_front,,מקור: קטלוג מקוון לא רשמי (AUTODOC). לא לשימוש מסחרי.,1,,מאזדה:CX-30:2019:2026; מאזדה:MAZDA 3:2019:2026
33 10 6300,דיסק בלם קדמי CX-30,,,SWAG,בלמים,,50.99,,GBP,1,,,,,,,,brake_disc_front,,מקור: קטלוג מקוון לא רשמי (AUTODOC). לא לשימוש מסחרי.,1,,מאזדה:CX-30:2019:2026
ADBP250039,מסנן מזגן CX-30 / MAZDA 3,,,BLUE PRINT,מסננים,,15.49,,GBP,1,,,,,,,,cabin_filter,,מקור: קטלוג מקוון לא רשמי (AUTODOC). לא לשימוש מסחרי.,1,,מאזדה:CX-30:2019:2026; מאזדה:MAZDA 3:2019:2026
ADBP250021,מסנן מזגן CX-30 / MAZDA 3,,,BLUE PRINT,מסננים,,13.99,,GBP,1,,,,,,,,cabin_filter,,מקור: קטלוג מקוון לא רשמי (AUTODOC). לא לשימוש מסחרי.,1,,מאזדה:CX-30:2019:2026; מאזדה:MAZDA 3:2019:2026
LA 1361,מסנן מזגן CX-30,,,MAHLE,מסננים,,16.99,,GBP,1,,,,,,,,cabin_filter,,מקור: קטלוג מקוון לא רשמי (AUTODOC). לא לשימוש מסחרי.,1,,מאזדה:CX-30:2019:2026
FC494,מסנן מזגן CX-30 / MAZDA 3,,,MULLER FILTER,מסננים,,13.49,,GBP,1,,,,,,,,cabin_filter,,מקור: קטלוג מקוון לא רשמי (AUTODOC). לא לשימוש מסחרי.,1,,מאזדה:CX-30:2019:2026; מאזדה:MAZDA 3:2019:2026
CAF2309.01,מסנן מזגן CX-30 / MAZDA 3,,,OPEN PARTS,מסננים,,35.49,,GBP,1,,,,,,,,cabin_filter,,מקור: קטלוג מקוון לא רשמי (AUTODOC). לא לשימוש מסחרי.,1,,מאזדה:CX-30:2019:2026; מאזדה:MAZDA 3:2019:2026
P 49 050,רפידות בלם קדמיות CX-30,,,BREMBO,בלמים,,44.99,,GBP,1,,,,,,,,brake_pads_front,,מקור: קטלוג מקוון לא רשמי (AUTODOC). לא לשימוש מסחרי.,1,,מאזדה:CX-30:2019:2026; מאזדה:CX-3:2015:2026
25875.160.1,רפידות בלם קדמיות CX-30,,,ZIMMERMANN,בלמים,,46.49,,GBP,1,,,,,,,,brake_pads_front,,מקור: קטלוג מקוון לא רשמי (AUTODOC). לא לשימוש מסחרי.,1,,מאזדה:CX-30:2019:2026
302285,רפידות בלם קדמיות CX-30,,,VALEO,בלמים,,22.99,,GBP,1,,,,,,,,brake_pads_front,,מקור: קטלוג מקוון לא רשמי (AUTODOC). לא לשימוש מסחרי.,1,,מאזדה:CX-30:2019:2026
ADBP220029,מסנן אוויר CX-30 / MAZDA 3,,,BLUE PRINT,מסננים,,10.49,,GBP,1,,,,,,,,air_filter,,מקור: קטלוג מקוון לא רשמי (AUTODOC). לא לשימוש מסחרי.,1,,מאזדה:CX-30:2019:2026; מאזדה:MAZDA 3:2019:2026
184008,מסנן אוויר CX-30 / MAZDA 3,,,FEBI BILSTEIN,מסננים,,10.49,,GBP,1,,,,,,,,air_filter,,מקור: קטלוג מקוון לא רשמי (AUTODOC). לא לשימוש מסחרי.,1,,מאזדה:CX-30:2019:2026; מאזדה:MAZDA 3:2019:2026
LX 5800,מסנן אוויר CX-30 / MAZDA 3,,,MAHLE,מסננים,,19.99,,GBP,1,,,,,,,,air_filter,,מקור: קטלוג מקוון לא רשמי (AUTODOC). לא לשימוש מסחרי.,1,,מאזדה:CX-30:2019:2026; מאזדה:MAZDA 3:2019:2026
GCH0524,מסנן אוויר CX-30 / MAZDA 3,,,goCORE,מסננים,,19.99,,GBP,1,,,,,,,,air_filter,,מקור: קטלוג מקוון לא רשמי (AUTODOC). לא לשימוש מסחרי.,1,,מאזדה:CX-30:2019:2026; מאזדה:MAZDA 3:2019:2026
26-2792,מסנן אוויר CX-30 / MAZDA 3,,,MAXGEAR,מסננים,,15.49,,GBP,1,,,,,,,,air_filter,,מקור: קטלוג מקוון לא רשמי (AUTODOC). לא לשימוש מסחרי.,1,,מאזדה:CX-30:2019:2026; מאזדה:MAZDA 3:2019:2026
QFA1223,מסנן אוויר CX-30 / MAZDA 3,,,QUINTON HAZELL,מסננים,,16.99,,GBP,1,,,,,,,,air_filter,,מקור: קטלוג מקוון לא רשמי (AUTODOC). לא לשימוש מסחרי.,1,,מאזדה:CX-30:2019:2026; מאזדה:MAZDA 3:2019:2026
E2015L,מסנן אוויר CX-30 / MAZDA 3,,,HENGST FILTER,מסננים,,19.49,,GBP,1,,,,,,,,air_filter,,מקור: קטלוג מקוון לא רשמי (AUTODOC). לא לשימוש מסחרי.,1,,מאזדה:CX-30:2019:2026; מאזדה:MAZDA 3:2019:2026
20-03-353,מסנן אוויר CX-30 / MAZDA 3,,,ASHIKA,מסננים,,10.49,,GBP,1,,,,,,,,air_filter,,מקור: קטלוג מקוון לא רשמי (AUTODOC). לא לשימוש מסחרי.,1,,מאזדה:CX-30:2019:2026; מאזדה:MAZDA 3:2019:2026
A32-0163,מסנן אוויר CX-30,,,JAPANPARTS,מסננים,,9.99,,GBP,1,,,,,,,,air_filter,,מקור: קטלוג מקוון לא רשמי (AUTODOC). לא לשימוש מסחרי.,1,,מאזדה:CX-30:2019:2026
C1514100,מצת CEED / STONIC / SOUL,,,BOGAP,הצתה,,9.99,,GBP,1,,,,,,,,spark_plug,,מקור: קטלוג מקוון לא רשמי (AUTODOC). לא לשימוש מסחרי.,1,,קיה:CEED:2018:2026; קיה:STONIC:2017:2026; קיה:SOUL:2019:2026
C1514101,מצת CEED / SOUL,,,BOGAP,הצתה,,9.99,,GBP,1,,,,,,,,spark_plug,,מקור: קטלוג מקוון לא רשמי (AUTODOC). לא לשימוש מסחרי.,1,,קיה:CEED:2018:2026; קיה:SOUL:2019:2026
424I0269,מסנן מזגן CEED,,,RIDEX,מסננים,,6.29,,GBP,1,,,,,,,,cabin_filter,,מקור: קטלוג מקוון לא רשמי (AUTODOC). לא לשימוש מסחרי.,1,,קיה:CEED:2018:2026
424I0269P,מסנן מזגן CEED,,,RIDEX PLUS,מסננים,,7.59,,GBP,1,,,,,,,,cabin_filter,,מקור: קטלוג מקוון לא רשמי (AUTODOC). לא לשימוש מסחרי.,1,,קיה:CEED:2018:2026
424I0618P,מסנן מזגן CEED,,,RIDEX PLUS,מסננים,,18.99,,GBP,1,,,,,,,,cabin_filter,,מקור: קטלוג מקוון לא רשמי (AUTODOC). לא לשימוש מסחרי.,1,,קיה:CEED:2018:2026
CU 24 013,מסנן מזגן CEED / CARENS,,,MANN-FILTER,מסננים,,12.99,,GBP,1,,,,,,,,cabin_filter,,מקור: קטלוג מקוון לא רשמי (AUTODOC). לא לשימוש מסחרי.,1,,קיה:CEED:2018:2026; קיה:CARENS:2013:2019
715816,מסנן מזגן CEED / CARENS,,,VALEO,מסננים,,6.99,,GBP,1,,,,,,,,cabin_filter,,מקור: קטלוג מקוון לא רשמי (AUTODOC). לא לשימוש מסחרי.,1,,קיה:CEED:2018:2026; קיה:CARENS:2013:2019
DVF5041,מסנן מזגן CEED / CARENS,,,K&N Filters,מסננים,,18.99,,GBP,1,,,,,,,,cabin_filter,,מקור: קטלוג מקוון לא רשמי (AUTODOC). לא לשימוש מסחרי.,1,,קיה:CEED:2018:2026; קיה:CARENS:2013:2019
E3902LC,מסנן מזגן CEED,,,HENGST FILTER,מסננים,,13.49,,GBP,1,,,,,,,,cabin_filter,,מקור: קטלוג מקוון לא רשמי (AUTODOC). לא לשימוש מסחרי.,1,,קיה:CEED:2018:2026
F512301,מסנן מזגן CEED,,,KAMOKA,מסננים,,7.99,,GBP,1,,,,,,,,cabin_filter,,מקור: קטלוג מקוון לא רשמי (AUTODOC). לא לשימוש מסחרי.,1,,קיה:CEED:2018:2026
LA 447,מסנן מזגן CEED / CARENS,,,MAHLE,מסננים,,15.99,,GBP,1,,,,,,,,cabin_filter,,מקור: קטלוג מקוון לא רשמי (AUTODOC). לא לשימוש מסחרי.,1,,קיה:CEED:2018:2026; קיה:CARENS:2013:2019
P 30 073,רפידות בלם קדמיות CEED,,,BREMBO,בלמים,,39.99,,GBP,1,,,,,,,,brake_pads_front,,מקור: קטלוג מקוון לא רשמי (AUTODOC). לא לשימוש מסחרי.,1,,קיה:CEED:2018:2026
C 24 054,מסנן אוויר CEED / SOUL,,,MANN-FILTER,מסננים,,13.99,,GBP,1,,,,,,,,air_filter,,מקור: קטלוג מקוון לא רשמי (AUTODOC). לא לשימוש מסחרי.,1,,קיה:CEED:2018:2026; קיה:SOUL:2019:2026
LX 4567,מסנן אוויר CEED / SOUL,,,MAHLE,מסננים,,13.99,,GBP,1,,,,,,,,air_filter,,מקור: קטלוג מקוון לא רשמי (AUTODOC). לא לשימוש מסחרי.,1,,קיה:CEED:2018:2026; קיה:SOUL:2019:2026
ADG022161,מסנן אוויר CEED / SOUL / SELTOS,,,BLUE PRINT,מסננים,,12.49,,GBP,1,,,,,,,,air_filter,,מקור: קטלוג מקוון לא רשמי (AUTODOC). לא לשימוש מסחרי.,1,,קיה:CEED:2018:2026; קיה:SOUL:2019:2026; קיה:SELTOS:2019:2026
A3011,מסנן אוויר CEED / SOUL,,,PURFLUX,מסננים,,10.49,,GBP,1,,,,,,,,air_filter,,מקור: קטלוג מקוון לא רשמי (AUTODOC). לא לשימוש מסחרי.,1,,קיה:CEED:2018:2026; קיה:SOUL:2019:2026
CAF101249P,מסנן אוויר CEED / SOUL,,,CHAMPION,מסננים,,8.29,,GBP,1,,,,,,,,air_filter,,מקור: קטלוג מקוון לא רשמי (AUTODOC). לא לשימוש מסחרי.,1,,קיה:CEED:2018:2026; קיה:SOUL:2019:2026
J1320563,מסנן אוויר CEED / SELTOS,,,HERTH+BUSS JAKOPARTS,מסננים,,12.99,,GBP,1,,,,,,,,air_filter,,מקור: קטלוג מקוון לא רשמי (AUTODOC). לא לשימוש מסחרי.,1,,קיה:CEED:2018:2026; קיה:SELTOS:2019:2026
CA0133,מסנן אוויר CEED / SOUL,,,Castrol filters,מסננים,,10.49,,GBP,1,,,,,,,,air_filter,,מקור: קטלוג מקוון לא רשמי (AUTODOC). לא לשימוש מסחרי.,1,,קיה:CEED:2018:2026; קיה:SOUL:2019:2026
AP 197/5,מסנן אוויר CEED / SOUL,,,FILTRON,מסננים,,11.49,,GBP,1,,,,,,,,air_filter,,מקור: קטלוג מקוון לא רשמי (AUTODOC). לא לשימוש מסחרי.,1,,קיה:CEED:2018:2026; קיה:SOUL:2019:2026
F252001,מסנן אוויר CEED / SOUL,,,KAMOKA,מסננים,,9.29,,GBP,1,,,,,,,,air_filter,,מקור: קטלוג מקוון לא רשמי (AUTODOC). לא לשימוש מסחרי.,1,,קיה:CEED:2018:2026; קיה:SOUL:2019:2026
GCH0358,מסנן אוויר CEED / SOUL,,,goCORE,מסננים,,21.99,,GBP,1,,,,,,,,air_filter,,מקור: קטלוג מקוון לא רשמי (AUTODOC). לא לשימוש מסחרי.,1,,קיה:CEED:2018:2026; קיה:SOUL:2019:2026
FAF-HY-536,מסנן אוויר CEED,,,NTY,מסננים,,7.99,,GBP,1,,,,,,,,air_filter,,מקור: קטלוג מקוון לא רשמי (AUTODOC). לא לשימוש מסחרי.,1,,קיה:CEED:2018:2026
LVFA1683,מסנן אוויר CEED / SOUL,,,MOTAQUIP,מסננים,,18.99,,GBP,1,,,,,,,,air_filter,,מקור: קטלוג מקוון לא רשמי (AUTODOC). לא לשימוש מסחרי.,1,,קיה:CEED:2018:2026; קיה:SOUL:2019:2026
B20345OEM,מסנן אוויר CEED / SOUL / SELTOS,,,JC PREMIUM,מסננים,,16.49,,GBP,1,,,,,,,,air_filter,,מקור: קטלוג מקוון לא רשמי (AUTODOC). לא לשימוש מסחרי.,1,,קיה:CEED:2018:2026; קיה:SOUL:2019:2026; קיה:SELTOS:2019:2026
B20345PR,מסנן אוויר CEED / SOUL,,,JC PREMIUM,מסננים,,16.49,,GBP,1,,,,,,,,air_filter,,מקור: קטלוג מקוון לא רשמי (AUTODOC). לא לשימוש מסחרי.,1,,קיה:CEED:2018:2026; קיה:SOUL:2019:2026
FT5447,מסנן שמן CEED / SOUL / CARENS / MX-5,,,COOPERSFIAAM FILTERS,מסננים,,11.99,,GBP,1,,,,,,,,oil_filter,,מקור: קטלוג מקוון לא רשמי (AUTODOC). לא לשימוש מסחרי.,1,,קיה:CEED:2018:2026; קיה:SOUL:2019:2026; קיה:CARENS:2013:2019; מאזדה:MX-5:2015:2026
402B1926,רפידות בלם קדמיות MAZDA 3,,,RIDEX,בלמים,,21.49,,GBP,1,,,,,,,,brake_pads_front,,מקור: קטלוג מקוון לא רשמי (AUTODOC). לא לשימוש מסחרי.,1,,מאזדה:MAZDA 3:2019:2026
P 49 065,רפידות בלם קדמיות MAZDA 3,,,BREMBO,בלמים,,49.99,,GBP,1,,,,,,,,brake_pads_front,,מקור: קטלוג מקוון לא רשמי (AUTODOC). לא לשימוש מסחרי.,1,,מאזדה:MAZDA 3:2019:2026
26177.160.1,רפידות בלם קדמיות MAZDA 3,,,ZIMMERMANN,בלמים,,42.49,,GBP,1,,,,,,,,brake_pads_front,,מקור: קטלוג מקוון לא רשמי (AUTODOC). לא לשימוש מסחרי.,1,,מאזדה:MAZDA 3:2019:2026
2617701,רפידות בלם קדמיות MAZDA 3,,,TEXTAR,בלמים,,57.49,,GBP,1,,,,,,,,brake_pads_front,,מקור: קטלוג מקוון לא רשמי (AUTODOC). לא לשימוש מסחרי.,1,,מאזדה:MAZDA 3:2019:2026
8DB 355 040-271,רפידות בלם קדמיות MAZDA 3,,,HELLA,בלמים,,44.99,,GBP,1,,,,,,,,brake_pads_front,,מקור: קטלוג מקוון לא רשמי (AUTODOC). לא לשימוש מסחרי.,1,,מאזדה:MAZDA 3:2019:2026
574108J,רפידות בלם קדמיות MAZDA 3,,,JURID,בלמים,,34.49,,GBP,1,,,,,,,,brake_pads_front,,מקור: קטלוג מקוון לא רשמי (AUTODOC). לא לשימוש מסחרי.,1,,מאזדה:MAZDA 3:2019:2026
563678JC,דיסק בלם קדמי MAZDA 3,,,JURID,בלמים,,47.49,,GBP,1,,,,,,,,brake_disc_front,,מקור: קטלוג מקוון לא רשמי (AUTODOC). לא לשימוש מסחרי.,1,,מאזדה:MAZDA 3:2019:2026
56262NC,דיסק בלם קדמי MAZDA 3,,,PAGID,בלמים,,58.49,,GBP,1,,,,,,,,brake_disc_front,,מקור: קטלוג מקוון לא רשמי (AUTODOC). לא לשימוש מסחרי.,1,,מאזדה:MAZDA 3:2019:2026
W 68/3,מסנן שמן COROLLA,,,MANN-FILTER,מסננים,,8.29,,GBP,1,,,,,,,,oil_filter,,מקור: קטלוג מקוון לא רשמי (AUTODOC). לא לשימוש מסחרי.,1,,טויוטה:COROLLA:2019:2026
F 026 407 208,מסנן שמן COROLLA,,,BOSCH,מסננים,,7.29,,GBP,1,,,,,,,,oil_filter,,מקור: קטלוג מקוון לא רשמי (AUTODOC). לא לשימוש מסחרי.,1,,טויוטה:COROLLA:2019:2026
CO0006,מסנן שמן COROLLA,,,Castrol filters,מסננים,,5.59,,GBP,1,,,,,,,,oil_filter,,מקור: קטלוג מקוון לא רשמי (AUTODOC). לא לשימוש מסחרי.,1,,טויוטה:COROLLA:2019:2026
30-14 322 0000,מסנן שמן COROLLA,,,MEYLE,מסננים,,4.99,,GBP,1,,,,,,,,oil_filter,,מקור: קטלוג מקוון לא רשמי (AUTODOC). לא לשימוש מסחרי.,1,,טויוטה:COROLLA:2019:2026
OP 572,מסנן שמן COROLLA,,,FILTRON,מסננים,,5.99,,GBP,1,,,,,,,,oil_filter,,מקור: קטלוג מקוון לא רשמי (AUTODOC). לא לשימוש מסחרי.,1,,טויוטה:COROLLA:2019:2026
50013104,מסנן שמן COROLLA,,,KOLBENSCHMIDT,מסננים,,4.29,,GBP,1,,,,,,,,oil_filter,,מקור: קטלוג מקוון לא רשמי (AUTODOC). לא לשימוש מסחרי.,1,,טויוטה:COROLLA:2019:2026
A70-0501,מסנן שמן COROLLA,,,ACKOJA,מסננים,,5.99,,GBP,1,,,,,,,,oil_filter,,מקור: קטלוג מקוון לא רשמי (AUTODOC). לא לשימוש מסחרי.,1,,טויוטה:COROLLA:2019:2026
F102201,מסנן שמן COROLLA,,,KAMOKA,מסננים,,5.29,,GBP,1,,,,,,,,oil_filter,,מקור: קטלוג מקוון לא רשמי (AUTODOC). לא לשימוש מסחרי.,1,,טויוטה:COROLLA:2019:2026
QFL0087,מסנן שמן COROLLA / CAMRY,,,QUINTON HAZELL,מסננים,,7.29,,GBP,1,,,,,,,,oil_filter,,מקור: קטלוג מקוון לא רשמי (AUTODOC). לא לשימוש מסחרי.,1,,טויוטה:COROLLA:2019:2026; טויוטה:CAMRY:2018:2026
OP-FOF40184,מסנן שמן COROLLA,,,OPTIMAL,מסננים,,16.49,,GBP,1,,,,,,,,oil_filter,,מקור: קטלוג מקוון לא רשמי (AUTODOC). לא לשימוש מסחרי.,1,,טויוטה:COROLLA:2019:2026
686S0125,מצת COROLLA,,,RIDEX,הצתה,,6.99,,GBP,1,,,,,,,,spark_plug,,מקור: קטלוג מקוון לא רשמי (AUTODOC). לא לשימוש מסחרי.,1,,טויוטה:COROLLA:2019:2026
0 242 140 565,מצת COROLLA,,,BOSCH,הצתה,,21.49,,GBP,1,,,,,,,,spark_plug,,מקור: קטלוג מקוון לא רשמי (AUTODOC). לא לשימוש מסחרי.,1,,טויוטה:COROLLA:2019:2026
0 242 140 572,מצת COROLLA,,,BOSCH,הצתה,,15.49,,GBP,1,,,,,,,,spark_plug,,מקור: קטלוג מקוון לא רשמי (AUTODOC). לא לשימוש מסחרי.,1,,טויוטה:COROLLA:2019:2026
EC22HPR-D7,מצת COROLLA,,,DENSO,הצתה,,18.49,,GBP,1,,,,,,,,spark_plug,,מקור: קטלוג מקוון לא רשמי (AUTODOC). לא לשימוש מסחרי.,1,,טויוטה:COROLLA:2019:2026
7090558,מצת COROLLA,,,KAMOKA,הצתה,,12.99,,GBP,1,,,,,,,,spark_plug,,מקור: קטלוג מקוון לא רשמי (AUTODOC). לא לשימוש מסחרי.,1,,טויוטה:COROLLA:2019:2026
GCF860077,מצת COROLLA,,,goCORE,הצתה,,13.99,,GBP,1,,,,,,,,spark_plug,,מקור: קטלוג מקוון לא רשמי (AUTODOC). לא לשימוש מסחרי.,1,,טויוטה:COROLLA:2019:2026
0 242 140 580,מצת COROLLA,,,BOSCH,הצתה,,16.99,,GBP,1,,,,,,,,spark_plug,,מקור: קטלוג מקוון לא רשמי (AUTODOC). לא לשימוש מסחרי.,1,,טויוטה:COROLLA:2019:2026
F 026 400 674,מסנן אוויר COROLLA,,,BOSCH,מסננים,,14.99,,GBP,1,,,,,,,,air_filter,,מקור: קטלוג מקוון לא רשמי (AUTODOC). לא לשימוש מסחרי.,1,,טויוטה:COROLLA:2019:2026
F250301,מסנן אוויר COROLLA,,,KAMOKA,מסננים,,7.99,,GBP,1,,,,,,,,air_filter,,מקור: קטלוג מקוון לא רשמי (AUTODOC). לא לשימוש מסחרי.,1,,טויוטה:COROLLA:2019:2026
FA1127,מסנן אוויר COROLLA,,,BREMSI,מסננים,,11.49,,GBP,1,,,,,,,,air_filter,,מקור: קטלוג מקוון לא רשמי (AUTODOC). לא לשימוש מסחרי.,1,,טויוטה:COROLLA:2019:2026
P 83 177,רפידות בלם קדמיות COROLLA,,,BREMBO,בלמים,,68.99,,GBP,1,,,,,,,,brake_pads_front,,מקור: קטלוג מקוון לא רשמי (AUTODOC). לא לשימוש מסחרי.,1,,טויוטה:COROLLA:2019:2026
0 986 460 149,רפידות בלם קדמיות COROLLA,,,BOSCH,בלמים,,45.49,,GBP,1,,,,,,,,brake_pads_front,,מקור: קטלוג מקוון לא רשמי (AUTODOC). לא לשימוש מסחרי.,1,,טויוטה:COROLLA:2019:2026
2614901,רפידות בלם קדמיות COROLLA,,,TEXTAR,בלמים,,51.99,,GBP,1,,,,,,,,brake_pads_front,,מקור: קטלוג מקוון לא רשמי (AUTODOC). לא לשימוש מסחרי.,1,,טויוטה:COROLLA:2019:2026
181239,דיסק בלם קדמי COROLLA,,,FEBI BILSTEIN,בלמים,,45.99,,GBP,1,,,,,,,,brake_disc_front,,מקור: קטלוג מקוון לא רשמי (AUTODOC). לא לשימוש מסחרי.,1,,טויוטה:COROLLA:2019:2026
09.E229.11,דיסק בלם קדמי COROLLA,,,BREMBO,בלמים,,54.49,,GBP,1,,,,,,,,brake_disc_front,,מקור: קטלוג מקוון לא רשמי (AUTODOC). לא לשימוש מסחרי.,1,,טויוטה:COROLLA:2019:2026
0 986 479 F92,דיסק בלם קדמי COROLLA,,,BOSCH,בלמים,,44.49,,GBP,1,,,,,,,,brake_disc_front,,מקור: קטלוג מקוון לא רשמי (AUTODOC). לא לשימוש מסחרי.,1,,טויוטה:COROLLA:2019:2026
BG5051C,דיסק בלם קדמי COROLLA,,,DELPHI,בלמים,,36.99,,GBP,1,,,,,,,,brake_disc_front,,מקור: קטלוג מקוון לא רשמי (AUTODOC). לא לשימוש מסחרי.,1,,טויוטה:COROLLA:2019:2026
92341103,דיסק בלם קדמי COROLLA,,,TEXTAR,בלמים,,43.99,,GBP,1,,,,,,,,brake_disc_front,,מקור: קטלוג מקוון לא רשמי (AUTODOC). לא לשימוש מסחרי.,1,,טויוטה:COROLLA:2019:2026
590.2855.20,דיסק בלם קדמי COROLLA,,,ZIMMERMANN,בלמים,,51.99,,GBP,1,,,,,,,,brake_disc_front,,מקור: קטלוג מקוון לא רשמי (AUTODOC). לא לשימוש מסחרי.,1,,טויוטה:COROLLA:2019:2026
ADBP430072,דיסק בלם קדמי COROLLA,,,BLUE PRINT,בלמים,,36.99,,GBP,1,,,,,,,,brake_disc_front,,מקור: קטלוג מקוון לא רשמי (AUTODOC). לא לשימוש מסחרי.,1,,טויוטה:COROLLA:2019:2026
09.E229.1X,דיסק בלם קדמי COROLLA,,,BREMBO,בלמים,,90.49,,GBP,1,,,,,,,,brake_disc_front,,מקור: קטלוג מקוון לא רשמי (AUTODOC). לא לשימוש מסחרי.,1,,טויוטה:COROLLA:2019:2026
33 10 8156,דיסק בלם קדמי COROLLA,,,SWAG,בלמים,,41.99,,GBP,1,,,,,,,,brake_disc_front,,מקור: קטלוג מקוון לא רשמי (AUTODOC). לא לשימוש מסחרי.,1,,טויוטה:COROLLA:2019:2026
0 986 628 581,מסנן מזגן COROLLA / MX-5,,,BOSCH,מסננים,,28.99,,GBP,1,,,,,,,,cabin_filter,,מקור: קטלוג מקוון לא רשמי (AUTODOC). לא לשימוש מסחרי.,1,,טויוטה:COROLLA:2019:2026; מאזדה:MX-5:2015:2026
1 987 435 590,מסנן מזגן COROLLA,,,BOSCH,מסננים,,26.49,,GBP,1,,,,,,,,cabin_filter,,מקור: קטלוג מקוון לא רשמי (AUTODOC). לא לשימוש מסחרי.,1,,טויוטה:COROLLA:2019:2026
1 987 435 108,מסנן מזגן COROLLA,,,BOSCH,מסננים,,16.49,,GBP,1,,,,,,,,cabin_filter,,מקור: קטלוג מקוון לא רשמי (AUTODOC). לא לשימוש מסחרי.,1,,טויוטה:COROLLA:2019:2026
J1322104,מסנן אוויר RAV4,,,HERTH+BUSS JAKOPARTS,מסננים,,7.59,,GBP,1,,,,,,,,air_filter,,מקור: קטלוג מקוון לא רשמי (AUTODOC). לא לשימוש מסחרי.,1,,טויוטה:RAV4:2013:2018
585162,מסנן אוויר RAV4,,,VALEO,מסננים,,9.29,,GBP,1,,,,,,,,air_filter,,מקור: קטלוג מקוון לא רשמי (AUTODOC). לא לשימוש מסחרי.,1,,טויוטה:RAV4:2013:2018
DFA3900,מסנן אוויר RAV4,,,DACO Germany,מסננים,,5.99,,GBP,1,,,,,,,,air_filter,,מקור: קטלוג מקוון לא רשמי (AUTODOC). לא לשימוש מסחרי.,1,,טויוטה:RAV4:2013:2018
F212601,מסנן אוויר RAV4,,,KAMOKA,מסננים,,7.29,,GBP,1,,,,,,,,air_filter,,מקור: קטלוג מקוון לא רשמי (AUTODOC). לא לשימוש מסחרי.,1,,טויוטה:RAV4:2013:2018
LVFA1418,מסנן אוויר RAV4,,,MOTAQUIP,מסננים,,11.99,,GBP,1,,,,,,,,air_filter,,מקור: קטלוג מקוון לא רשמי (AUTODOC). לא לשימוש מסחרי.,1,,טויוטה:RAV4:2013:2018
09.A417.11,דיסק בלם קדמי RAV4,,,BREMBO,בלמים,,63.99,,GBP,1,,,,,,,,brake_disc_front,,מקור: קטלוג מקוון לא רשמי (AUTODOC). לא לשימוש מסחרי.,1,,טויוטה:RAV4:2013:2018
24.0128-0159.1,דיסק בלם קדמי RAV4,,,ATE,בלמים,,52.49,,GBP,1,,,,,,,,brake_disc_front,,מקור: קטלוג מקוון לא רשמי (AUTODOC). לא לשימוש מסחרי.,1,,טויוטה:RAV4:2013:2018
DDF1646C,דיסק בלם קדמי RAV4,,,FERODO,בלמים,,37.99,,GBP,1,,,,,,,,brake_disc_front,,מקור: קטלוג מקוון לא רשמי (AUTODOC). לא לשימוש מסחרי.,1,,טויוטה:RAV4:2013:2018
108384,דיסק בלם קדמי RAV4 / AURIS,,,FEBI BILSTEIN,בלמים,,37.99,,GBP,1,,,,,,,,brake_disc_front,,מקור: קטלוג מקוון לא רשמי (AUTODOC). לא לשימוש מסחרי.,1,,טויוטה:RAV4:2013:2018; טויוטה:AURIS:2012:2019
DF4828S,דיסק בלם קדמי RAV4,,,TRW,בלמים,,36.49,,GBP,1,,,,,,,,brake_disc_front,,מקור: קטלוג מקוון לא רשמי (AUTODOC). לא לשימוש מסחרי.,1,,טויוטה:RAV4:2013:2018
92168803,דיסק בלם קדמי RAV4 / AURIS,,,TEXTAR,בלמים,,48.99,,GBP,1,,,,,,,,brake_disc_front,,מקור: קטלוג מקוון לא רשמי (AUTODOC). לא לשימוש מסחרי.,1,,טויוטה:RAV4:2013:2018; טויוטה:AURIS:2012:2019
BG4114C,דיסק בלם קדמי RAV4,,,DELPHI,בלמים,,40.99,,GBP,1,,,,,,,,brake_disc_front,,מקור: קטלוג מקוון לא רשמי (AUTODOC). לא לשימוש מסחרי.,1,,טויוטה:RAV4:2013:2018
HP-1004,מסנן שמן SORENTO / SOUL,,,K&N Filters,מסננים,,14.49,,GBP,1,,,,,,,,oil_filter,,מקור: קטלוג מקוון לא רשמי (AUTODOC). לא לשימוש מסחרי.,1,,קיה:SORENTO:2015:2020; קיה:SOUL:2019:2026
10-04-498,מסנן שמן SORENTO / SOUL / CARENS,,,ASHIKA,מסננים,,7.59,,GBP,1,,,,,,,,oil_filter,,מקור: קטלוג מקוון לא רשמי (AUTODOC). לא לשימוש מסחרי.,1,,קיה:SORENTO:2015:2020; קיה:SOUL:2019:2026; קיה:CARENS:2013:2019
FO96,מסנן שמן SORENTO,,,MULLER FILTER,מסננים,,4.59,,GBP,1,,,,,,,,oil_filter,,מקור: קטלוג מקוון לא רשמי (AUTODOC). לא לשימוש מסחרי.,1,,קיה:SORENTO:2015:2020
PS-1004,מסנן שמן SORENTO,,,K&N Filters,מסננים,,9.29,,GBP,1,,,,,,,,oil_filter,,מקור: קטלוג מקוון לא רשמי (AUTODOC). לא לשימוש מסחרי.,1,,קיה:SORENTO:2015:2020
W 7061,מסנן שמן MAZDA 6,,,MANN-FILTER,מסננים,,13.99,,GBP,1,,,,,,,,oil_filter,,מקור: קטלוג מקוון לא רשמי (AUTODOC). לא לשימוש מסחרי.,1,,מאזדה:MAZDA 6:2012:2026
FO-322S,מסנן שמן MAZDA 6,,,JAPANPARTS,מסננים,,9.99,,GBP,1,,,,,,,,oil_filter,,מקור: קטלוג מקוון לא רשמי (AUTODOC). לא לשימוש מסחרי.,1,,מאזדה:MAZDA 6:2012:2026
HP-1008,מסנן שמן MAZDA 2,,,K&N Filters,מסננים,,13.49,,GBP,1,,,,,,,,oil_filter,,מקור: קטלוג מקוון לא רשמי (AUTODOC). לא לשימוש מסחרי.,1,,מאזדה:MAZDA 2:2014:2026
SO-1010,מסנן שמן MAZDA 2,,,K&N Filters,מסננים,,11.49,,GBP,1,,,,,,,,oil_filter,,מקור: קטלוג מקוון לא רשמי (AUTODOC). לא לשימוש מסחרי.,1,,מאזדה:MAZDA 2:2014:2026
ADT343206,מסנן שמן AURIS,,,BLUE PRINT,מסננים,,11.49,,GBP,1,,,,,,,,oil_filter,,מקור: קטלוג מקוון לא רשמי (AUTODOC). לא לשימוש מסחרי.,1,,טויוטה:AURIS:2012:2019
8DB 355 006-871,מסנן שמן AURIS,,,HELLA,מסננים,,25.49,,GBP,1,,,,,,,,oil_filter,,מקור: קטלוג מקוון לא רשמי (AUTODOC). לא לשימוש מסחרי.,1,,טויוטה:AURIS:2012:2019
GCD020222,מסנן שמן AURIS,,,goCORE,מסננים,,78.99,,GBP,1,,,,,,,,oil_filter,,מקור: קטלוג מקוון לא רשמי (AUTODOC). לא לשימוש מסחרי.,1,,טויוטה:AURIS:2012:2019
402B0241P,מסנן שמן AURIS,,,RIDEX PLUS,מסננים,,38.99,,GBP,1,,,,,,,,oil_filter,,מקור: קטלוג מקוון לא רשמי (AUTODOC). לא לשימוש מסחרי.,1,,טויוטה:AURIS:2012:2019
2433701,מסנן שמן AURIS,,,TEXTAR,מסננים,,40.99,,GBP,1,,,,,,,,oil_filter,,מקור: קטלוג מקוון לא רשמי (AUTODOC). לא לשימוש מסחרי.,1,,טויוטה:AURIS:2012:2019
33 10 7214,מסנן שמן AURIS,,,SWAG,מסננים,,40.99,,GBP,1,,,,,,,,oil_filter,,מקור: קטלוג מקוון לא רשמי (AUTODOC). לא לשימוש מסחרי.,1,,טויוטה:AURIS:2012:2019
T1581N,מסנן שמן AURIS,,,PAGID,מסננים,,42.49,,GBP,1,,,,,,,,oil_filter,,מקור: קטלוג מקוון לא רשמי (AUTODOC). לא לשימוש מסחרי.,1,,טויוטה:AURIS:2012:2019
ADG022152,מסנן אוויר SORENTO,,,BLUE PRINT,מסננים,,13.99,,GBP,1,,,,,,,,air_filter,,מקור: קטלוג מקוון לא רשמי (AUTODOC). לא לשימוש מסחרי.,1,,קיה:SORENTO:2015:2020
20-0K-K35,מסנן אוויר SORENTO,,,ASHIKA,מסננים,,8.99,,GBP,1,,,,,,,,air_filter,,מקור: קטלוג מקוון לא רשמי (AUTODOC). לא לשימוש מסחרי.,1,,קיה:SORENTO:2015:2020
C 23 018,מסנן אוויר MAZDA 2,,,MANN-FILTER,מסננים,,13.99,,GBP,1,,,,,,,,air_filter,,מקור: קטלוג מקוון לא רשמי (AUTODOC). לא לשימוש מסחרי.,1,,מאזדה:MAZDA 2:2014:2026
E1152L,מסנן אוויר MAZDA 2,,,HENGST FILTER,מסננים,,10.99,,GBP,1,,,,,,,,air_filter,,מקור: קטלוג מקוון לא רשמי (AUTODOC). לא לשימוש מסחרי.,1,,מאזדה:MAZDA 2:2014:2026
60625,מסנן אוויר MAZDA 2,,,MAPCO,מסננים,,6.59,,GBP,1,,,,,,,,air_filter,,מקור: קטלוג מקוון לא רשמי (AUTODOC). לא לשימוש מסחרי.,1,,מאזדה:MAZDA 2:2014:2026
CAF101171P,מסנן אוויר MAZDA 2,,,CHAMPION,מסננים,,10.49,,GBP,1,,,,,,,,air_filter,,מקור: קטלוג מקוון לא רשמי (AUTODOC). לא לשימוש מסחרי.,1,,מאזדה:MAZDA 2:2014:2026
F239101,מסנן אוויר MAZDA 2,,,KAMOKA,מסננים,,4.99,,GBP,1,,,,,,,,air_filter,,מקור: קטלוג מקוון לא רשמי (AUTODOC). לא לשימוש מסחרי.,1,,מאזדה:MAZDA 2:2014:2026
J1323068,מסנן אוויר MAZDA 2,,,HERTH+BUSS JAKOPARTS,מסננים,,12.49,,GBP,1,,,,,,,,air_filter,,מקור: קטלוג מקוון לא רשמי (AUTODOC). לא לשימוש מסחרי.,1,,מאזדה:MAZDA 2:2014:2026
20-03-311,מסנן אוויר MAZDA 2,,,ASHIKA,מסננים,,6.99,,GBP,1,,,,,,,,air_filter,,מקור: קטלוג מקוון לא רשמי (AUTODOC). לא לשימוש מסחרי.,1,,מאזדה:MAZDA 2:2014:2026
26-2404,מסנן אוויר MAZDA 2,,,MAXGEAR,מסננים,,8.99,,GBP,1,,,,,,,,air_filter,,מקור: קטלוג מקוון לא רשמי (AUTODOC). לא לשימוש מסחרי.,1,,מאזדה:MAZDA 2:2014:2026
FA1179,מסנן אוויר MAZDA 2,,,BREMSI,מסננים,,7.59,,GBP,1,,,,,,,,air_filter,,מקור: קטלוג מקוון לא רשמי (AUTODOC). לא לשימוש מסחרי.,1,,מאזדה:MAZDA 2:2014:2026
QFA0986,מסנן אוויר MAZDA 2,,,QUINTON HAZELL,מסננים,,8.29,,GBP,1,,,,,,,,air_filter,,מקור: קטלוג מקוון לא רשמי (AUTODOC). לא לשימוש מסחרי.,1,,מאזדה:MAZDA 2:2014:2026
LVFA1557,מסנן אוויר MAZDA 2,,,MOTAQUIP,מסננים,,12.99,,GBP,1,,,,,,,,air_filter,,מקור: קטלוג מקוון לא רשמי (AUTODOC). לא לשימוש מסחרי.,1,,מאזדה:MAZDA 2:2014:2026
8DD 355 118-561,מסנן אוויר AURIS,,,HELLA,מסננים,,19.99,,GBP,1,,,,,,,,air_filter,,מקור: קטלוג מקוון לא רשמי (AUTODOC). לא לשימוש מסחרי.,1,,טויוטה:AURIS:2012:2019
54688NC,מסנן אוויר AURIS,,,PAGID,מסננים,,25.49,,GBP,1,,,,,,,,air_filter,,מקור: קטלוג מקוון לא רשמי (AUTODOC). לא לשימוש מסחרי.,1,,טויוטה:AURIS:2012:2019
F 026 400 347,מסנן אוויר MAZDA 6,,,BOSCH,מסננים,,15.49,,GBP,1,,,,,,,,air_filter,,מקור: קטלוג מקוון לא רשמי (AUTODOC). לא לשימוש מסחרי.,1,,מאזדה:MAZDA 6:2012:2026
26-1306,מסנן אוויר MAZDA 6,,,MAXGEAR,מסננים,,10.99,,GBP,1,,,,,,,,air_filter,,מקור: קטלוג מקוון לא רשמי (AUTODOC). לא לשימוש מסחרי.,1,,מאזדה:MAZDA 6:2012:2026
B23065PR,מסנן אוויר MAZDA 6,,,JC PREMIUM,מסננים,,14.99,,GBP,1,,,,,,,,air_filter,,מקור: קטלוג מקוון לא רשמי (AUTODOC). לא לשימוש מסחרי.,1,,מאזדה:MAZDA 6:2012:2026
8A0988,מסנן אוויר CX-3,,,RIDEX,מסננים,,7.99,,GBP,1,,,,,,,,air_filter,,מקור: קטלוג מקוון לא רשמי (AUTODOC). לא לשימוש מסחרי.,1,,מאזדה:CX-3:2015:2026
C 23 041,מסנן אוויר CX-3,,,MANN-FILTER,מסננים,,13.49,,GBP,1,,,,,,,,air_filter,,מקור: קטלוג מקוון לא רשמי (AUTODOC). לא לשימוש מסחרי.,1,,מאזדה:CX-3:2015:2026
184446,מסנן אוויר CX-3,,,FEBI BILSTEIN,מסננים,,12.49,,GBP,1,,,,,,,,air_filter,,מקור: קטלוג מקוון לא רשמי (AUTODOC). לא לשימוש מסחרי.,1,,מאזדה:CX-3:2015:2026
E1583L,מסנן אוויר CX-3,,,HENGST FILTER,מסננים,,12.49,,GBP,1,,,,,,,,air_filter,,מקור: קטלוג מקוון לא רשמי (AUTODOC). לא לשימוש מסחרי.,1,,מאזדה:CX-3:2015:2026
LX 4301,מסנן אוויר CX-3,,,MAHLE,מסננים,,14.99,,GBP,1,,,,,,,,air_filter,,מקור: קטלוג מקוון לא רשמי (AUTODOC). לא לשימוש מסחרי.,1,,מאזדה:CX-3:2015:2026
A3070,מסנן אוויר CX-3,,,PURFLUX,מסננים,,10.99,,GBP,1,,,,,,,,air_filter,,מקור: קטלוג מקוון לא רשמי (AUTODOC). לא לשימוש מסחרי.,1,,מאזדה:CX-3:2015:2026
ADM52268,מסנן אוויר CX-3,,,BLUE PRINT,מסננים,,10.99,,GBP,1,,,,,,,,air_filter,,מקור: קטלוג מקוון לא רשמי (AUTODOC). לא לשימוש מסחרי.,1,,מאזדה:CX-3:2015:2026
CAF101217P,מסנן אוויר CX-3,,,CHAMPION,מסננים,,8.99,,GBP,1,,,,,,,,air_filter,,מקור: קטלוג מקוון לא רשמי (AUTODOC). לא לשימוש מסחרי.,1,,מאזדה:CX-3:2015:2026
20-03-347,מסנן אוויר CX-3,,,ASHIKA,מסננים,,9.59,,GBP,1,,,,,,,,air_filter,,מקור: קטלוג מקוון לא רשמי (AUTODOC). לא לשימוש מסחרי.,1,,מאזדה:CX-3:2015:2026
FA1118,מסנן אוויר CX-3,,,BREMSI,מסננים,,9.59,,GBP,1,,,,,,,,air_filter,,מקור: קטלוג מקוון לא רשמי (AUTODOC). לא לשימוש מסחרי.,1,,מאזדה:CX-3:2015:2026
LVFA1650,מסנן אוויר CX-3,,,MOTAQUIP,מסננים,,19.49,,GBP,1,,,,,,,,air_filter,,מקור: קטלוג מקוון לא רשמי (AUTODOC). לא לשימוש מסחרי.,1,,מאזדה:CX-3:2015:2026
8ZA 366 133-871,מסנן אוויר CX-3,,,HELLA,מסננים,,10.49,,GBP,1,,,,,,,,air_filter,,מקור: קטלוג מקוון לא רשמי (AUTODOC). לא לשימוש מסחרי.,1,,מאזדה:CX-3:2015:2026
26-1588,מסנן אוויר CX-3,,,MAXGEAR,מסננים,,20.99,,GBP,1,,,,,,,,air_filter,,מקור: קטלוג מקוון לא רשמי (AUTODOC). לא לשימוש מסחרי.,1,,מאזדה:CX-3:2015:2026
OP-FAF10530,מסנן אוויר CX-3,,,OPTIMAL,מסננים,,17.49,,GBP,1,,,,,,,,air_filter,,מקור: קטלוג מקוון לא רשמי (AUTODOC). לא לשימוש מסחרי.,1,,מאזדה:CX-3:2015:2026
CCF0051C,מסנן מזגן AURIS,,,CHAMPION,מסננים,,10.99,,GBP,1,,,,,,,,cabin_filter,,מקור: קטלוג מקוון לא רשמי (AUTODOC). לא לשימוש מסחרי.,1,,טויוטה:AURIS:2012:2019
80005176,מסנן מזגן AURIS,,,CORTECO,מסננים,,15.99,,GBP,1,,,,,,,,cabin_filter,,מקור: קטלוג מקוון לא רשמי (AUTODOC). לא לשימוש מסחרי.,1,,טויוטה:AURIS:2012:2019
GCD240040,מסנן מזגן AURIS,,,goCORE,מסננים,,26.99,,GBP,1,,,,,,,,cabin_filter,,מקור: קטלוג מקוון לא רשמי (AUTODOC). לא לשימוש מסחרי.,1,,טויוטה:AURIS:2012:2019
80000604,מסנן מזגן AURIS,,,CORTECO,מסננים,,8.59,,GBP,1,,,,,,,,cabin_filter,,מקור: קטלוג מקוון לא רשמי (AUTODOC). לא לשימוש מסחרי.,1,,טויוטה:AURIS:2012:2019
80005175,מסנן מזגן AURIS,,,CORTECO,מסננים,,9.59,,GBP,1,,,,,,,,cabin_filter,,מקור: קטלוג מקוון לא רשמי (AUTODOC). לא לשימוש מסחרי.,1,,טויוטה:AURIS:2012:2019
50014798,מסנן מזגן AURIS,,,KOLBENSCHMIDT,מסננים,,11.49,,GBP,1,,,,,,,,cabin_filter,,מקור: קטלוג מקוון לא רשמי (AUTODOC). לא לשימוש מסחרי.,1,,טויוטה:AURIS:2012:2019
80000605,מסנן מזגן AURIS,,,CORTECO,מסננים,,14.99,,GBP,1,,,,,,,,cabin_filter,,מקור: קטלוג מקוון לא רשמי (AUTODOC). לא לשימוש מסחרי.,1,,טויוטה:AURIS:2012:2019
49408484,מסנן מזגן AURIS,,,CORTECO,מסננים,,21.99,,GBP,1,,,,,,,,cabin_filter,,מקור: קטלוג מקוון לא רשמי (AUTODOC). לא לשימוש מסחרי.,1,,טויוטה:AURIS:2012:2019
SKIF-0170020,מסנן מזגן AURIS,,,STARK,מסננים,,5.59,,GBP,1,,,,,,,,cabin_filter,,מקור: קטלוג מקוון לא רשמי (AUTODOC). לא לשימוש מסחרי.,1,,טויוטה:AURIS:2012:2019
SKIF-0170234,מסנן מזגן AURIS,,,STARK,מסננים,,7.59,,GBP,1,,,,,,,,cabin_filter,,מקור: קטלוג מקוון לא רשמי (AUTODOC). לא לשימוש מסחרי.,1,,טויוטה:AURIS:2012:2019
GCD240014,מסנן מזגן AURIS,,,goCORE,מסננים,,13.99,,GBP,1,,,,,,,,cabin_filter,,מקור: קטלוג מקוון לא רשמי (AUTODOC). לא לשימוש מסחרי.,1,,טויוטה:AURIS:2012:2019
ADG02587,מסנן מזגן SORENTO,,,BLUE PRINT,מסננים,,5.99,,GBP,1,,,,,,,,cabin_filter,,מקור: קטלוג מקוון לא רשמי (AUTODOC). לא לשימוש מסחרי.,1,,קיה:SORENTO:2015:2020
VF2075,מסנן מזגן SORENTO,,,K&N Filters,מסננים,,68.49,,GBP,1,,,,,,,,cabin_filter,,מקור: קטלוג מקוון לא רשמי (AUTODOC). לא לשימוש מסחרי.,1,,קיה:SORENTO:2015:2020
183973,מסנן מזגן SORENTO,,,FEBI BILSTEIN,מסננים,,5.99,,GBP,1,,,,,,,,cabin_filter,,מקור: קטלוג מקוון לא רשמי (AUTODOC). לא לשימוש מסחרי.,1,,קיה:SORENTO:2015:2020
821 706,מסנן מזגן SORENTO,,,TOPRAN,מסננים,,7.59,,GBP,1,,,,,,,,cabin_filter,,מקור: קטלוג מקוון לא רשמי (AUTODOC). לא לשימוש מסחרי.,1,,קיה:SORENTO:2015:2020
FC489,מסנן מזגן SORENTO,,,MULLER FILTER,מסננים,,11.49,,GBP,1,,,,,,,,cabin_filter,,מקור: קטלוג מקוון לא רשמי (AUTODOC). לא לשימוש מסחרי.,1,,קיה:SORENTO:2015:2020
1 987 435 019,מסנן מזגן MAZDA 6,,,BOSCH,מסננים,,13.99,,GBP,1,,,,,,,,cabin_filter,,מקור: קטלוג מקוון לא רשמי (AUTODOC). לא לשימוש מסחרי.,1,,מאזדה:MAZDA 6:2012:2026
K 1316A,מסנן מזגן MAZDA 6,,,FILTRON,מסננים,,13.49,,GBP,1,,,,,,,,cabin_filter,,מקור: קטלוג מקוון לא רשמי (AUTODOC). לא לשימוש מסחרי.,1,,מאזדה:MAZDA 6:2012:2026
DCF578P,מסנן מזגן MAZDA 6,,,DENSO,מסננים,,9.99,,GBP,1,,,,,,,,cabin_filter,,מקור: קטלוג מקוון לא רשמי (AUTODOC). לא לשימוש מסחרי.,1,,מאזדה:MAZDA 6:2012:2026
CU 20 018,מסנן מזגן CX-3 / MAZDA 2,,,MANN-FILTER,מסננים,,17.49,,GBP,1,,,,,,,,cabin_filter,,מקור: קטלוג מקוון לא רשמי (AUTODOC). לא לשימוש מסחרי.,1,,מאזדה:CX-3:2015:2026; מאזדה:MAZDA 2:2014:2026
CC0138C,מסנן מזגן CX-3 / MAZDA 2,,,Castrol filters,מסננים,,15.49,,GBP,1,,,,,,,,cabin_filter,,מקור: קטלוג מקוון לא רשמי (AUTODOC). לא לשימוש מסחרי.,1,,מאזדה:CX-3:2015:2026; מאזדה:MAZDA 2:2014:2026
E4964LI,מסנן מזגן CX-3 / MAZDA 2,,,HENGST FILTER,מסננים,,16.49,,GBP,1,,,,,,,,cabin_filter,,מקור: קטלוג מקוון לא רשמי (AUTODOC). לא לשימוש מסחרי.,1,,מאזדה:CX-3:2015:2026; מאזדה:MAZDA 2:2014:2026
26-1764,מסנן מזגן CX-3 / MAZDA 2,,,MAXGEAR,מסננים,,29.49,,GBP,1,,,,,,,,cabin_filter,,מקור: קטלוג מקוון לא רשמי (AUTODOC). לא לשימוש מסחרי.,1,,מאזדה:CX-3:2015:2026; מאזדה:MAZDA 2:2014:2026
CC0138,מסנן מזגן CX-3 / MAZDA 2,,,Castrol filters,מסננים,,14.49,,GBP,1,,,,,,,,cabin_filter,,מקור: קטלוג מקוון לא רשמי (AUTODOC). לא לשימוש מסחרי.,1,,מאזדה:CX-3:2015:2026; מאזדה:MAZDA 2:2014:2026
J1343031,מסנן מזגן CX-3 / MAZDA 2,,,HERTH+BUSS JAKOPARTS,מסננים,,24.99,,GBP,1,,,,,,,,cabin_filter,,מקור: קטלוג מקוון לא רשמי (AUTODOC). לא לשימוש מסחרי.,1,,מאזדה:CX-3:2015:2026; מאזדה:MAZDA 2:2014:2026
09.D065.11,דיסק בלם קדמי MAZDA 2,,,BREMBO,בלמים,,43.99,,GBP,1,,,,,,,,brake_disc_front,,מקור: קטלוג מקוון לא רשמי (AUTODOC). לא לשימוש מסחרי.,1,,מאזדה:MAZDA 2:2014:2026
DDF2861C,דיסק בלם קדמי MAZDA 2,,,FERODO,בלמים,,30.99,,GBP,1,,,,,,,,brake_disc_front,,מקור: קטלוג מקוון לא רשמי (AUTODOC). לא לשימוש מסחרי.,1,,מאזדה:MAZDA 2:2014:2026
170740,דיסק בלם קדמי MAZDA 2,,,FEBI BILSTEIN,בלמים,,27.49,,GBP,1,,,,,,,,brake_disc_front,,מקור: קטלוג מקוון לא רשמי (AUTODOC). לא לשימוש מסחרי.,1,,מאזדה:MAZDA 2:2014:2026
DF6793,דיסק בלם קדמי MAZDA 2,,,TRW,בלמים,,29.49,,GBP,1,,,,,,,,brake_disc_front,,מקור: קטלוג מקוון לא רשמי (AUTODOC). לא לשימוש מסחרי.,1,,מאזדה:MAZDA 2:2014:2026
ADM543136,דיסק בלם קדמי MAZDA 2,,,BLUE PRINT,בלמים,,26.49,,GBP,1,,,,,,,,brake_disc_front,,מקור: קטלוג מקוון לא רשמי (AUTODOC). לא לשימוש מסחרי.,1,,מאזדה:MAZDA 2:2014:2026
370.3057.20,דיסק בלם קדמי MAZDA 2,,,ZIMMERMANN,בלמים,,48.99,,GBP,1,,,,,,,,brake_disc_front,,מקור: קטלוג מקוון לא רשמי (AUTODOC). לא לשימוש מסחרי.,1,,מאזדה:MAZDA 2:2014:2026
BG4942C,דיסק בלם קדמי MAZDA 2,,,DELPHI,בלמים,,32.49,,GBP,1,,,,,,,,brake_disc_front,,מקור: קטלוג מקוון לא רשמי (AUTODOC). לא לשימוש מסחרי.,1,,מאזדה:MAZDA 2:2014:2026
370.3057.52,דיסק בלם קדמי MAZDA 2,,,ZIMMERMANN,בלמים,,96.49,,GBP,1,,,,,,,,brake_disc_front,,מקור: קטלוג מקוון לא רשמי (AUTODOC). לא לשימוש מסחרי.,1,,מאזדה:MAZDA 2:2014:2026
92300903,דיסק בלם קדמי MAZDA 2,,,TEXTAR,בלמים,,44.99,,GBP,1,,,,,,,,brake_disc_front,,מקור: קטלוג מקוון לא רשמי (AUTODOC). לא לשימוש מסחרי.,1,,מאזדה:MAZDA 2:2014:2026
35-15 521 0045/PD,דיסק בלם קדמי MAZDA 2,,,MEYLE,בלמים,,35.99,,GBP,1,,,,,,,,brake_disc_front,,מקור: קטלוג מקוון לא רשמי (AUTODOC). לא לשימוש מסחרי.,1,,מאזדה:MAZDA 2:2014:2026
18772,דיסק בלם קדמי MAZDA 2,,,A.B.S.,בלמים,,29.49,,GBP,1,,,,,,,,brake_disc_front,,מקור: קטלוג מקוון לא רשמי (AUTODOC). לא לשימוש מסחרי.,1,,מאזדה:MAZDA 2:2014:2026
M5053VR,דיסק בלם קדמי MAZDA 2,,,SAMKO,בלמים,,37.49,,GBP,1,,,,,,,,brake_disc_front,,מקור: קטלוג מקוון לא רשמי (AUTODOC). לא לשימוש מסחרי.,1,,מאזדה:MAZDA 2:2014:2026
BR-4799-C,דיסק בלם קדמי MAZDA 2,,,KAVO PARTS,בלמים,,39.99,,GBP,1,,,,,,,,brake_disc_front,,מקור: קטלוג מקוון לא רשמי (AUTODOC). לא לשימוש מסחרי.,1,,מאזדה:MAZDA 2:2014:2026
8DD 355 131-821,דיסק בלם קדמי MAZDA 2,,,HELLA,בלמים,,32.99,,GBP,1,,,,,,,,brake_disc_front,,מקור: קטלוג מקוון לא רשמי (AUTODOC). לא לשימוש מסחרי.,1,,מאזדה:MAZDA 2:2014:2026
09.D510.11,דיסק בלם קדמי PRIUS,,,BREMBO,בלמים,,41.99,,GBP,1,,,,,,,,brake_disc_front,,מקור: קטלוג מקוון לא רשמי (AUTODOC). לא לשימוש מסחרי.,1,,טויוטה:PRIUS:2015:2022
BG5017C,דיסק בלם קדמי PRIUS,,,DELPHI,בלמים,,36.49,,GBP,1,,,,,,,,brake_disc_front,,מקור: קטלוג מקוון לא רשמי (AUTODOC). לא לשימוש מסחרי.,1,,טויוטה:PRIUS:2015:2022
ADBP430029,דיסק בלם קדמי PRIUS,,,BLUE PRINT,בלמים,,34.49,,GBP,1,,,,,,,,brake_disc_front,,מקור: קטלוג מקוון לא רשמי (AUTODOC). לא לשימוש מסחרי.,1,,טויוטה:PRIUS:2015:2022
DF6734,דיסק בלם קדמי PRIUS,,,TRW,בלמים,,45.49,,GBP,1,,,,,,,,brake_disc_front,,מקור: קטלוג מקוון לא רשמי (AUTODOC). לא לשימוש מסחרי.,1,,טויוטה:PRIUS:2015:2022
DDF2463C,דיסק בלם קדמי MAZDA 6,,,FERODO,בלמים,,54.99,,GBP,1,,,,,,,,brake_disc_front,,מקור: קטלוג מקוון לא רשמי (AUTODOC). לא לשימוש מסחרי.,1,,מאזדה:MAZDA 6:2012:2026
0 986 479 B15,דיסק בלם קדמי MAZDA 6,,,BOSCH,בלמים,,58.99,,GBP,1,,,,,,,,brake_disc_front,,מקור: קטלוג מקוון לא רשמי (AUTODOC). לא לשימוש מסחרי.,1,,מאזדה:MAZDA 6:2012:2026
09.C654.11,דיסק בלם קדמי MAZDA 6,,,BREMBO,בלמים,,58.49,,GBP,1,,,,,,,,brake_disc_front,,מקור: קטלוג מקוון לא רשמי (AUTODOC). לא לשימוש מסחרי.,1,,מאזדה:MAZDA 6:2012:2026
DF8052,דיסק בלם קדמי MAZDA 6,,,TRW,בלמים,,42.99,,GBP,1,,,,,,,,brake_disc_front,,מקור: קטלוג מקוון לא רשמי (AUTODOC). לא לשימוש מסחרי.,1,,מאזדה:MAZDA 6:2012:2026
09.C654.75,דיסק בלם קדמי MAZDA 6,,,BREMBO,בלמים,,68.49,,GBP,1,,,,,,,,brake_disc_front,,מקור: קטלוג מקוון לא רשמי (AUTODOC). לא לשימוש מסחרי.,1,,מאזדה:MAZDA 6:2012:2026
24.0128-0279.1,דיסק בלם קדמי MAZDA 6,,,ATE,בלמים,,64.49,,GBP,1,,,,,,,,brake_disc_front,,מקור: קטלוג מקוון לא רשמי (AUTODOC). לא לשימוש מסחרי.,1,,מאזדה:MAZDA 6:2012:2026
09.C652.11,דיסק בלם קדמי CX-3,,,BREMBO,בלמים,,75.49,,GBP,1,,,,,,,,brake_disc_front,,מקור: קטלוג מקוון לא רשמי (AUTODOC). לא לשימוש מסחרי.,1,,מאזדה:CX-3:2015:2026
24.0125-0208.1,דיסק בלם קדמי CX-3,,,ATE,בלמים,,56.99,,GBP,1,,,,,,,,brake_disc_front,,מקור: קטלוג מקוון לא רשמי (AUTODOC). לא לשימוש מסחרי.,1,,מאזדה:CX-3:2015:2026
108514,דיסק בלם קדמי CX-3,,,FEBI BILSTEIN,בלמים,,43.99,,GBP,1,,,,,,,,brake_disc_front,,מקור: קטלוג מקוון לא רשמי (AUTODOC). לא לשימוש מסחרי.,1,,מאזדה:CX-3:2015:2026
09.C652.1X,דיסק בלם קדמי CX-3,,,BREMBO,בלמים,,86.49,,GBP,1,,,,,,,,brake_disc_front,,מקור: קטלוג מקוון לא רשמי (AUTODOC). לא לשימוש מסחרי.,1,,מאזדה:CX-3:2015:2026
BG4713C,דיסק בלם קדמי CX-3,,,DELPHI,בלמים,,42.99,,GBP,1,,,,,,,,brake_disc_front,,מקור: קטלוג מקוון לא רשמי (AUTODOC). לא לשימוש מסחרי.,1,,מאזדה:CX-3:2015:2026
ADM543130,דיסק בלם קדמי CX-3,,,BLUE PRINT,בלמים,,40.99,,GBP,1,,,,,,,,brake_disc_front,,מקור: קטלוג מקוון לא רשמי (AUTODOC). לא לשימוש מסחרי.,1,,מאזדה:CX-3:2015:2026
18384,דיסק בלם קדמי CX-3,,,A.B.S.,בלמים,,41.49,,GBP,1,,,,,,,,brake_disc_front,,מקור: קטלוג מקוון לא רשמי (AUTODOC). לא לשימוש מסחרי.,1,,מאזדה:CX-3:2015:2026
563119CH,דיסק בלם קדמי CX-3,,,CHAMPION,בלמים,,40.99,,GBP,1,,,,,,,,brake_disc_front,,מקור: קטלוג מקוון לא רשמי (AUTODOC). לא לשימוש מסחרי.,1,,מאזדה:CX-3:2015:2026
8DD 355 131-351,דיסק בלם קדמי SORENTO,,,HELLA,בלמים,,62.49,,GBP,1,,,,,,,,brake_disc_front,,מקור: קטלוג מקוון לא רשמי (AUTODOC). לא לשימוש מסחרי.,1,,קיה:SORENTO:2015:2020
92242905,דיסק בלם קדמי SORENTO,,,TEXTAR,בלמים,,80.99,,GBP,1,,,,,,,,brake_disc_front,,מקור: קטלוג מקוון לא רשמי (AUTODOC). לא לשימוש מסחרי.,1,,קיה:SORENTO:2015:2020
55429NC,דיסק בלם קדמי SORENTO,,,PAGID,בלמים,,83.99,,GBP,1,,,,,,,,brake_disc_front,,מקור: קטלוג מקוון לא רשמי (AUTODOC). לא לשימוש מסחרי.,1,,קיה:SORENTO:2015:2020
P 49 048,רפידות בלם קדמיות MAZDA 6,,,BREMBO,בלמים,,50.49,,GBP,1,,,,,,,,brake_pads_front,,מקור: קטלוג מקוון לא רשמי (AUTODOC). לא לשימוש מסחרי.,1,,מאזדה:MAZDA 6:2012:2026
P 83 106,רפידות בלם קדמיות PRIUS,,,BREMBO,בלמים,,38.49,,GBP,1,,,,,,,,brake_pads_front,,מקור: קטלוג מקוון לא רשמי (AUTODOC). לא לשימוש מסחרי.,1,,טויוטה:PRIUS:2015:2022
8DB 355 014-311,רפידות בלם קדמיות PRIUS,,,HELLA,בלמים,,27.99,,GBP,1,,,,,,,,brake_pads_front,,מקור: קטלוג מקוון לא רשמי (AUTODOC). לא לשימוש מסחרי.,1,,טויוטה:PRIUS:2015:2022
P 30 035,רפידות בלם קדמיות SORENTO,,,BREMBO,בלמים,,31.99,,GBP,1,,,,,,,,brake_pads_front,,מקור: קטלוג מקוון לא רשמי (AUTODOC). לא לשימוש מסחרי.,1,,קיה:SORENTO:2015:2020
8DB 355 013-551,רפידות בלם קדמיות SORENTO,,,HELLA,בלמים,,31.99,,GBP,1,,,,,,,,brake_pads_front,,מקור: קטלוג מקוון לא רשמי (AUTODOC). לא לשימוש מסחרי.,1,,קיה:SORENTO:2015:2020
2459904,רפידות בלם קדמיות SORENTO,,,TEXTAR,בלמים,,54.99,,GBP,1,,,,,,,,brake_pads_front,,מקור: קטלוג מקוון לא רשמי (AUTODOC). לא לשימוש מסחרי.,1,,קיה:SORENTO:2015:2020
FDB4446,רפידות בלם קדמיות CX-3,,,FERODO,בלמים,,30.99,,GBP,1,,,,,,,,brake_pads_front,,מקור: קטלוג מקוון לא רשמי (AUTODOC). לא לשימוש מסחרי.,1,,מאזדה:CX-3:2015:2026
573611J,רפידות בלם קדמיות CX-3,,,JURID,בלמים,,26.99,,GBP,1,,,,,,,,brake_pads_front,,מקור: קטלוג מקוון לא רשמי (AUTODOC). לא לשימוש מסחרי.,1,,מאזדה:CX-3:2015:2026
402B0241,רפידות בלם קדמיות AURIS,,,RIDEX,בלמים,,14.99,,GBP,1,,,,,,,,brake_pads_front,,מקור: קטלוג מקוון לא רשמי (AUTODOC). לא לשימוש מסחרי.,1,,טויוטה:AURIS:2012:2019
SKBP-0010241,רפידות בלם קדמיות AURIS,,,STARK,בלמים,,14.99,,GBP,1,,,,,,,,brake_pads_front,,מקור: קטלוג מקוון לא רשמי (AUTODOC). לא לשימוש מסחרי.,1,,טויוטה:AURIS:2012:2019
P 49 055,רפידות בלם קדמיות MAZDA 2,,,BREMBO,בלמים,,49.49,,GBP,1,,,,,,,,brake_pads_front,,מקור: קטלוג מקוון לא רשמי (AUTODOC). לא לשימוש מסחרי.,1,,מאזדה:MAZDA 2:2014:2026
FDB5015,רפידות בלם קדמיות MAZDA 2,,,FERODO,בלמים,,27.49,,GBP,1,,,,,,,,brake_pads_front,,מקור: קטלוג מקוון לא רשמי (AUTODOC). לא לשימוש מסחרי.,1,,מאזדה:MAZDA 2:2014:2026
573801J,רפידות בלם קדמיות MAZDA 2,,,JURID,בלמים,,21.99,,GBP,1,,,,,,,,brake_pads_front,,מקור: קטלוג מקוון לא רשמי (AUTODOC). לא לשימוש מסחרי.,1,,מאזדה:MAZDA 2:2014:2026
8DB 355 024-721,רפידות בלם קדמיות MAZDA 2,,,HELLA,בלמים,,31.99,,GBP,1,,,,,,,,brake_pads_front,,מקור: קטלוג מקוון לא רשמי (AUTODOC). לא לשימוש מסחרי.,1,,מאזדה:MAZDA 2:2014:2026
22235.150.1,רפידות בלם קדמיות MAZDA 2,,,ZIMMERMANN,בלמים,,35.99,,GBP,1,,,,,,,,brake_pads_front,,מקור: קטלוג מקוון לא רשמי (AUTODOC). לא לשימוש מסחרי.,1,,מאזדה:MAZDA 2:2014:2026
302492,רפידות בלם קדמיות MAZDA 2,,,VALEO,בלמים,,24.49,,GBP,1,,,,,,,,brake_pads_front,,מקור: קטלוג מקוון לא רשמי (AUTODOC). לא לשימוש מסחרי.,1,,מאזדה:MAZDA 2:2014:2026
573801CH,רפידות בלם קדמיות MAZDA 2,,,CHAMPION,בלמים,,18.49,,GBP,1,,,,,,,,brake_pads_front,,מקור: קטלוג מקוון לא רשמי (AUTODOC). לא לשימוש מסחרי.,1,,מאזדה:MAZDA 2:2014:2026
50-03-3000,רפידות בלם קדמיות MAZDA 2,,,ASHIKA,בלמים,,36.99,,GBP,1,,,,,,,,brake_pads_front,,מקור: קטלוג מקוון לא רשמי (AUTODOC). לא לשימוש מסחרי.,1,,מאזדה:MAZDA 2:2014:2026
VCH20,מצת CX-3 / MAZDA 2,,,DENSO,הצתה,,14.99,,GBP,1,,,,,,,,spark_plug,,מקור: קטלוג מקוון לא רשמי (AUTODOC). לא לשימוש מסחרי.,1,,מאזדה:CX-3:2015:2026; מאזדה:MAZDA 2:2014:2026
VFXEH22,מצת CX-3 / MAZDA 2,,,DENSO,הצתה,,22.99,,GBP,1,,,,,,,,spark_plug,,מקור: קטלוג מקוון לא רשמי (AUTODOC). לא לשימוש מסחרי.,1,,מאזדה:CX-3:2015:2026; מאזדה:MAZDA 2:2014:2026
OE278,מצת SORENTO,,,CHAMPION,הצתה,,10.99,,GBP,1,,,,,,,,spark_plug,,מקור: קטלוג מקוון לא רשמי (AUTODOC). לא לשימוש מסחרי.,1,,קיה:SORENTO:2015:2020
95202,מצת PRIUS,,,NGK,הצתה,,18.49,,GBP,1,,,,,,,,spark_plug,,מקור: קטלוג מקוון לא רשמי (AUTODOC). לא לשימוש מסחרי.,1,,טויוטה:PRIUS:2015:2022
F104701,מסנן שמן SOUL / SELTOS,,,KAMOKA,מסננים,,6.29,,GBP,1,,,,,,,,oil_filter,,מקור: קטלוג מקוון לא רשמי (AUTODOC). לא לשימוש מסחרי.,1,,קיה:SOUL:2019:2026; קיה:SELTOS:2019:2026
8ZO 366 100-131,מסנן שמן CAMRY,,,HELLA,מסננים,,5.29,,GBP,1,,,,,,,,oil_filter,,מקור: קטלוג מקוון לא רשמי (AUTODOC). לא לשימוש מסחרי.,1,,טויוטה:CAMRY:2018:2026
SA-OF-001,מסנן שמן CAMRY,,,Sailautotech,מסננים,,11.49,,GBP,1,,,,,,,,oil_filter,,מקור: קטלוג מקוון לא רשמי (AUTODOC). לא לשימוש מסחרי.,1,,טויוטה:CAMRY:2018:2026
26-0272,מסנן שמן CARENS,,,MAXGEAR,מסננים,,6.99,,GBP,1,,,,,,,,oil_filter,,מקור: קטלוג מקוון לא רשמי (AUTODOC). לא לשימוש מסחרי.,1,,קיה:CARENS:2013:2019
8ZO 366 100-281,מסנן שמן CARENS,,,HELLA,מסננים,,4.99,,GBP,1,,,,,,,,oil_filter,,מקור: קטלוג מקוון לא רשמי (AUTODOC). לא לשימוש מסחרי.,1,,קיה:CARENS:2013:2019
50013105,מסנן שמן CARENS,,,KOLBENSCHMIDT,מסננים,,5.99,,GBP,1,,,,,,,,oil_filter,,מקור: קטלוג מקוון לא רשמי (AUTODOC). לא לשימוש מסחרי.,1,,קיה:CARENS:2013:2019
A32-0018,מסנן שמן CARENS,,,ACKOJA,מסננים,,9.29,,GBP,1,,,,,,,,oil_filter,,מקור: קטלוג מקוון לא רשמי (AUTODOC). לא לשימוש מסחרי.,1,,קיה:CARENS:2013:2019
7O0005,מסנן שמן AYGO,,,RIDEX,מסננים,,4.29,,GBP,1,,,,,,,,oil_filter,,מקור: קטלוג מקוון לא רשמי (AUTODOC). לא לשימוש מסחרי.,1,,טויוטה:AYGO:2014:2022
7O0112,מסנן שמן AYGO,,,RIDEX,מסננים,,5.29,,GBP,1,,,,,,,,oil_filter,,מקור: קטלוג מקוון לא רשמי (AUTODOC). לא לשימוש מסחרי.,1,,טויוטה:AYGO:2014:2022
7O0005P,מסנן שמן AYGO,,,RIDEX PLUS,מסננים,,5.99,,GBP,1,,,,,,,,oil_filter,,מקור: קטלוג מקוון לא רשמי (AUTODOC). לא לשימוש מסחרי.,1,,טויוטה:AYGO:2014:2022
7O0112P,מסנן שמן AYGO,,,RIDEX PLUS,מסננים,,7.99,,GBP,1,,,,,,,,oil_filter,,מקור: קטלוג מקוון לא רשמי (AUTODOC). לא לשימוש מסחרי.,1,,טויוטה:AYGO:2014:2022
SKOF-0860004,מסנן שמן AYGO,,,STARK,מסננים,,4.29,,GBP,1,,,,,,,,oil_filter,,מקור: קטלוג מקוון לא רשמי (AUTODOC). לא לשימוש מסחרי.,1,,טויוטה:AYGO:2014:2022
W 7058,מסנן שמן AYGO,,,MANN-FILTER,מסננים,,9.29,,GBP,1,,,,,,,,oil_filter,,מקור: קטלוג מקוון לא רשמי (AUTODOC). לא לשימוש מסחרי.,1,,טויוטה:AYGO:2014:2022
LS923,מסנן שמן AYGO,,,PURFLUX,מסננים,,8.29,,GBP,1,,,,,,,,oil_filter,,מקור: קטלוג מקוון לא רשמי (AUTODOC). לא לשימוש מסחרי.,1,,טויוטה:AYGO:2014:2022
586002,מסנן שמן AYGO,,,VALEO,מסננים,,5.29,,GBP,1,,,,,,,,oil_filter,,מקור: קטלוג מקוון לא רשמי (AUTODOC). לא לשימוש מסחרי.,1,,טויוטה:AYGO:2014:2022
214 322 0002,מסנן שמן AYGO,,,MEYLE,מסננים,,4.99,,GBP,1,,,,,,,,oil_filter,,מקור: קטלוג מקוון לא רשמי (AUTODOC). לא לשימוש מסחרי.,1,,טויוטה:AYGO:2014:2022
23.439.00,מסנן שמן AYGO,,,UFI,מסננים,,5.29,,GBP,1,,,,,,,,oil_filter,,מקור: קטלוג מקוון לא רשמי (AUTODOC). לא לשימוש מסחרי.,1,,טויוטה:AYGO:2014:2022
COF100118S,מסנן שמן AYGO,,,CHAMPION,מסננים,,4.99,,GBP,1,,,,,,,,oil_filter,,מקור: קטלוג מקוון לא רשמי (AUTODOC). לא לשימוש מסחרי.,1,,טויוטה:AYGO:2014:2022
CO0009,מסנן שמן AYGO,,,Castrol filters,מסננים,,6.59,,GBP,1,,,,,,,,oil_filter,,מקור: קטלוג מקוון לא רשמי (AUTODOC). לא לשימוש מסחרי.,1,,טויוטה:AYGO:2014:2022
V42-0125,מסנן שמן AYGO,,,VAICO,מסננים,,7.99,,GBP,1,,,,,,,,oil_filter,,מקור: קטלוג מקוון לא רשמי (AUTODOC). לא לשימוש מסחרי.,1,,טויוטה:AYGO:2014:2022
FT5656,מסנן שמן AYGO,,,COOPERSFIAAM FILTERS,מסננים,,6.99,,GBP,1,,,,,,,,oil_filter,,מקור: קטלוג מקוון לא רשמי (AUTODOC). לא לשימוש מסחרי.,1,,טויוטה:AYGO:2014:2022
J1311023,מסנן שמן AYGO,,,HERTH+BUSS JAKOPARTS,מסננים,,5.99,,GBP,1,,,,,,,,oil_filter,,מקור: קטלוג מקוון לא רשמי (AUTODOC). לא לשימוש מסחרי.,1,,טויוטה:AYGO:2014:2022
CAF101221P,מסנן אוויר CAMRY,,,CHAMPION,מסננים,,10.49,,GBP,1,,,,,,,,air_filter,,מקור: קטלוג מקוון לא רשמי (AUTODOC). לא לשימוש מסחרי.,1,,טויוטה:CAMRY:2018:2026
A3066,מסנן אוויר CAMRY,,,PURFLUX,מסננים,,13.49,,GBP,1,,,,,,,,air_filter,,מקור: קטלוג מקוון לא רשמי (AUTODOC). לא לשימוש מסחרי.,1,,טויוטה:CAMRY:2018:2026
EAF3711.10,מסנן אוויר CAMRY,,,OPEN PARTS,מסננים,,10.99,,GBP,1,,,,,,,,air_filter,,מקור: קטלוג מקוון לא רשמי (AUTODOC). לא לשימוש מסחרי.,1,,טויוטה:CAMRY:2018:2026
PA7946,מסנן אוויר CAMRY,,,COOPERSFIAAM FILTERS,מסננים,,19.99,,GBP,1,,,,,,,,air_filter,,מקור: קטלוג מקוון לא רשמי (AUTODOC). לא לשימוש מסחרי.,1,,טויוטה:CAMRY:2018:2026
26-2428,מסנן אוויר SOUL,,,MAXGEAR,מסננים,,15.49,,GBP,1,,,,,,,,air_filter,,מקור: קטלוג מקוון לא רשמי (AUTODOC). לא לשימוש מסחרי.,1,,קיה:SOUL:2019:2026
30.D20.00,מסנן אוויר SOUL / SELTOS,,,UFI,מסננים,,9.99,,GBP,1,,,,,,,,air_filter,,מקור: קטלוג מקוון לא רשמי (AUTODOC). לא לשימוש מסחרי.,1,,קיה:SOUL:2019:2026; קיה:SELTOS:2019:2026
8ZA 366 130-881,מסנן אוויר SOUL,,,HELLA,מסננים,,10.49,,GBP,1,,,,,,,,air_filter,,מקור: קטלוג מקוון לא רשמי (AUTODOC). לא לשימוש מסחרי.,1,,קיה:SOUL:2019:2026
QFA1158,מסנן אוויר SOUL / SELTOS,,,QUINTON HAZELL,מסננים,,15.49,,GBP,1,,,,,,,,air_filter,,מקור: קטלוג מקוון לא רשמי (AUTODOC). לא לשימוש מסחרי.,1,,קיה:SOUL:2019:2026; קיה:SELTOS:2019:2026
424I0395,מסנן מזגן AYGO,,,RIDEX,מסננים,,5.99,,GBP,1,,,,,,,,cabin_filter,,מקור: קטלוג מקוון לא רשמי (AUTODOC). לא לשימוש מסחרי.,1,,טויוטה:AYGO:2014:2022
424I0475,מסנן מזגן AYGO,,,RIDEX,מסננים,,7.99,,GBP,1,,,,,,,,cabin_filter,,מקור: קטלוג מקוון לא רשמי (AUTODOC). לא לשימוש מסחרי.,1,,טויוטה:AYGO:2014:2022
424I0395P,מסנן מזגן AYGO,,,RIDEX PLUS,מסננים,,7.59,,GBP,1,,,,,,,,cabin_filter,,מקור: קטלוג מקוון לא רשמי (AUTODOC). לא לשימוש מסחרי.,1,,טויוטה:AYGO:2014:2022
424I0632,מסנן מזגן AYGO,,,RIDEX,מסננים,,10.49,,GBP,1,,,,,,,,cabin_filter,,מקור: קטלוג מקוון לא רשמי (AUTODOC). לא לשימוש מסחרי.,1,,טויוטה:AYGO:2014:2022
CU 20 013,מסנן מזגן AYGO,,,MANN-FILTER,מסננים,,10.49,,GBP,1,,,,,,,,cabin_filter,,מקור: קטלוג מקוון לא רשמי (AUTODOC). לא לשימוש מסחרי.,1,,טויוטה:AYGO:2014:2022
47807,מסנן מזגן AYGO,,,FEBI BILSTEIN,מסננים,,8.59,,GBP,1,,,,,,,,cabin_filter,,מקור: קטלוג מקוון לא רשמי (AUTODOC). לא לשימוש מסחרי.,1,,טויוטה:AYGO:2014:2022
CC0356C,מסנן מזגן AYGO,,,Castrol filters,מסננים,,10.49,,GBP,1,,,,,,,,cabin_filter,,מקור: קטלוג מקוון לא רשמי (AUTODOC). לא לשימוש מסחרי.,1,,טויוטה:AYGO:2014:2022
DCF585P,מסנן מזגן AYGO,,,DENSO,מסננים,,6.99,,GBP,1,,,,,,,,cabin_filter,,מקור: קטלוג מקוון לא רשמי (AUTODOC). לא לשימוש מסחרי.,1,,טויוטה:AYGO:2014:2022
6080122,מסנן מזגן AYGO,,,KAMOKA,מסננים,,10.49,,GBP,1,,,,,,,,cabin_filter,,מקור: קטלוג מקוון לא רשמי (AUTODOC). לא לשימוש מסחרי.,1,,טויוטה:AYGO:2014:2022
ADT32550,מסנן מזגן AYGO,,,BLUE PRINT,מסננים,,6.99,,GBP,1,,,,,,,,cabin_filter,,מקור: קטלוג מקוון לא רשמי (AUTODOC). לא לשימוש מסחרי.,1,,טויוטה:AYGO:2014:2022
LA 1174,מסנן מזגן AYGO,,,MAHLE,מסננים,,10.99,,GBP,1,,,,,,,,cabin_filter,,מקור: קטלוג מקוון לא רשמי (AUTODOC). לא לשימוש מסחרי.,1,,טויוטה:AYGO:2014:2022
30-12 326 0016/PD,מסנן מזגן AYGO,,,MEYLE,מסננים,,22.49,,GBP,1,,,,,,,,cabin_filter,,מקור: קטלוג מקוון לא רשמי (AUTODOC). לא לשימוש מסחרי.,1,,טויוטה:AYGO:2014:2022
AH495,מסנן מזגן AYGO,,,PURFLUX,מסננים,,7.99,,GBP,1,,,,,,,,cabin_filter,,מקור: קטלוג מקוון לא רשמי (AUTODOC). לא לשימוש מסחרי.,1,,טויוטה:AYGO:2014:2022
K 1347,מסנן מזגן AYGO,,,FILTRON,מסננים,,7.29,,GBP,1,,,,,,,,cabin_filter,,מקור: קטלוג מקוון לא רשמי (AUTODOC). לא לשימוש מסחרי.,1,,טויוטה:AYGO:2014:2022
BFC1167,מסנן מזגן AYGO,,,BORG & BECK,מסננים,,4.99,,GBP,1,,,,,,,,cabin_filter,,מקור: קטלוג מקוון לא רשמי (AUTODOC). לא לשימוש מסחרי.,1,,טויוטה:AYGO:2014:2022
E3996LI,מסנן מזגן AYGO,,,HENGST FILTER,מסננים,,10.49,,GBP,1,,,,,,,,cabin_filter,,מקור: קטלוג מקוון לא רשמי (AUTODOC). לא לשימוש מסחרי.,1,,טויוטה:AYGO:2014:2022
30-12 319 0016,מסנן מזגן AYGO,,,MEYLE,מסננים,,8.59,,GBP,1,,,,,,,,cabin_filter,,מקור: קטלוג מקוון לא רשמי (AUTODOC). לא לשימוש מסחרי.,1,,טויוטה:AYGO:2014:2022
F515301,מסנן מזגן AYGO,,,KAMOKA,מסננים,,8.59,,GBP,1,,,,,,,,cabin_filter,,מקור: קטלוג מקוון לא רשמי (AUTODOC). לא לשימוש מסחרי.,1,,טויוטה:AYGO:2014:2022
8A0915,מסנן אוויר AYGO,,,RIDEX,מסננים,,5.59,,GBP,1,,,,,,,,air_filter,,מקור: קטלוג מקוון לא רשמי (AUTODOC). לא לשימוש מסחרי.,1,,טויוטה:AYGO:2014:2022
C 24 120,מסנן אוויר AYGO,,,MANN-FILTER,מסננים,,12.49,,GBP,1,,,,,,,,air_filter,,מקור: קטלוג מקוון לא רשמי (AUTODOC). לא לשימוש מסחרי.,1,,טויוטה:AYGO:2014:2022
48479,מסנן אוויר AYGO,,,FEBI BILSTEIN,מסננים,,8.59,,GBP,1,,,,,,,,air_filter,,מקור: קטלוג מקוון לא רשמי (AUTODOC). לא לשימוש מסחרי.,1,,טויוטה:AYGO:2014:2022
LX 4149,מסנן אוויר AYGO,,,MAHLE,מסננים,,11.49,,GBP,1,,,,,,,,air_filter,,מקור: קטלוג מקוון לא רשמי (AUTODOC). לא לשימוש מסחרי.,1,,טויוטה:AYGO:2014:2022
ADP152211,מסנן אוויר AYGO,,,BLUE PRINT,מסננים,,8.29,,GBP,1,,,,,,,,air_filter,,מקור: קטלוג מקוון לא רשמי (AUTODOC). לא לשימוש מסחרי.,1,,טויוטה:AYGO:2014:2022
AP 196/5,מסנן אוויר AYGO,,,FILTRON,מסננים,,8.99,,GBP,1,,,,,,,,air_filter,,מקור: קטלוג מקוון לא רשמי (AUTODOC). לא לשימוש מסחרי.,1,,טויוטה:AYGO:2014:2022
153071762402,מסנן אוויר AYGO,,,MAGNETI MARELLI,מסננים,,9.99,,GBP,1,,,,,,,,air_filter,,מקור: קטלוג מקוון לא רשמי (AUTODOC). לא לשימוש מסחרי.,1,,טויוטה:AYGO:2014:2022
26-2409,מסנן אוויר AYGO,,,MAXGEAR,מסננים,,12.49,,GBP,1,,,,,,,,air_filter,,מקור: קטלוג מקוון לא רשמי (AUTODOC). לא לשימוש מסחרי.,1,,טויוטה:AYGO:2014:2022
60209,מסנן אוויר AYGO,,,MAPCO,מסננים,,11.49,,GBP,1,,,,,,,,air_filter,,מקור: קטלוג מקוון לא רשמי (AUTODOC). לא לשימוש מסחרי.,1,,טויוטה:AYGO:2014:2022
BFA2361,מסנן אוויר AYGO,,,BORG & BECK,מסננים,,8.29,,GBP,1,,,,,,,,air_filter,,מקור: קטלוג מקוון לא רשמי (AUTODOC). לא לשימוש מסחרי.,1,,טויוטה:AYGO:2014:2022
50014691,מסנן אוויר AYGO,,,KOLBENSCHMIDT,מסננים,,8.29,,GBP,1,,,,,,,,air_filter,,מקור: קטלוג מקוון לא רשמי (AUTODOC). לא לשימוש מסחרי.,1,,טויוטה:AYGO:2014:2022
LVFA1543,מסנן אוויר AYGO,,,MOTAQUIP,מסננים,,18.49,,GBP,1,,,,,,,,air_filter,,מקור: קטלוג מקוון לא רשמי (AUTODOC). לא לשימוש מסחרי.,1,,טויוטה:AYGO:2014:2022
QFA1090,מסנן אוויר AYGO,,,QUINTON HAZELL,מסננים,,14.49,,GBP,1,,,,,,,,air_filter,,מקור: קטלוג מקוון לא רשמי (AUTODOC). לא לשימוש מסחרי.,1,,טויוטה:AYGO:2014:2022
184074,מסנן אוויר STONIC,,,FEBI BILSTEIN,מסננים,,7.59,,GBP,1,,,,,,,,air_filter,,מקור: קטלוג מקוון לא רשמי (AUTODOC). לא לשימוש מסחרי.,1,,קיה:STONIC:2017:2026
ADG02293,מסנן אוויר STONIC,,,BLUE PRINT,מסננים,,7.99,,GBP,1,,,,,,,,air_filter,,מקור: קטלוג מקוון לא רשמי (AUTODOC). לא לשימוש מסחרי.,1,,קיה:STONIC:2017:2026
LA 1506,מסנן מזגן CAMRY,,,MAHLE,מסננים,,19.99,,GBP,1,,,,,,,,cabin_filter,,מקור: קטלוג מקוון לא רשמי (AUTODOC). לא לשימוש מסחרי.,1,,טויוטה:CAMRY:2018:2026
J1342047,מסנן מזגן CAMRY,,,HERTH+BUSS JAKOPARTS,מסננים,,9.99,,GBP,1,,,,,,,,cabin_filter,,מקור: קטלוג מקוון לא רשמי (AUTODOC). לא לשימוש מסחרי.,1,,טויוטה:CAMRY:2018:2026
715859,מסנן מזגן CAMRY,,,VALEO,מסננים,,12.49,,GBP,1,,,,,,,,cabin_filter,,מקור: קטלוג מקוון לא רשמי (AUTODOC). לא לשימוש מסחרי.,1,,טויוטה:CAMRY:2018:2026
AH484,מסנן מזגן CAMRY,,,PURFLUX,מסננים,,9.99,,GBP,1,,,,,,,,cabin_filter,,מקור: קטלוג מקוון לא רשמי (AUTODOC). לא לשימוש מסחרי.,1,,טויוטה:CAMRY:2018:2026
GCD240137,מסנן מזגן CAMRY,,,goCORE,מסננים,,20.49,,GBP,1,,,,,,,,cabin_filter,,מקור: קטלוג מקוון לא רשמי (AUTODOC). לא לשימוש מסחרי.,1,,טויוטה:CAMRY:2018:2026
350203066530,מסנן מזגן CAMRY,,,MAGNETI MARELLI,מסננים,,6.59,,GBP,1,,,,,,,,cabin_filter,,מקור: קטלוג מקוון לא רשמי (AUTODOC). לא לשימוש מסחרי.,1,,טויוטה:CAMRY:2018:2026
8A0184P,מסנן אוויר CARENS,,,RIDEX PLUS,מסננים,,11.49,,GBP,1,,,,,,,,air_filter,,מקור: קטלוג מקוון לא רשמי (AUTODOC). לא לשימוש מסחרי.,1,,קיה:CARENS:2013:2019
C 26 008,מסנן אוויר CARENS,,,MANN-FILTER,מסננים,,14.99,,GBP,1,,,,,,,,air_filter,,מקור: קטלוג מקוון לא רשמי (AUTODOC). לא לשימוש מסחרי.,1,,קיה:CARENS:2013:2019
LX 2869,מסנן אוויר CARENS,,,MAHLE,מסננים,,14.49,,GBP,1,,,,,,,,air_filter,,מקור: קטלוג מקוון לא רשמי (AUTODOC). לא לשימוש מסחרי.,1,,קיה:CARENS:2013:2019
CAF100935P,מסנן אוויר CARENS,,,CHAMPION,מסננים,,8.99,,GBP,1,,,,,,,,air_filter,,מקור: קטלוג מקוון לא רשמי (AUTODOC). לא לשימוש מסחרי.,1,,קיה:CARENS:2013:2019
A1452,מסנן אוויר CARENS,,,PURFLUX,מסננים,,11.99,,GBP,1,,,,,,,,air_filter,,מקור: קטלוג מקוון לא רשמי (AUTODOC). לא לשימוש מסחרי.,1,,קיה:CARENS:2013:2019
AP 107/8,מסנן אוויר CARENS,,,FILTRON,מסננים,,11.99,,GBP,1,,,,,,,,air_filter,,מקור: קטלוג מקוון לא רשמי (AUTODOC). לא לשימוש מסחרי.,1,,קיה:CARENS:2013:2019
GCH0046,מסנן אוויר CARENS,,,goCORE,מסננים,,16.99,,GBP,1,,,,,,,,air_filter,,מקור: קטלוג מקוון לא רשמי (AUTODOC). לא לשימוש מסחרי.,1,,קיה:CARENS:2013:2019
30.574.00,מסנן אוויר CARENS,,,UFI,מסננים,,10.99,,GBP,1,,,,,,,,air_filter,,מקור: קטלוג מקוון לא רשמי (AUTODOC). לא לשימוש מסחרי.,1,,קיה:CARENS:2013:2019
20-0K-K37,מסנן אוויר CARENS,,,ASHIKA,מסננים,,10.49,,GBP,1,,,,,,,,air_filter,,מקור: קטלוג מקוון לא רשמי (AUTODOC). לא לשימוש מסחרי.,1,,קיה:CARENS:2013:2019
18476,מסנן אוויר CARENS,,,MEAT & DORIA,מסננים,,14.49,,GBP,1,,,,,,,,air_filter,,מקור: קטלוג מקוון לא רשמי (AUTODOC). לא לשימוש מסחרי.,1,,קיה:CARENS:2013:2019
153071762382,מסנן אוויר CARENS,,,MAGNETI MARELLI,מסננים,,10.99,,GBP,1,,,,,,,,air_filter,,מקור: קטלוג מקוון לא רשמי (AUTODOC). לא לשימוש מסחרי.,1,,קיה:CARENS:2013:2019
PA7698,מסנן אוויר CARENS,,,COOPERSFIAAM FILTERS,מסננים,,15.49,,GBP,1,,,,,,,,air_filter,,מקור: קטלוג מקוון לא רשמי (AUTODOC). לא לשימוש מסחרי.,1,,קיה:CARENS:2013:2019
OP-FAF10378,מסנן אוויר CARENS,,,OPTIMAL,מסננים,,24.99,,GBP,1,,,,,,,,air_filter,,מקור: קטלוג מקוון לא רשמי (AUTODOC). לא לשימוש מסחרי.,1,,קיה:CARENS:2013:2019
F420301,מסנן מזגן STONIC / SOUL / SELTOS,,,KAMOKA,מסננים,,7.29,,GBP,1,,,,,,,,cabin_filter,,מקור: קטלוג מקוון לא רשמי (AUTODOC). לא לשימוש מסחרי.,1,,קיה:STONIC:2017:2026; קיה:SOUL:2019:2026; קיה:SELTOS:2019:2026
OP-FCF20170,מסנן מזגן STONIC / SOUL,,,OPTIMAL,מסננים,,21.99,,GBP,1,,,,,,,,cabin_filter,,מקור: קטלוג מקוון לא רשמי (AUTODOC). לא לשימוש מסחרי.,1,,קיה:STONIC:2017:2026; קיה:SOUL:2019:2026
DDF2925C,דיסק בלם קדמי CAMRY,,,FERODO,בלמים,,42.49,,GBP,1,,,,,,,,brake_disc_front,,מקור: קטלוג מקוון לא רשמי (AUTODOC). לא לשימוש מסחרי.,1,,טויוטה:CAMRY:2018:2026
09.D979.11,דיסק בלם קדמי CAMRY,,,BREMBO,בלמים,,48.49,,GBP,1,,,,,,,,brake_disc_front,,מקור: קטלוג מקוון לא רשמי (AUTODOC). לא לשימוש מסחרי.,1,,טויוטה:CAMRY:2018:2026
BG5117C,דיסק בלם קדמי CAMRY,,,DELPHI,בלמים,,54.49,,GBP,1,,,,,,,,brake_disc_front,,מקור: קטלוג מקוון לא רשמי (AUTODOC). לא לשימוש מסחרי.,1,,טויוטה:CAMRY:2018:2026
BR-9572-C,דיסק בלם קדמי CAMRY,,,KAVO PARTS,בלמים,,55.99,,GBP,1,,,,,,,,brake_disc_front,,מקור: קטלוג מקוון לא רשמי (AUTODOC). לא לשימוש מסחרי.,1,,טויוטה:CAMRY:2018:2026
4863105600,דיסק בלם קדמי CAMRY,,,JP GROUP,בלמים,,44.99,,GBP,1,,,,,,,,brake_disc_front,,מקור: קטלוג מקוון לא רשמי (AUTODOC). לא לשימוש מסחרי.,1,,טויוטה:CAMRY:2018:2026
108438,דיסק בלם קדמי STONIC,,,FEBI BILSTEIN,בלמים,,37.99,,GBP,1,,,,,,,,brake_disc_front,,מקור: קטלוג מקוון לא רשמי (AUTODOC). לא לשימוש מסחרי.,1,,קיה:STONIC:2017:2026
ADG043201,דיסק בלם קדמי STONIC,,,BLUE PRINT,בלמים,,41.99,,GBP,1,,,,,,,,brake_disc_front,,מקור: קטלוג מקוון לא רשמי (AUTODOC). לא לשימוש מסחרי.,1,,קיה:STONIC:2017:2026
28-15 521 0023/PD,דיסק בלם קדמי STONIC,,,MEYLE,בלמים,,48.49,,GBP,1,,,,,,,,brake_disc_front,,מקור: קטלוג מקוון לא רשמי (AUTODOC). לא לשימוש מסחרי.,1,,קיה:STONIC:2017:2026
BG4743C,דיסק בלם קדמי STONIC,,,DELPHI,בלמים,,37.49,,GBP,1,,,,,,,,brake_disc_front,,מקור: קטלוג מקוון לא רשמי (AUTODOC). לא לשימוש מסחרי.,1,,קיה:STONIC:2017:2026
09.D880.11,דיסק בלם קדמי STONIC,,,BREMBO,בלמים,,51.49,,GBP,1,,,,,,,,brake_disc_front,,מקור: קטלוג מקוון לא רשמי (AUTODOC). לא לשימוש מסחרי.,1,,קיה:STONIC:2017:2026
0 986 628 590,מסנן מזגן SOUL,,,BOSCH,מסננים,,21.49,,GBP,1,,,,,,,,cabin_filter,,מקור: קטלוג מקוון לא רשמי (AUTODOC). לא לשימוש מסחרי.,1,,קיה:SOUL:2019:2026
1 987 435 602,מסנן מזגן SOUL,,,BOSCH,מסננים,,16.99,,GBP,1,,,,,,,,cabin_filter,,מקור: קטלוג מקוון לא רשמי (AUTODOC). לא לשימוש מסחרי.,1,,קיה:SOUL:2019:2026
1 987 435 133,מסנן מזגן SOUL,,,BOSCH,מסננים,,12.99,,GBP,1,,,,,,,,cabin_filter,,מקור: קטלוג מקוון לא רשמי (AUTODOC). לא לשימוש מסחרי.,1,,קיה:SOUL:2019:2026
K 1409A,מסנן מזגן SOUL,,,FILTRON,מסננים,,9.99,,GBP,1,,,,,,,,cabin_filter,,מקור: קטלוג מקוון לא רשמי (AUTODOC). לא לשימוש מסחרי.,1,,קיה:SOUL:2019:2026
FAA-HY38,מסנן מזגן SOUL,,,JAPANPARTS,מסננים,,15.49,,GBP,1,,,,,,,,cabin_filter,,מקור: קטלוג מקוון לא רשמי (AUTODOC). לא לשימוש מסחרי.,1,,קיה:SOUL:2019:2026
E4961LC,מסנן מזגן SOUL,,,HENGST FILTER,מסננים,,14.49,,GBP,1,,,,,,,,cabin_filter,,מקור: קטלוג מקוון לא רשמי (AUTODOC). לא לשימוש מסחרי.,1,,קיה:SOUL:2019:2026
ADG02557,מסנן מזגן CARENS,,,BLUE PRINT,מסננים,,7.29,,GBP,1,,,,,,,,cabin_filter,,מקור: קטלוג מקוון לא רשמי (AUTODOC). לא לשימוש מסחרי.,1,,קיה:CARENS:2013:2019
32760,מסנן מזגן CARENS,,,FEBI BILSTEIN,מסננים,,6.99,,GBP,1,,,,,,,,cabin_filter,,מקור: קטלוג מקוון לא רשמי (AUTODOC). לא לשימוש מסחרי.,1,,קיה:CARENS:2013:2019
CCF0511,מסנן מזגן CARENS,,,CHAMPION,מסננים,,7.59,,GBP,1,,,,,,,,cabin_filter,,מקור: קטלוג מקוון לא רשמי (AUTODOC). לא לשימוש מסחרי.,1,,קיה:CARENS:2013:2019
LAK 447,מסנן מזגן CARENS / SELTOS,,,MAHLE,מסננים,,19.49,,GBP,1,,,,,,,,cabin_filter,,מקור: קטלוג מקוון לא רשמי (AUTODOC). לא לשימוש מסחרי.,1,,קיה:CARENS:2013:2019; קיה:SELTOS:2019:2026
CCF0186,מסנן מזגן CARENS,,,CHAMPION,מסננים,,9.29,,GBP,1,,,,,,,,cabin_filter,,מקור: קטלוג מקוון לא רשמי (AUTODOC). לא לשימוש מסחרי.,1,,קיה:CARENS:2013:2019
AHC360,מסנן מזגן CARENS,,,PURFLUX,מסננים,,12.99,,GBP,1,,,,,,,,cabin_filter,,מקור: קטלוג מקוון לא רשמי (AUTODOC). לא לשימוש מסחרי.,1,,קיה:CARENS:2013:2019
AH360,מסנן מזגן CARENS,,,PURFLUX,מסננים,,11.99,,GBP,1,,,,,,,,cabin_filter,,מקור: קטלוג מקוון לא רשמי (AUTODOC). לא לשימוש מסחרי.,1,,קיה:CARENS:2013:2019
350203064000,מסנן מזגן CARENS,,,MAGNETI MARELLI,מסננים,,9.29,,GBP,1,,,,,,,,cabin_filter,,מקור: קטלוג מקוון לא רשמי (AUTODOC). לא לשימוש מסחרי.,1,,קיה:CARENS:2013:2019
QFC0053,מסנן מזגן CARENS,,,QUINTON HAZELL,מסננים,,9.99,,GBP,1,,,,,,,,cabin_filter,,מקור: קטלוג מקוון לא רשמי (AUTODOC). לא לשימוש מסחרי.,1,,קיה:CARENS:2013:2019
21-HY-H28,מסנן מזגן CARENS,,,ASHIKA,מסננים,,15.49,,GBP,1,,,,,,,,cabin_filter,,מקור: קטלוג מקוון לא רשמי (AUTODOC). לא לשימוש מסחרי.,1,,קיה:CARENS:2013:2019
8ZC 366 120-441,מסנן מזגן CARENS,,,HELLA,מסננים,,9.99,,GBP,1,,,,,,,,cabin_filter,,מקור: קטלוג מקוון לא רשמי (AUTODOC). לא לשימוש מסחרי.,1,,קיה:CARENS:2013:2019
09.9928.14,דיסק בלם קדמי AYGO,,,BREMBO,בלמים,,36.49,,GBP,1,,,,,,,,brake_disc_front,,מקור: קטלוג מקוון לא רשמי (AUTODOC). לא לשימוש מסחרי.,1,,טויוטה:AYGO:2014:2022
24.0120-0180.1,דיסק בלם קדמי AYGO,,,ATE,בלמים,,38.99,,GBP,1,,,,,,,,brake_disc_front,,מקור: קטלוג מקוון לא רשמי (AUTODOC). לא לשימוש מסחרי.,1,,טויוטה:AYGO:2014:2022
DDF1527C,דיסק בלם קדמי AYGO,,,FERODO,בלמים,,25.99,,GBP,1,,,,,,,,brake_disc_front,,מקור: קטלוג מקוון לא רשמי (AUTODOC). לא לשימוש מסחרי.,1,,טויוטה:AYGO:2014:2022
30636,דיסק בלם קדמי AYGO,,,FEBI BILSTEIN,בלמים,,23.99,,GBP,1,,,,,,,,brake_disc_front,,מקור: קטלוג מקוון לא רשמי (AUTODOC). לא לשימוש מסחרי.,1,,טויוטה:AYGO:2014:2022
09.9928.11,דיסק בלם קדמי AYGO,,,BREMBO,בלמים,,38.99,,GBP,1,,,,,,,,brake_disc_front,,מקור: קטלוג מקוון לא רשמי (AUTODOC). לא לשימוש מסחרי.,1,,טויוטה:AYGO:2014:2022
ADT343198,דיסק בלם קדמי AYGO,,,BLUE PRINT,בלמים,,20.49,,GBP,1,,,,,,,,brake_disc_front,,מקור: קטלוג מקוון לא רשמי (AUTODOC). לא לשימוש מסחרי.,1,,טויוטה:AYGO:2014:2022
DF4469,דיסק בלם קדמי AYGO,,,TRW,בלמים,,28.99,,GBP,1,,,,,,,,brake_disc_front,,מקור: קטלוג מקוון לא רשמי (AUTODOC). לא לשימוש מסחרי.,1,,טויוטה:AYGO:2014:2022
562311JC,דיסק בלם קדמי AYGO,,,JURID,בלמים,,18.49,,GBP,1,,,,,,,,brake_disc_front,,מקור: קטלוג מקוון לא רשמי (AUTODOC). לא לשימוש מסחרי.,1,,טויוטה:AYGO:2014:2022
DDF1527,דיסק בלם קדמי AYGO,,,FERODO,בלמים,,20.99,,GBP,1,,,,,,,,brake_disc_front,,מקור: קטלוג מקוון לא רשמי (AUTODOC). לא לשימוש מסחרי.,1,,טויוטה:AYGO:2014:2022
11-15 521 0037/PD,דיסק בלם קדמי AYGO,,,MEYLE,בלמים,,28.49,,GBP,1,,,,,,,,brake_disc_front,,מקור: קטלוג מקוון לא רשמי (AUTODOC). לא לשימוש מסחרי.,1,,טויוטה:AYGO:2014:2022
92141903,דיסק בלם קדמי AYGO,,,TEXTAR,בלמים,,36.49,,GBP,1,,,,,,,,brake_disc_front,,מקור: קטלוג מקוון לא רשמי (AUTODOC). לא לשימוש מסחרי.,1,,טויוטה:AYGO:2014:2022
562311CH,דיסק בלם קדמי AYGO,,,CHAMPION,בלמים,,19.49,,GBP,1,,,,,,,,brake_disc_front,,מקור: קטלוג מקוון לא רשמי (AUTODOC). לא לשימוש מסחרי.,1,,טויוטה:AYGO:2014:2022
BG3976,דיסק בלם קדמי AYGO,,,DELPHI,בלמים,,21.49,,GBP,1,,,,,,,,brake_disc_front,,מקור: קטלוג מקוון לא רשמי (AUTODOC). לא לשימוש מסחרי.,1,,טויוטה:AYGO:2014:2022
11-15 521 0037,דיסק בלם קדמי AYGO,,,MEYLE,בלמים,,23.99,,GBP,1,,,,,,,,brake_disc_front,,מקור: קטלוג מקוון לא רשמי (AUTODOC). לא לשימוש מסחרי.,1,,טויוטה:AYGO:2014:2022
17591,דיסק בלם קדמי AYGO,,,A.B.S.,בלמים,,25.49,,GBP,1,,,,,,,,brake_disc_front,,מקור: קטלוג מקוון לא רשמי (AUTODOC). לא לשימוש מסחרי.,1,,טויוטה:AYGO:2014:2022
231-03-056,דיסק בלם קדמי AYGO,,,ABAKUS,בלמים,,24.99,,GBP,1,,,,,,,,brake_disc_front,,מקור: קטלוג מקוון לא רשמי (AUTODOC). לא לשימוש מסחרי.,1,,טויוטה:AYGO:2014:2022
P 83 172,רפידות בלם קדמיות CAMRY,,,BREMBO,בלמים,,49.49,,GBP,1,,,,,,,,brake_pads_front,,מקור: קטלוג מקוון לא רשמי (AUTODOC). לא לשימוש מסחרי.,1,,טויוטה:CAMRY:2018:2026
8DB 355 036-511,רפידות בלם קדמיות CAMRY,,,HELLA,בלמים,,27.49,,GBP,1,,,,,,,,brake_pads_front,,מקור: קטלוג מקוון לא רשמי (AUTODOC). לא לשימוש מסחרי.,1,,טויוטה:CAMRY:2018:2026
2276801,רפידות בלם קדמיות CAMRY,,,TEXTAR,בלמים,,39.99,,GBP,1,,,,,,,,brake_pads_front,,מקור: קטלוג מקוון לא רשמי (AUTODOC). לא לשימוש מסחרי.,1,,טויוטה:CAMRY:2018:2026
2533703,רפידות בלם קדמיות SOUL,,,TEXTAR,בלמים,,35.49,,GBP,1,,,,,,,,brake_pads_front,,מקור: קטלוג מקוון לא רשמי (AUTODOC). לא לשימוש מסחרי.,1,,קיה:SOUL:2019:2026
09.A532.11,דיסק בלם קדמי CARENS,,,BREMBO,בלמים,,50.99,,GBP,1,,,,,,,,brake_disc_front,,מקור: קטלוג מקוון לא רשמי (AUTODOC). לא לשימוש מסחרי.,1,,קיה:CARENS:2013:2019
24.0128-0256.1,דיסק בלם קדמי CARENS,,,ATE,בלמים,,59.99,,GBP,1,,,,,,,,brake_disc_front,,מקור: קטלוג מקוון לא רשמי (AUTODOC). לא לשימוש מסחרי.,1,,קיה:CARENS:2013:2019
31317,דיסק בלם קדמי CARENS,,,FEBI BILSTEIN,בלמים,,58.49,,GBP,1,,,,,,,,brake_disc_front,,מקור: קטלוג מקוון לא רשמי (AUTODOC). לא לשימוש מסחרי.,1,,קיה:CARENS:2013:2019
ADG043136,דיסק בלם קדמי CARENS,,,BLUE PRINT,בלמים,,39.99,,GBP,1,,,,,,,,brake_disc_front,,מקור: קטלוג מקוון לא רשמי (AUTODOC). לא לשימוש מסחרי.,1,,קיה:CARENS:2013:2019
DF6108S,דיסק בלם קדמי CARENS,,,TRW,בלמים,,39.49,,GBP,1,,,,,,,,brake_disc_front,,מקור: קטלוג מקוון לא רשמי (AUTODOC). לא לשימוש מסחרי.,1,,קיה:CARENS:2013:2019
09.A532.1X,דיסק בלם קדמי CARENS,,,BREMBO,בלמים,,78.99,,GBP,1,,,,,,,,brake_disc_front,,מקור: קטלוג מקוון לא רשמי (AUTODOC). לא לשימוש מסחרי.,1,,קיה:CARENS:2013:2019
09.A532.10,דיסק בלם קדמי CARENS,,,BREMBO,בלמים,,49.99,,GBP,1,,,,,,,,brake_disc_front,,מקור: קטלוג מקוון לא רשמי (AUTODOC). לא לשימוש מסחרי.,1,,קיה:CARENS:2013:2019
92166505,דיסק בלם קדמי CARENS,,,TEXTAR,בלמים,,56.49,,GBP,1,,,,,,,,brake_disc_front,,מקור: קטלוג מקוון לא רשמי (AUTODOC). לא לשימוש מסחרי.,1,,קיה:CARENS:2013:2019
3663101000,דיסק בלם קדמי CARENS,,,JP GROUP,בלמים,,44.99,,GBP,1,,,,,,,,brake_disc_front,,מקור: קטלוג מקוון לא רשמי (AUTODOC). לא לשימוש מסחרי.,1,,קיה:CARENS:2013:2019
H2029V,דיסק בלם קדמי CARENS,,,SAMKO,בלמים,,49.99,,GBP,1,,,,,,,,brake_disc_front,,מקור: קטלוג מקוון לא רשמי (AUTODOC). לא לשימוש מסחרי.,1,,קיה:CARENS:2013:2019
8DD 355 114-511,דיסק בלם קדמי CARENS,,,HELLA,בלמים,,39.99,,GBP,1,,,,,,,,brake_disc_front,,מקור: קטלוג מקוון לא רשמי (AUTODOC). לא לשימוש מסחרי.,1,,קיה:CARENS:2013:2019
09.9574.41,דיסק בלם קדמי SOUL,,,BREMBO,בלמים,,44.99,,GBP,1,,,,,,,,brake_disc_front,,מקור: קטלוג מקוון לא רשמי (AUTODOC). לא לשימוש מסחרי.,1,,קיה:SOUL:2019:2026
24.0126-0150.1,דיסק בלם קדמי SOUL,,,ATE,בלמים,,52.49,,GBP,1,,,,,,,,brake_disc_front,,מקור: קטלוג מקוון לא רשמי (AUTODOC). לא לשימוש מסחרי.,1,,קיה:SOUL:2019:2026
DDF1619,דיסק בלם קדמי SOUL,,,FERODO,בלמים,,33.99,,GBP,1,,,,,,,,brake_disc_front,,מקור: קטלוג מקוון לא רשמי (AUTODOC). לא לשימוש מסחרי.,1,,קיה:SOUL:2019:2026
31470,דיסק בלם קדמי SOUL,,,FEBI BILSTEIN,בלמים,,31.99,,GBP,1,,,,,,,,brake_disc_front,,מקור: קטלוג מקוון לא רשמי (AUTODOC). לא לשימוש מסחרי.,1,,קיה:SOUL:2019:2026
ADG043130,דיסק בלם קדמי SOUL,,,BLUE PRINT,בלמים,,31.49,,GBP,1,,,,,,,,brake_disc_front,,מקור: קטלוג מקוון לא רשמי (AUTODOC). לא לשימוש מסחרי.,1,,קיה:SOUL:2019:2026
DF4283,דיסק בלם קדמי SOUL,,,TRW,בלמים,,38.49,,GBP,1,,,,,,,,brake_disc_front,,מקור: קטלוג מקוון לא רשמי (AUTODOC). לא לשימוש מסחרי.,1,,קיה:SOUL:2019:2026
562625JC,דיסק בלם קדמי SOUL,,,JURID,בלמים,,29.49,,GBP,1,,,,,,,,brake_disc_front,,מקור: קטלוג מקוון לא רשמי (AUTODOC). לא לשימוש מסחרי.,1,,קיה:SOUL:2019:2026
09.9574.40,דיסק בלם קדמי SOUL,,,BREMBO,בלמים,,43.99,,GBP,1,,,,,,,,brake_disc_front,,מקור: קטלוג מקוון לא רשמי (AUTODOC). לא לשימוש מסחרי.,1,,קיה:SOUL:2019:2026
8DD 355 120-141,דיסק בלם קדמי SOUL,,,HELLA,בלמים,,34.99,,GBP,1,,,,,,,,brake_disc_front,,מקור: קטלוג מקוון לא רשמי (AUTODOC). לא לשימוש מסחרי.,1,,קיה:SOUL:2019:2026
P 30 070,רפידות בלם קדמיות CARENS,,,BREMBO,בלמים,,47.99,,GBP,1,,,,,,,,brake_pads_front,,מקור: קטלוג מקוון לא רשמי (AUTODOC). לא לשימוש מסחרי.,1,,קיה:CARENS:2013:2019
8DB 355 020-871,רפידות בלם קדמיות CARENS,,,HELLA,בלמים,,29.49,,GBP,1,,,,,,,,brake_pads_front,,מקור: קטלוג מקוון לא רשמי (AUTODOC). לא לשימוש מסחרי.,1,,קיה:CARENS:2013:2019
CCH9047,מצת AYGO,,,CHAMPION,הצתה,,8.29,,GBP,1,,,,,,,,spark_plug,,מקור: קטלוג מקוון לא רשמי (AUTODOC). לא לשימוש מסחרי.,1,,טויוטה:AYGO:2014:2022
IXUH22I,מצת AYGO,,,DENSO,הצתה,,10.99,,GBP,1,,,,,,,,spark_plug,,מקור: קטלוג מקוון לא רשמי (AUTODOC). לא לשימוש מסחרי.,1,,טויוטה:AYGO:2014:2022
VXUH22I,מצת AYGO,,,DENSO,הצתה,,14.49,,GBP,1,,,,,,,,spark_plug,,מקור: קטלוג מקוון לא רשמי (AUTODOC). לא לשימוש מסחרי.,1,,טויוטה:AYGO:2014:2022
Z515,מצת AYGO,,,BERU,הצתה,,11.49,,GBP,1,,,,,,,,spark_plug,,מקור: קטלוג מקוון לא רשמי (AUTODOC). לא לשימוש מסחרי.,1,,טויוטה:AYGO:2014:2022
7100014,מצת AYGO,,,KAMOKA,הצתה,,9.29,,GBP,1,,,,,,,,spark_plug,,מקור: קטלוג מקוון לא רשמי (AUTODOC). לא לשימוש מסחרי.,1,,טויוטה:AYGO:2014:2022
SXU22HPR9,מצת AYGO,,,DENSO,הצתה,,20.99,,GBP,1,,,,,,,,spark_plug,,מקור: קטלוג מקוון לא רשמי (AUTODOC). לא לשימוש מסחרי.,1,,טויוטה:AYGO:2014:2022
0 242 135 548,מצת CARENS,,,BOSCH,הצתה,,11.99,,GBP,1,,,,,,,,spark_plug,,מקור: קטלוג מקוון לא רשמי (AUTODOC). לא לשימוש מסחרי.,1,,קיה:CARENS:2013:2019
OE249,מצת CARENS,,,CHAMPION,הצתה,,13.49,,GBP,1,,,,,,,,spark_plug,,מקור: קטלוג מקוון לא רשמי (AUTODOC). לא לשימוש מסחרי.,1,,קיה:CARENS:2013:2019
1578,מצת SOUL,,,NGK,הצתה,,7.99,,GBP,1,,,,,,,,spark_plug,,מקור: קטלוג מקוון לא רשמי (AUTODOC). לא לשימוש מסחרי.,1,,קיה:SOUL:2019:2026
OE201/T10,מצת SOUL,,,CHAMPION,הצתה,,4.59,,GBP,1,,,,,,,,spark_plug,,מקור: קטלוג מקוון לא רשמי (AUTODOC). לא לשימוש מסחרי.,1,,קיה:SOUL:2019:2026
91450,מצת SOUL,,,NGK,הצתה,,7.99,,GBP,1,,,,,,,,spark_plug,,מקור: קטלוג מקוון לא רשמי (AUTODOC). לא לשימוש מסחרי.,1,,קיה:SOUL:2019:2026
Z362,מצת SOUL,,,BERU,הצתה,,3.99,,GBP,1,,,,,,,,spark_plug,,מקור: קטלוג מקוון לא רשמי (AUTODOC). לא לשימוש מסחרי.,1,,קיה:SOUL:2019:2026
8EH 188 708-521,מצת SOUL,,,HELLA,הצתה,,4.29,,GBP,1,,,,,,,,spark_plug,,מקור: קטלוג מקוון לא רשמי (AUTODOC). לא לשימוש מסחרי.,1,,קיה:SOUL:2019:2026
062610000038,מצת SOUL / SELTOS,,,MAGNETI MARELLI,הצתה,,4.29,,GBP,1,,,,,,,,spark_plug,,מקור: קטלוג מקוון לא רשמי (AUTODOC). לא לשימוש מסחרי.,1,,קיה:SOUL:2019:2026; קיה:SELTOS:2019:2026
8EH 358 238-451,מצת SOUL,,,HELLA,הצתה,,3.99,,GBP,1,,,,,,,,spark_plug,,מקור: קטלוג מקוון לא רשמי (AUTODOC). לא לשימוש מסחרי.,1,,קיה:SOUL:2019:2026
7090545,מצת SOUL,,,KAMOKA,הצתה,,6.29,,GBP,1,,,,,,,,spark_plug,,מקור: קטלוג מקוון לא רשמי (AUTODOC). לא לשימוש מסחרי.,1,,קיה:SOUL:2019:2026
FDB1790G,רפידות בלם קדמיות AYGO,,,FERODO,בלמים,,28.99,,GBP,1,,,,,,,,brake_pads_front,,מקור: קטלוג מקוון לא רשמי (AUTODOC). לא לשימוש מסחרי.,1,,טויוטה:AYGO:2014:2022
301718,רפידות בלם קדמיות AYGO,,,VALEO,בלמים,,17.49,,GBP,1,,,,,,,,brake_pads_front,,מקור: קטלוג מקוון לא רשמי (AUTODOC). לא לשימוש מסחרי.,1,,טויוטה:AYGO:2014:2022
2395901,רפידות בלם קדמיות AYGO,,,TEXTAR,בלמים,,33.99,,GBP,1,,,,,,,,brake_pads_front,,מקור: קטלוג מקוון לא רשמי (AUTODOC). לא לשימוש מסחרי.,1,,טויוטה:AYGO:2014:2022
573135J,רפידות בלם קדמיות AYGO,,,JURID,בלמים,,18.99,,GBP,1,,,,,,,,brake_pads_front,,מקור: קטלוג מקוון לא רשמי (AUTODOC). לא לשימוש מסחרי.,1,,טויוטה:AYGO:2014:2022
301718A,רפידות בלם קדמיות AYGO,,,VALEO,בלמים,,17.99,,GBP,1,,,,,,,,brake_pads_front,,מקור: קטלוג מקוון לא רשמי (AUTODOC). לא לשימוש מסחרי.,1,,טויוטה:AYGO:2014:2022
402B0039,רפידות בלם קדמיות SPORTAGE,,,RIDEX,בלמים,,18.99,,GBP,1,,,,,,,,brake_pads_front,,מקור: קטלוג מקוון לא רשמי (AUTODOC). לא לשימוש מסחרי.,1,,קיה:SPORTAGE:2015:2022:G4KJ
402B0685P,רפידות בלם קדמיות COROLLA,,,RIDEX PLUS,בלמים,,24.49,,GBP,1,,,,,,,,brake_pads_front,,מקור: קטלוג מקוון לא רשמי (AUTODOC). לא לשימוש מסחרי.,1,,טויוטה:COROLLA:2013:2019:2ZR-FAE
DF6497S,דיסק בלם קדמי SPORTAGE,,,TRW,בלמים,,59.99,,GBP,1,,,,,,,,brake_disc_front,,מקור: קטלוג מקוון לא רשמי (AUTODOC). לא לשימוש מסחרי.,1,,קיה:SPORTAGE:2015:2022:G4KJ
0 451 103 316,מסנן שמן SELTOS,,,BOSCH,מסננים,,7.99,,GBP,1,,,,,,,,oil_filter,,מקור: קטלוג מקוון לא רשמי (AUTODOC). לא לשימוש מסחרי.,1,,קיה:SELTOS:2019:2026
F 026 407 124,מסנן שמן SELTOS,,,BOSCH,מסננים,,6.29,,GBP,1,,,,,,,,oil_filter,,מקור: קטלוג מקוון לא רשמי (AUTODOC). לא לשימוש מסחרי.,1,,קיה:SELTOS:2019:2026
LAK 812,מסנן מזגן MX-5,,,MAHLE,מסננים,,39.49,,GBP,1,,,,,,,,cabin_filter,,מקור: קטלוג מקוון לא רשמי (AUTODOC). לא לשימוש מסחרי.,1,,מאזדה:MX-5:2015:2026
26-2438,מסנן אוויר MX-5,,,MAXGEAR,מסננים,,14.99,,GBP,1,,,,,,,,air_filter,,מקור: קטלוג מקוון לא רשמי (AUTODOC). לא לשימוש מסחרי.,1,,מאזדה:MX-5:2015:2026
LS350,מסנן שמן SELTOS,,,PURFLUX,מסננים,,7.29,,GBP,1,,,,,,,,oil_filter,,מקור: קטלוג מקוון לא רשמי (AUTODOC). לא לשימוש מסחרי.,1,,קיה:SELTOS:2019:2026
FT5407,מסנן שמן SELTOS,,,MAHLE,מסננים,,12.49,,GBP,1,,,,,,,,oil_filter,,מקור: קטלוג מקוון לא רשמי (AUTODOC). לא לשימוש מסחרי.,1,,קיה:SELTOS:2019:2026
OP 61,מסנן שמן SELTOS,,,JAPANPARTS,מסננים,,6.59,,GBP,1,,,,,,,,oil_filter,,מקור: קטלוג מקוון לא רשמי (AUTODOC). לא לשימוש מסחרי.,1,,קיה:SELTOS:2019:2026
C 24 0,מסנן אוויר SELTOS,,,HENGST FILTER,מסננים,,14.49,,GBP,1,,,,,,,,air_filter,,מקור: קטלוג מקוון לא רשמי (AUTODOC). לא לשימוש מסחרי.,1,,קיה:SELTOS:2019:2026
ADG022135,מסנן אוויר SELTOS,,,FILTRON,מסננים,,7.59,,GBP,1,,,,,,,,air_filter,,מקור: קטלוג מקוון לא רשמי (AUTODOC). לא לשימוש מסחרי.,1,,קיה:SELTOS:2019:2026
184410,מסנן אוויר SELTOS,,,BLUE PRINT,מסננים,,7.59,,GBP,1,,,,,,,,air_filter,,מקור: קטלוג מקוון לא רשמי (AUTODOC). לא לשימוש מסחרי.,1,,קיה:SELTOS:2019:2026
30.A21.00,מסנן אוויר SELTOS,,,QUINTON HAZELL,מסננים,,14.49,,GBP,1,,,,,,,,air_filter,,מקור: קטלוג מקוון לא רשמי (AUTODOC). לא לשימוש מסחרי.,1,,קיה:SELTOS:2019:2026
E1355L,מסנן אוויר SELTOS,,,UFI,מסננים,,13.49,,GBP,1,,,,,,,,air_filter,,מקור: קטלוג מקוון לא רשמי (AUTODOC). לא לשימוש מסחרי.,1,,קיה:SELTOS:2019:2026
ADG022115,מסנן אוויר SELTOS,,,HENGST FILTER,מסננים,,10.49,,GBP,1,,,,,,,,air_filter,,מקור: קטלוג מקוון לא רשמי (AUTODOC). לא לשימוש מסחרי.,1,,קיה:SELTOS:2019:2026
184065,מסנן אוויר SELTOS,,,BLUE PRINT,מסננים,,10.99,,GBP,1,,,,,,,,air_filter,,מקור: קטלוג מקוון לא רשמי (AUTODOC). לא לשימוש מסחרי.,1,,קיה:SELTOS:2019:2026
PUR-PA7085,מסנן אוויר SELTOS,,,FEBI BILSTEIN,מסננים,,17.49,,GBP,1,,,,,,,,air_filter,,מקור: קטלוג מקוון לא רשמי (AUTODOC). לא לשימוש מסחרי.,1,,קיה:SELTOS:2019:2026
10-03-313,מסנן שמן MX-5,,,COOPERSFIAAM FILTERS,מסננים,,5.59,,GBP,1,,,,,,,,oil_filter,,מקור: קטלוג מקוון לא רשמי (AUTODOC). לא לשימוש מסחרי.,1,,מאזדה:MX-5:2015:2026
OP 59,מסנן שמן MX-5,,,JC PREMIUM,מסננים,,8.29,,GBP,1,,,,,,,,oil_filter,,מקור: קטלוג מקוון לא רשמי (AUTODOC). לא לשימוש מסחרי.,1,,מאזדה:MX-5:2015:2026
J1340519,מסנן מזגן SELTOS,,,HENGST FILTER,מסננים,,8.59,,GBP,1,,,,,,,,cabin_filter,,מקור: קטלוג מקוון לא רשמי (AUTODOC). לא לשימוש מסחרי.,1,,קיה:SELTOS:2019:2026
F 026 400 666,מסנן אוויר MX-5,,,MAHLE,מסננים,,13.99,,GBP,1,,,,,,,,air_filter,,מקור: קטלוג מקוון לא רשמי (AUTODOC). לא לשימוש מסחרי.,1,,מאזדה:MX-5:2015:2026
A1997,מסנן אוויר MX-5,,,MAHLE,מסננים,,12.49,,GBP,1,,,,,,,,air_filter,,מקור: קטלוג מקוון לא רשמי (AUTODOC). לא לשימוש מסחרי.,1,,מאזדה:MX-5:2015:2026
ADM52267,מסנן אוויר MX-5,,,PURFLUX,מסננים,,12.99,,GBP,1,,,,,,,,air_filter,,מקור: קטלוג מקוון לא רשמי (AUTODOC). לא לשימוש מסחרי.,1,,מאזדה:MX-5:2015:2026
176333,מסנן אוויר MX-5,,,BLUE PRINT,מסננים,,11.99,,GBP,1,,,,,,,,air_filter,,מקור: קטלוג מקוון לא רשמי (AUTODOC). לא לשימוש מסחרי.,1,,מאזדה:MX-5:2015:2026
20-03-348,מסנן אוויר MX-5,,,FEBI BILSTEIN,מסננים,,14.49,,GBP,1,,,,,,,,air_filter,,מקור: קטלוג מקוון לא רשמי (AUTODOC). לא לשימוש מסחרי.,1,,מאזדה:MX-5:2015:2026
30.D24.00,מסנן אוויר MX-5,,,ASHIKA,מסננים,,10.99,,GBP,1,,,,,,,,air_filter,,מקור: קטלוג מקוון לא רשמי (AUTODOC). לא לשימוש מסחרי.,1,,מאזדה:MX-5:2015:2026
E1564L,מסנן אוויר MX-5,,,UFI,מסננים,,12.49,,GBP,1,,,,,,,,air_filter,,מקור: קטלוג מקוון לא רשמי (AUTODOC). לא לשימוש מסחרי.,1,,מאזדה:MX-5:2015:2026
N1323071,מסנן אוויר MX-5,,,HENGST FILTER,מסננים,,18.49,,GBP,1,,,,,,,,air_filter,,מקור: קטלוג מקוון לא רשמי (AUTODOC). לא לשימוש מסחרי.,1,,מאזדה:MX-5:2015:2026
8ZA 366 132-671,מסנן אוויר MX-5,,,NIPPARTS,מסננים,,11.99,,GBP,1,,,,,,,,air_filter,,מקור: קטלוג מקוון לא רשמי (AUTODOC). לא לשימוש מסחרי.,1,,מאזדה:MX-5:2015:2026
FAF-MZ-085,מסנן אוויר MX-5,,,HELLA,מסננים,,7.29,,GBP,1,,,,,,,,air_filter,,מקור: קטלוג מקוון לא רשמי (AUTODOC). לא לשימוש מסחרי.,1,,מאזדה:MX-5:2015:2026
GCH0515,מסנן אוויר MX-5,,,NTY,מסננים,,18.49,,GBP,1,,,,,,,,air_filter,,מקור: קטלוג מקוון לא רשמי (AUTODOC). לא לשימוש מסחרי.,1,,מאזדה:MX-5:2015:2026
BFA2634,מסנן אוויר MX-5,,,BORG & BECK,מסננים,,12.49,,GBP,1,,,,,,,,air_filter,,מקור: קטלוג מקוון לא רשמי (AUTODOC). לא לשימוש מסחרי.,1,,מאזדה:MX-5:2015:2026
AP 115/3,מסנן אוויר MX-5,,,BORG & BECK,מסננים,,12.99,,GBP,1,,,,,,,,air_filter,,מקור: קטלוג מקוון לא רשמי (AUTODOC). לא לשימוש מסחרי.,1,,מאזדה:MX-5:2015:2026
QFA1125,מסנן אוויר MX-5,,,MAXGEAR,מסננים,,14.49,,GBP,1,,,,,,,,air_filter,,מקור: קטלוג מקוון לא רשמי (AUTODOC). לא לשימוש מסחרי.,1,,מאזדה:MX-5:2015:2026
4912,מצת MX-5,,,NGK,הצתה,,16.49,,GBP,1,,,,,,,,spark_plug,,מקור: קטלוג מקוון לא רשמי (AUTODOC). לא לשימוש מסחרי.,1,,מאזדה:MX-5:2015:2026
224019372R,מצת MX-5,,,KAMOKA,הצתה,,12.49,,GBP,1,,,,,,,,spark_plug,,מקור: קטלוג מקוון לא רשמי (AUTODOC). לא לשימוש מסחרי.,1,,מאזדה:MX-5:2015:2026
FDB1894,רפידות בלם קדמיות MX-5,,,FERODO,בלמים,,34.49,,GBP,1,,,,,,,,brake_pads_front,,מקור: קטלוג מקוון לא רשמי (AUTODOC). לא לשימוש מסחרי.,1,,מאזדה:MX-5:2015:2026
0 986 494 190,רפידות בלם קדמיות MX-5,,,BOSCH,בלמים,,24.49,,GBP,1,,,,,,,,brake_pads_front,,מקור: קטלוג מקוון לא רשמי (AUTODOC). לא לשימוש מסחרי.,1,,מאזדה:MX-5:2015:2026
P 30 093,רפידות בלם קדמיות SELTOS,,,BREMBO,בלמים,,41.49,,GBP,1,,,,,,,,brake_pads_front,,מקור: קטלוג מקוון לא רשמי (AUTODOC). לא לשימוש מסחרי.,1,,קיה:SELTOS:2019:2026
P 30 093X,רפידות בלם קדמיות SELTOS,,,BREMBO,בלמים,,64.49,,GBP,1,,,,,,,,brake_pads_front,,מקור: קטלוג מקוון לא רשמי (AUTODOC). לא לשימוש מסחרי.,1,,קיה:SELTOS:2019:2026
302476,רפידות בלם קדמיות SELTOS,,,VALEO,בלמים,,28.49,,GBP,1,,,,,,,,brake_pads_front,,מקור: קטלוג מקוון לא רשמי (AUTODOC). לא לשימוש מסחרי.,1,,קיה:SELTOS:2019:2026
0 986 479 E56,דיסק בלם קדמי MX-5,,,BOSCH,בלמים,,36.49,,GBP,1,,,,,,,,brake_disc_front,,מקור: קטלוג מקוון לא רשמי (AUTODOC). לא לשימוש מסחרי.,1,,מאזדה:MX-5:2015:2026
0 242 135 556,מצת SELTOS,,,NGK,הצתה,,7.99,,GBP,1,,,,,,,,spark_plug,,מקור: קטלוג מקוון לא רשמי (AUTODOC). לא לשימוש מסחרי.,1,,קיה:SELTOS:2019:2026
0 242 135 564,מצת SORENTO,,,BOSCH,הצתה,,10.99,,GBP,1,,,,,,,,spark_plug,,מקור: קטלוג מקוון לא רשמי (AUTODOC). לא לשימוש מסחרי.,1,,קיה:SORENTO:2020:2026
95077,מצת SORENTO,,,NGK,הצתה,,19.99,,GBP,1,,,,,,,,spark_plug,,מקור: קטלוג מקוון לא רשמי (AUTODOC). לא לשימוש מסחרי.,1,,קיה:SORENTO:2020:2026
1496,מצת SORENTO,,,CHAMPION,הצתה,,10.99,,GBP,1,,,,,,,,spark_plug,,מקור: קטלוג מקוון לא רשמי (AUTODOC). לא לשימוש מסחרי.,1,,קיה:SORENTO:2020:2026
0 242 236 571,מצת SORENTO,,,BOSCH,הצתה,,10.49,,GBP,1,,,,,,,,spark_plug,,מקור: קטלוג מקוון לא רשמי (AUTODOC). לא לשימוש מסחרי.,1,,קיה:SORENTO:2020:2026
0 242 140 515,מצת SORENTO,,,BOSCH,הצתה,,11.99,,GBP,1,,,,,,,,spark_plug,,מקור: קטלוג מקוון לא רשמי (AUTODOC). לא לשימוש מסחרי.,1,,קיה:SORENTO:2020:2026
CUK 23 024,מסנן מזגן SORENTO,,,MANN-FILTER,מסננים,,19.49,,GBP,1,,,,,,,,cabin_filter,,מקור: קטלוג מקוון לא רשמי (AUTODOC). לא לשימוש מסחרי.,1,,קיה:SORENTO:2020:2026
FP 23 024,מסנן מזגן SORENTO,,,MANN-FILTER,מסננים,,24.49,,GBP,1,,,,,,,,cabin_filter,,מקור: קטלוג מקוון לא רשמי (AUTODOC). לא לשימוש מסחרי.,1,,קיה:SORENTO:2020:2026
J1340325,מסנן מזגן SORENTO,,,BLUE PRINT,מסננים,,11.49,,GBP,1,,,,,,,,cabin_filter,,מקור: קטלוג מקוון לא רשמי (AUTODOC). לא לשימוש מסחרי.,1,,קיה:SORENTO:2020:2026
37-12 320 0024,מסנן מזגן SORENTO,,,MEYLE,מסננים,,25.99,,GBP,1,,,,,,,,cabin_filter,,מקור: קטלוג מקוון לא רשמי (AUTODOC). לא לשימוש מסחרי.,1,,קיה:SORENTO:2020:2026
K 1444A,מסנן מזגן SORENTO,,,FILTRON,מסננים,,15.99,,GBP,1,,,,,,,,cabin_filter,,מקור: קטלוג מקוון לא רשמי (AUTODOC). לא לשימוש מסחרי.,1,,קיה:SORENTO:2020:2026
QFC0584,מסנן מזגן SORENTO,,,BOSCH,מסננים,,14.49,,GBP,1,,,,,,,,cabin_filter,,מקור: קטלוג מקוון לא רשמי (AUTODOC). לא לשימוש מסחרי.,1,,קיה:SORENTO:2020:2026
E6990LI,מסנן מזגן SORENTO,,,QUINTON HAZELL,מסננים,,14.49,,GBP,1,,,,,,,,cabin_filter,,מקור: קטלוג מקוון לא רשמי (AUTODOC). לא לשימוש מסחרי.,1,,קיה:SORENTO:2020:2026
26-2616,מסנן מזגן SORENTO,,,HENGST FILTER,מסננים,,25.99,,GBP,1,,,,,,,,cabin_filter,,מקור: קטלוג מקוון לא רשמי (AUTODOC). לא לשימוש מסחרי.,1,,קיה:SORENTO:2020:2026
E6990LC,מסנן מזגן SORENTO,,,MAXGEAR,מסננים,,18.49,,GBP,1,,,,,,,,cabin_filter,,מקור: קטלוג מקוון לא רשמי (AUTODOC). לא לשימוש מסחרי.,1,,קיה:SORENTO:2020:2026
CC0245,מסנן מזגן SORENTO,,,DENSO,מסננים,,14.49,,GBP,1,,,,,,,,cabin_filter,,מקור: קטלוג מקוון לא רשמי (AUTODOC). לא לשימוש מסחרי.,1,,קיה:SORENTO:2020:2026
BFC1472,מסנן מזגן SORENTO,,,BORG & BECK,מסננים,,28.49,,GBP,1,,,,,,,,cabin_filter,,מקור: קטלוג מקוון לא רשמי (AUTODOC). לא לשימוש מסחרי.,1,,קיה:SORENTO:2020:2026
DVF5089,מסנן מזגן SORENTO,,,BORG & BECK,מסננים,,22.99,,GBP,1,,,,,,,,cabin_filter,,מקור: קטלוג מקוון לא רשמי (AUTODOC). לא לשימוש מסחרי.,1,,קיה:SORENTO:2020:2026
VOL-68438/K,מסנן מזגן SORENTO,,,VOLLER FILTERS,מסננים,,14.99,,GBP,1,,,,,,,,cabin_filter,,מקור: קטלוג מקוון לא רשמי (AUTODOC). לא לשימוש מסחרי.,1,,קיה:SORENTO:2020:2026
C 25 129,מסנן אוויר SORENTO,,,ACKOJA,מסננים,,19.,,GBP,1,,,,,,,,air_filter,,מקור: קטלוג מקוון לא רשמי (AUTODOC). לא לשימוש מסחרי.,1,,קיה:SORENTO:2020:2026
ADBP220088,מסנן אוויר SORENTO,,,QUINTON HAZELL,מסננים,,16.99,,GBP,1,,,,,,,,air_filter,,מקור: קטלוג מקוון לא רשמי (AUTODOC). לא לשימוש מסחרי.,1,,קיה:SORENTO:2020:2026
J1320346,מסנן אוויר SORENTO,,,BLUE PRINT,מסננים,,16.99,,GBP,1,,,,,,,,air_filter,,מקור: קטלוג מקוון לא רשמי (AUTODOC). לא לשימוש מסחרי.,1,,קיה:SORENTO:2020:2026
E2178L,מסנן אוויר SORENTO,,,HERTH+BUSS JAKOPARTS,מסננים,,16.99,,GBP,1,,,,,,,,air_filter,,מקור: קטלוג מקוון לא רשמי (AUTODOC). לא לשימוש מסחרי.,1,,קיה:SORENTO:2020:2026
8ZA 366 136-521,מסנן אוויר SORENTO,,,HELLA,מסננים,,13.49,,GBP,1,,,,,,,,air_filter,,מקור: קטלוג מקוון לא רשמי (AUTODOC). לא לשימוש מסחרי.,1,,קיה:SORENTO:2020:2026
FAF-HY-556,מסנן אוויר SORENTO,,,HELLA,מסננים,,9.59,,GBP,1,,,,,,,,air_filter,,מקור: קטלוג מקוון לא רשמי (AUTODOC). לא לשימוש מסחרי.,1,,קיה:SORENTO:2020:2026
CA0581,מסנן אוויר SORENTO,,,MAGNETI MARELLI,מסננים,,14.49,,GBP,1,,,,,,,,air_filter,,מקור: קטלוג מקוון לא רשמי (AUTODOC). לא לשימוש מסחרי.,1,,קיה:SORENTO:2020:2026
LVFA1760,מסנן אוויר SORENTO,,,MOTAQUIP,מסננים,,18.49,,GBP,1,,,,,,,,air_filter,,מקור: קטלוג מקוון לא רשמי (AUTODOC). לא לשימוש מסחרי.,1,,קיה:SORENTO:2020:2026
F 026 400 847,מסנן אוויר SORENTO,,,HENGST FILTER,מסננים,,13.49,,GBP,1,,,,,,,,air_filter,,מקור: קטלוג מקוון לא רשמי (AUTODOC). לא לשימוש מסחרי.,1,,קיה:SORENTO:2020:2026
ADBP430236,דיסק בלם קדמי SORENTO,,,BLUE PRINT,בלמים,,49.99,,GBP,1,,,,,,,,brake_disc_front,,מקור: קטלוג מקוון לא רשמי (AUTODOC). לא לשימוש מסחרי.,1,,קיה:SORENTO:2020:2026
ADBP430235,דיסק בלם קדמי SORENTO,,,BLUE PRINT,בלמים,,50.99,,GBP,1,,,,,,,,brake_disc_front,,מקור: קטלוג מקוון לא רשמי (AUTODOC). לא לשימוש מסחרי.,1,,קיה:SORENTO:2020:2026
196890,דיסק בלם קדמי SORENTO,,,FEBI BILSTEIN,בלמים,,50.99,,GBP,1,,,,,,,,brake_disc_front,,מקור: קטלוג מקוון לא רשמי (AUTODOC). לא לשימוש מסחרי.,1,,קיה:SORENTO:2020:2026
ADBP210103,מסנן שמן SORENTO,,,BLUE PRINT,מסננים,,14.49,,GBP,1,,,,,,,,oil_filter,,מקור: קטלוג מקוון לא רשמי (AUTODOC). לא לשימוש מסחרי.,1,,קיה:SORENTO:2020:2026
180329,מסנן שמן SORENTO,,,FEBI BILSTEIN,מסננים,,10.99,,GBP,1,,,,,,,,oil_filter,,מקור: קטלוג מקוון לא רשמי (AUTODOC). לא לשימוש מסחרי.,1,,קיה:SORENTO:2020:2026
J1310522,מסנן שמן SORENTO,,,MAHLE,מסננים,,11.49,,GBP,1,,,,,,,,oil_filter,,מקור: קטלוג מקוון לא רשמי (AUTODOC). לא לשימוש מסחרי.,1,,קיה:SORENTO:2020:2026
QFL0438,מסנן שמן SORENTO,,,HERTH+BUSS JAKOPARTS,מסננים,,12.99,,GBP,1,,,,,,,,oil_filter,,מקור: קטלוג מקוון לא רשמי (AUTODOC). לא לשימוש מסחרי.,1,,קיה:SORENTO:2020:2026
FOF-HY-514,מסנן שמן SORENTO,,,NTY,מסננים,,8.29,,GBP,1,,,,,,,,oil_filter,,מקור: קטלוג מקוון לא רשמי (AUTODOC). לא לשימוש מסחרי.,1,,קיה:SORENTO:2020:2026
VOL-68720,מסנן שמן SORENTO,,,NTY,מסננים,,16.49,,GBP,1,,,,,,,,oil_filter,,מקור: קטלוג מקוון לא רשמי (AUTODOC). לא לשימוש מסחרי.,1,,קיה:SORENTO:2020:2026
HP-7061,מסנן שמן SORENTO,,,VOLLER FILTERS,מסננים,,16.49,,GBP,1,,,,,,,,oil_filter,,מקור: קטלוג מקוון לא רשמי (AUTODOC). לא לשימוש מסחרי.,1,,קיה:SORENTO:2020:2026
153071762801,מסנן שמן SORENTO,,,MAGNETI MARELLI,מסננים,,9.29,,GBP,1,,,,,,,,oil_filter,,מקור: קטלוג מקוון לא רשמי (AUTODOC). לא לשימוש מסחרי.,1,,קיה:SORENTO:2020:2026
13.0470-5559.2,רפידות בלם קדמיות SORENTO,,,ATE,בלמים,,61.99,,GBP,1,,,,,,,,brake_pads_front,,מקור: קטלוג מקוון לא רשמי (AUTODOC). לא לשימוש מסחרי.,1,,קיה:SORENTO:2020:2026
8DB 355 044-331,רפידות בלם קדמיות SORENTO,,,HELLA,בלמים,,43.49,,GBP,1,,,,,,,,brake_pads_front,,מקור: קטלוג מקוון לא רשמי (AUTODOC). לא לשימוש מסחרי.,1,,קיה:SORENTO:2020:2026
